点赞数,评论者,评论时间,评论位置,评论内容,评论类型
114,小木独钓寒江雪,2017-04-09 15:20:44,,"这种作品永远是历史地位大于美学地位。
“现在是1977年的春天”啊。",P
61,某芯禾,2018-05-16 18:05:05,,谢慧敏这种类型才是最可怕的吧。一直到今天 积极又坚定但是眼界狭窄 浑不自知的人 才是我觉得最难拯救的。。,P
32,彼得潘耶夫斯基,2013-06-20 23:46:17,,”张老师实在太平凡了。他今年三十六岁，中等身材，稍微有点发胖。他的衣裤都明显地旧了，但非常整洁，每一个纽扣都扣得规规矩矩，连制服外套的风纪扣，也一丝不苟地扣着。“——小时候在好句好段词典中见到这句，原来来自这里啊，俩字，呵呵,P
24,匿,2014-08-07 11:06:24,,伤痕文学代表作。,P
20,月已馳兮,2011-06-26 00:15:09,,苍白无力又满怀激情……,P
10,渌水棠,2010-11-30 21:04:47,,小说的好坏评价不能纵向对照，一定要放在特定的历史时期,P
12,王二,2017-04-15 22:41:25,,文学史价值大于文字本身。,P
10,次非,2013-06-19 05:09:34,,这不是文学。,P
8,夏日扬帆,2012-02-13 11:20:34,,结尾结的好小学生作文啊……故事发生在那个年代，这个切入点其实是很有意思的,P
6,野原新之助,2016-12-06 13:58:37,,伤痕文学的发轫之作，文革结束时的控诉。,P
5,凉茶,2013-03-03 12:41:56,,"资产阶级标榜""自由、平等、博爱""，讲究""个人奋斗""、""成名成家""，用虚伪的""人性论""掩盖他们追求剥削、压迫的罪行。资产阶级的典型思想之一是""知识即力量""，而宋宝琦于资分阶级在上升阶段的那些个思想观点，他头脑里并不多甚至没有，他有的反倒是封建时代的""哥儿们义气""以及资产阶级在没落阶段的享乐主义一类的反动思想影响。",P
10,麦克默多的浮冰,2017-10-18 20:21:04,,这都能被奉为经典，实在是白话文写作断崖式堕落。一种“政治腔”的全面渗透与改造，不过是迎合新的主流意识形态去否定旧的主流，才能暴得大名。“是谁造成的？”“当然是——‘四人帮’！”小学生作文句法。中国文学真不容易啊……,P
7,且耐清贫读我书,2019-12-05 21:17:30,,张老师这样的好老师现在少见了，谢惠敏那样早熟的班干部到时越来越多,P
2,刘小黛,2011-05-14 13:06:45,,四人帮,P
3,德特林•卡特,2023-12-11 12:28:20,山西,特定时代的畸形儿，历史价值远高于文学价值，伤痕牢牢刻在他们的心上。他们从相信一个谎言到相信另一个谎言，从旧权威的口舌变为新权威的口舌，二元对立的思考范式究竟戕害了多少人。,P
2,虚心若愚,2024-08-04 22:26:31,安徽,刘心武《班主任》的位置更像是他笔下的谢慧敏。简单的历史清算，谨慎小心的处理群众的负面，耐心地切割出四人帮的遗毒和新中国的纯净，并且重提“救救孩子”，指向封建。时刻显示出某种叙述的不自信，于是大量的叙述者现形，像引导孩子一样引导读者——但也许也是一种形式的创新。《绿叶》已经指向了集体主义，稍微往前多挪了一步。,P
4,lucaisyoung,2012-10-08 13:32:37,,四人帮倒台，那时候的文章，虽然可以批判四人帮，但是还是不能质疑毛主席。刘心武成名作。不值一看,P
2,Knompono,2020-04-16 13:46:24,,"就这就这？？？
“第一声人道主义的呼喊”？？？
我想象中的呼喊应该像鲁迅先生的文字那样深刻有力。
历史内容＞文学性",P
1,ztlpoppy,2012-04-08 03:48:28,,伤痕文学。,P
2,莱尼圆,2011-05-22 17:05:26,,尽管语言粗陋不堪，主题思想过时，但特定时代的特定产物有着特定意的义~,P
4,渡渡,2011-12-18 16:41:16,,不够勇敢的文字,P
1,翔子,2012-10-04 19:43:25,,该作品为刘心武的成名作，开#伤痕文学#之先声，被认为是新时期文学的发轫作，有必要读一下。。。刘心武擅长青年题材，善于作理性的宏观把握，小说多具有社会思考的色彩，推荐阅读。,P
2,卡祖笛照常升起,2024-04-02 01:03:41,中国香港,惊掉下巴，这是哪门子伤痕文学？集政治腔之大成，完全是意识形态的喉舌，从一个谎言到另一个谎言，一切都怪gang of four😅,P
3,里昂的浪🌊,2019-11-16 18:00:54,,重新读。,P
2,小重山行人,2018-01-20 14:30:48,,略稚嫩 但有感情,P
1,負里,2022-05-03 15:20:49,,文筆太差。《班主任》的謝惠敏和朱天文的謝惠蘭總引發我的一些奇怪聯想。「馬克思主義」老太太（笑）,P
1,蓝慕柔,2015-08-09 22:54:13,,正直的让人热血沸腾……感谢这位好班主任 ⊙▽⊙幸亏世上还有这样的班主任 ⊙▽⊙,P
1,李斜陽,2022-10-08 15:18:12,中国香港,将历史伤痕“合法化”的典型文本。将历史的伤害归因于少数政治群体的“犯上作乱”因而得以将历史反思问题简单归因于某群体的迫害，简直是再简单没有的“合法化”途径了。而文学史也选择了这类扩音器式的文本，用它们来作为坐标，标定历史前进的大方向。由于与社会政治主导力量的“思想解放”和“改革开放”取向，以及乐观主义的信念相一致，因而最有机会通过政治思想工作，新闻，教育等系统在亿万读者中顺利传诵。,P
1,富康✌🏻,2022-04-09 12:24:22,,果然是1977年的小说么，确实有一股大字报味儿，就是 自己写的东西生怕大家看不懂（据说刘心武之前当过老师）。 极其直白，没甚美感，是故意用这种文字风格写作的吗？ 待我先读了《钟鼓楼》再来评定刘的文字水平吧。,P
0,茶麗壹世,2010-10-31 22:30:50,,哇塞~偶添加的耶~,P
2,都可可,2019-03-17 20:17:43,,"1.宋宝琦 受文革思想荼毒不相信知识以至于堕入无知 
2.张俊石 班主任
3.谢惠敏 团支书 收到文革思想隐形荼毒的好学生 表面上思想纯洁正派 其实丧失了独立思考的能力 动不动就搞阶级对立 
“达磊，现在是一九七七年的春天，这是多么美好、多么幸福的春天啊……”直白得不行了哈哈哈",P
2,不在线,2016-07-29 10:39:48,,有点粗陋的训诫气，后来作者自己也评价此篇“极粗糙而笨重”、“严格意义上的文学性是很差的”，但价值就在于开伤痕之先声，也很有典型意义：伤痕文学有历史必然性，仅在感性展示层面的停留和简单化的否定与文字表达也注定其短寿了,P
2,日知录,2019-03-11 09:57:26,,对文革伤害的揭露在当时来说真的很大胆了，只是还留在表面，借“书”来说事，中间那段“应该怪谁？应该怪谁？”后面接一句“四人帮！”看得我差点儿岔气,P
2,旻,2017-03-20 22:45:05,,伤痕文学，四人帮对人的摧残。,P
1,春天與星星,2020-02-18 01:12:57,,新时期的“救救孩子”,P
1,flaneur,2020-02-22 12:27:23,,虽然语言不怎么精致，但文学史意义还是很大的。反思也比较突破，只是难逃寻根究底时的浅薄。,P
1,金鱼k.,2019-04-25 16:42:09,,语言很朴实，但情感蛮真挚。,P
1,（不是,2016-06-05 14:10:00,,你们说封建时代不好，杜甫在封建时代照样没有写出这种东西。国家给文革平反了，他们就一股脑写文革。什么叫狗精神呢？这就是狗精神！,P
1,momo,2020-01-16 14:47:02,,我的天哪 伤痕文学的作者想要控诉四人帮留下的影响，而我们在伤痕文学身上看到了四人帮留下的影响,P
0,菲什,2012-02-13 23:39:14,,大学读。,P
0,忘崽牛奶,2011-12-22 20:00:22,,伤痕文学的开山之作,P
0,不二,2013-04-22 19:33:16,,我怎麼都是不關注這些的。,P
0,赵复兴,2013-01-20 18:48:54,,时代气息太重，不过还不错,P
0,悲辛無盡獨行夜,2014-06-27 08:40:51,,《班主任》,P
0,cnniuge,2011-11-18 10:52:43,,其实没有读过全书，找来这本有《班主任》的集子，是为了问：谁能告诉我为什么《班主任》这个短篇，传的神乎其神的？,P
0,陆钓雪de飘飘,2013-04-12 20:51:50,,可惜啊...,P
1,弓长折口,2017-10-13 10:37:18,,我觉得这个分数给低了，那么多文革作品中，班主任的角度还算可以,P
0,Booking2023,2016-03-06 03:06:49,,争夺青年话语权，是现代性的永恒命题啊,P
0,潇萧,2013-03-14 00:01:47,,“伤痕文学”作品。批“四人帮”的小说，政治导向明显。,P
0,bengalanek,2011-03-16 17:38:28,,不是这个版本，总之看过一个中短篇集，至少有班主任，最喜的则是立体交叉桥，我喜欢这名字,P
0,……%,2012-04-24 21:29:24,,这也算小说？从某种程度上讲跟大字报也没啥区别吧。。。,P
0,momo,2013-03-14 14:49:19,,时代印记太重。,P
0,干燥的光,2020-10-25 16:13:44,,,P
0,小城小姑娘,2017-12-17 23:29:25,,看的译林出版社的。就小说本身的技巧来说太一般了，代入感很差,P
0,🫲🍞🫱,2013-11-01 08:20:07,,默默表示也读过....,P
2,莽草酸,2014-11-26 16:11:11,,不能用当代话语权裹挟文革时期的创作,P
0,林林酱,2013-03-31 16:43:39,,很短，有点意思,P
0,慢行者2084,2014-08-07 10:40:45,,“文革”刚结束时的反思也满满的都是“文革”话语“文革”思维，但是在当年却是产生不小影响,P
0,姗姗来吃,2013-08-11 20:23:14,,小学时看的，完全不记得说什么了。,P
0,ℒ ℯ ℯ,2020-10-07 13:03:18,,伤痕文学代表作，文学史意义大于文学意义,P
0,这是在做什么,2021-07-13 13:24:58,,能感受到他们的热情和希望！历史意义大于文学意义,P
0,哭之笑之,2017-11-10 15:08:51,,文学史。,P
0,日常,2020-10-17 12:22:09,,对于这部小说能进当代小说史并且还有些地位，我只能说，是正好迎合时代的功劳，而文学性则一言难尽。,P
0,熬夜加班王祖贤,2022-03-27 19:15:51,,伤痕累累,P
0,kissmedeadly,2022-03-08 17:02:52,,《班主任》,P
0,Arita,2022-02-12 22:47:00,,看了《班主任》《我爱每一片绿叶》《爱情的位置》《醒来吧弟弟》这几篇。伤痕文学开山之作，可贵之处在于突破文革话语，但是作品文学性太差，虽说有意识反省，但叙事逻辑仍在政治框架之内，每篇故事都是不待深刻反思，就急不可耐的走向新时代，忘掉旧伤疤了。,P
0,AWAYYYY,2022-02-20 17:49:04,,其时代意义比文学价值更重要。许多延续到今天的问题，例如应试教育下受规训的年轻人、欠缺的文学素养以及狭隘的审美显现在如今一个又一个谢惠敏身上。,P
1,momo,2022-01-29 20:28:00,,文革刚结束后的社会,P
0,momo,2022-01-25 23:26:05,,"张老师关于谢慧敏和宋宝琦两个学生的想法真的令人动容
文革结束后，百废待兴，文革中成长起来的孩子们，精神上的创伤还需要治愈",P
0,林朝露,2021-12-19 22:49:29,,时代特色：用four人帮的方式反four人帮,P
0,濑名,2021-12-05 16:55:39,,"虽然语言粗俗但不会影响其在文学史上的地位，那场浩劫难道仅仅是""四人帮""造成的？",P
0,HC,2021-12-06 00:14:37,,那些干涸黯淡的日子，苍白的人,P
1,春酒,2022-01-02 09:14:42,,（看见评分就这样我反而踏实了）只见政治话语，不见个人情感。用色彩鲜明的，二元对立的阶层划分去识图描摹复杂的现实情貌，最终只是离生活真实越来越远。人物高度脸谱化，并不符合现实错综复杂的利益诉求 ，进而体现不出真正抉择的价值。其实也是对历史的一种背弃，不过以着合法化的形象长期在文学史上立有一个地标。,P
0,舟一芥,2022-01-12 11:14:36,,文学艺术价值一般，但是在那个时代意义巨大，思想的暖风吧。,P
0,Drizzle,2021-11-02 16:32:36,,伤痕文学代表作,P
0,水水,2022-01-10 08:27:52,,一半，个人感受是读不下去了。伤痕文学的特点吧。历史意义大于文学意义，凑合交个作业。,P
1,逃逸光子,2022-01-04 11:09:41,,50年后，我竟然有了同样的感受,P
0,快乐老汉,2022-01-08 16:50:30,,黄书牛虻,P
0,一笑君山,2021-03-21 15:41:53,,很普通，满满的伪文学性,P
0,让灵魂飘扬,2023-03-19 08:18:30,湖北,必读篇目,P
0,青冥天,2023-04-17 16:37:37,湖北,看一部作品，绝对不能够脱离作品的所处的时代。此书是伤痕文学的开端，对当时的思想解放具有重要意义。,P
0,可憐,2023-04-17 20:34:28,北京,没有审美到令人发指。,P
0,郭小花,2023-07-14 16:02:36,江苏,历史感太强 很割裂,P
1,是汤圆呀,2023-07-02 18:48:24,重庆,"历史价值大于文学价值
思想的腐朽最让人可怕😱",P
0,恕予,2023-07-05 17:06:08,湖南,作为新时期伤痕小说的发轫之作，其暴露伤痕的尺度也温和得惊人，仍然无处不充斥着主流价值观。“伤痕”的揭示几乎没有，造成“伤痕”的思考是“这是多么令人震惊的一种社会现象！谁造成的？谁？当然是“四人帮”！”，方法论是“一种无形的力量冲击着他的喉头，他几乎要喊出来——救救被“四人帮”坑害了的孩子！”这虽然与鲁迅的救救孩子同样毫无意义，但出发点已经是云泥之别。此外，《班主任》的现实主义是不成熟的，都无需同“鸣放”之作相比，就是对比五十年代的农村小说也显得片面，僵硬。当然，可以说它延续了工农兵文学的方向，并把它扩展到“学”上。虽然《班主任》描绘的现实各方面都显得很不真实，换个角度来看这又何尝不是一部很好的童话故事。,P
0,牛头角青年,2023-04-19 20:23:19,福建,伤痕文学开山之作，知识分子不再是需要接受改造的对象，而是成为引导青年人走出愚昧与盲目的启蒙者。但小说中的班主任形象仍然像政治话语的传声筒，只是从之前的革命话语变成了新意识形态下的改革话语，人物没有个性，叙事框架沿袭之前的斗争路线模式，班主任张老师团结同学来帮助深受毒害的青年人。书写过去十来年带来的灾难性主要还是聚焦在精神层面，没提及给人肉身上带来的痛苦。小说中有意思的一处：无论是团支书还是小流氓，都将《牛虻》视作不能读的黄书。*谢慧敏的行为举止和现在的小粉红如出一辙,P
0,九铭书记,2023-11-08 16:11:21,北京,在过渡时期的一部小说。解放思想是逐步进行的。但是宋宝琦追求江湖义气，和谢惠敏面对牛虻的观点，引申出一个时代的导向对青年人追求的影响，还是值得深思的。施政要考虑很多人很多事。但是不知道再过五十年，还有人看的明白这个小说吗,P
0,wjone_,2023-11-20 08:22:07,湖北,伤痕文学代表作 现在看很无聊,P
1,Ichi,2023-10-22 12:00:43,北京,"将十年理解为封建的思想在此处已有体现，鲁迅要救救被封建荼毒的孩子，刘心武要救救被四人帮残害的孩子。
我不太愿意相信的是真的存在这种日常生活中满口政治辞令的人吗？如果足够写实的话还是不错的资料",P
0,月央由利,2023-10-28 23:48:13,江苏,为了了解伤痕文学而读，一种认识历史的手段吧，没什么文学价值,P
0,徐蝉,2023-11-29 22:21:32,浙江,只读了班主任 思维方式和语言仍然是僵化 但是人性人情已经开始苏醒,P
1,CURIOUSSO,2023-10-28 00:38:11,四川,结尾和《组织部来个年轻人》一个味道，不过在意蕴和语言的层次感上都差了太多。。。,P
0,卡俄斯,2023-10-19 21:58:17,山东,文学承担了政治预言与动员任务，扮演触及思想理论和文学“禁区”的先驱者角色，与公众的生活情感建立紧密关系。作家、知识分子在“新时期”的这种“文化英雄”身份——后来不再能够重现，它们成为人们怀恋的光荣记忆。,P
0,心有戚戚,2023-12-20 13:35:41,湖北,社会价值大于美学价值，深以为然。,P
0,intbil,2023-12-21 17:03:40,北京,对于伤痕文学代表作的评价总是“社会意义大于文学/美学意义”，与此同时去指出作品的局限（比如伤痕一般会把历史的罪责完全推给四人帮，以把青年主体解放出来）。私以为无论是前三十年文学还是伤痕文学、反思文学、改革文学等诸多作品都有标签之下更多值得被欣赏的地方，《班主任》中对于学生和教师心理的把捉并不全是局限于时代的，不应将其社会或政治意义作为上限。而若在标签的滤镜下去看待，则应携带对时代局限性的认识，不对作品加以苛责。,P
0,Falscherfisch,2022-11-10 14:54:48,北京,谁是谢惠敏？谁不是谢惠敏？,P
0,死球圣诞要发歌,2022-11-20 01:12:45,新加坡,垃圾小说的典范之作,P
0,和平小智,2022-11-17 13:01:34,上海,伤痕文学,P
0,致明日的舞,2022-12-01 21:03:03,浙江,唉,P
0,ImnotKoko,2022-04-19 11:12:52,,"经典文学史意义＞文学意义...
我们的成长经历里难道就不是
到处都有“生活在别处的谢惠敏”...",P
0,澪澪来风,2023-09-05 12:51:19,浙江,张老师答应小流氓宋宝琦插班的决定引起同事的不解，在宋宝琦的书包中翻出的小说《牛虻》让班长谢慧敏大惊失色，迷信权威的她将其判定为黄书。张老师其后家访宋宝琦，得知该书本来是他偷来打算卖钱的，他对这本书的认知和谢慧敏一样，透露出文革对人心灵的荼毒。张老师前往宋宝琦家的路上打算说服谢慧敏不要迷信权威，培育社会主义接班人的憧憬在他心头升起。,P
0,孙维远,2024-08-22 22:35:46,山东,诚如文学史上的定义，他的地位不是美学上的成就，而是选题上的开拓，思想上的树立，时代的铭记与思考，大的劫难刚过去，时代的哭声未止，我们还怎样刮骨，怎样疗毒？在流毒的余威中，在人心惶惶中，这是第一枪！,P
0,ZeC,2022-07-31 01:04:24,,标记同名篇,P
0,mono,2022-10-09 17:22:31,江苏,我们又是谁的谢慧敏呢？,P
0,桃花换酒,2022-07-09 13:45:59,,伤痕文学的代表作,P
0,hellohaoyu,2024-04-12 12:17:07,辽宁,这不是儿童文学，文笔生硬。,P
0,小熊坛二,2023-11-18 22:42:25,广东,在运用“文革”模式的同时却暗转了“文革”的主题。以知识/无知识/反知识的启蒙主题变换了革命/不革命/反革命的革命主题。作品的整个结构和情节安排，都服务于在最后发出“救救孩子”的呼声，回扣鲁迅五四话语。因为文本外的合理性获得较高的历史地位，因文本内部的不合理性而衰落。,P
0,让灵魂飘扬,2023-03-19 08:18:30,湖北,必读篇目,P
0,青冥天,2023-04-17 16:37:37,湖北,看一部作品，绝对不能够脱离作品的所处的时代。此书是伤痕文学的开端，对当时的思想解放具有重要意义。,P
0,可憐,2023-04-17 20:34:28,北京,没有审美到令人发指。,P
0,郭小花,2023-07-14 16:02:36,江苏,历史感太强 很割裂,P
1,是汤圆呀,2023-07-02 18:48:24,重庆,"历史价值大于文学价值
思想的腐朽最让人可怕😱",P
0,恕予,2023-07-05 17:06:08,湖南,作为新时期伤痕小说的发轫之作，其暴露伤痕的尺度也温和得惊人，仍然无处不充斥着主流价值观。“伤痕”的揭示几乎没有，造成“伤痕”的思考是“这是多么令人震惊的一种社会现象！谁造成的？谁？当然是“四人帮”！”，方法论是“一种无形的力量冲击着他的喉头，他几乎要喊出来——救救被“四人帮”坑害了的孩子！”这虽然与鲁迅的救救孩子同样毫无意义，但出发点已经是云泥之别。此外，《班主任》的现实主义是不成熟的，都无需同“鸣放”之作相比，就是对比五十年代的农村小说也显得片面，僵硬。当然，可以说它延续了工农兵文学的方向，并把它扩展到“学”上。虽然《班主任》描绘的现实各方面都显得很不真实，换个角度来看这又何尝不是一部很好的童话故事。,P
0,牛头角青年,2023-04-19 20:23:19,福建,伤痕文学开山之作，知识分子不再是需要接受改造的对象，而是成为引导青年人走出愚昧与盲目的启蒙者。但小说中的班主任形象仍然像政治话语的传声筒，只是从之前的革命话语变成了新意识形态下的改革话语，人物没有个性，叙事框架沿袭之前的斗争路线模式，班主任张老师团结同学来帮助深受毒害的青年人。书写过去十来年带来的灾难性主要还是聚焦在精神层面，没提及给人肉身上带来的痛苦。小说中有意思的一处：无论是团支书还是小流氓，都将《牛虻》视作不能读的黄书。*谢慧敏的行为举止和现在的小粉红如出一辙,P
0,九铭书记,2023-11-08 16:11:21,北京,在过渡时期的一部小说。解放思想是逐步进行的。但是宋宝琦追求江湖义气，和谢惠敏面对牛虻的观点，引申出一个时代的导向对青年人追求的影响，还是值得深思的。施政要考虑很多人很多事。但是不知道再过五十年，还有人看的明白这个小说吗,P
0,wjone_,2023-11-20 08:22:07,湖北,伤痕文学代表作 现在看很无聊,P
1,Ichi,2023-10-22 12:00:43,北京,"将十年理解为封建的思想在此处已有体现，鲁迅要救救被封建荼毒的孩子，刘心武要救救被四人帮残害的孩子。
我不太愿意相信的是真的存在这种日常生活中满口政治辞令的人吗？如果足够写实的话还是不错的资料",P
0,月央由利,2023-10-28 23:48:13,江苏,为了了解伤痕文学而读，一种认识历史的手段吧，没什么文学价值,P
0,徐蝉,2023-11-29 22:21:32,浙江,只读了班主任 思维方式和语言仍然是僵化 但是人性人情已经开始苏醒,P
1,CURIOUSSO,2023-10-28 00:38:11,四川,结尾和《组织部来个年轻人》一个味道，不过在意蕴和语言的层次感上都差了太多。。。,P
0,mono,2022-10-09 17:22:31,江苏,我们又是谁的谢慧敏呢？,P
0,桃花换酒,2022-07-09 13:45:59,,伤痕文学的代表作,P
0,hellohaoyu,2024-04-12 12:17:07,辽宁,这不是儿童文学，文笔生硬。,P
0,Lavaloop,2024-03-05 21:41:28,北京,与其说是舐伤不如说是控诉；如今，有些东西变了，有些又怎么都没变过,P
1,候鸟振永昼,2024-02-18 14:43:05,河南,伤痕文学的第一支箭，心有余而笔力不足，是时代对作家的勒痕。,P
0,熱川,2023-11-23 13:27:53,北京,好像又是一篇文学史意义大于文学意义的,P
0,Restart plan,2024-02-20 20:39:45,重庆,不同主题的短篇小说倒是让我觉得很有意思，伤痕文学的代表作,P
0,搬砖也用心,2024-01-11 15:59:19,四川,时代气息非常浓烈,P
0,登临送目,2023-12-31 13:18:27,山东,当成时代文学、类型文学来读，当成史料来读,P
0,仓鼠非鼠,2023-12-30 23:09:49,黑龙江,班主任,P
0,天才小猫咪,2024-01-08 16:51:03,河南,最可怜的人其实是谢慧敏吧,P
0,小熊坛二,2023-11-18 22:42:25,广东,在运用“文革”模式的同时却暗转了“文革”的主题。以知识/无知识/反知识的启蒙主题变换了革命/不革命/反革命的革命主题。作品的整个结构和情节安排，都服务于在最后发出“救救孩子”的呼声，回扣鲁迅五四话语。因为文本外的合理性获得较高的历史地位，因文本内部的不合理性而衰落。,P
0,自信中国人,2023-05-15 21:12:26,辽宁,这么写的话跟社会主义现实主义没什么区别，换成了自由主义政治正确文学，另一个二元对立而已。,P
0,小张Zysman,2024-02-22 21:55:46,河北,伤痕文学只有流行文学上的意义,P
1,寻找烈士纪念塔,2023-12-06 00:17:51,黑龙江,我要毫无保留地谴责这本书！它拉开了个口子，让“伤痕”溃烂了……,P
0,赛里木,2023-05-15 07:59:59,江苏,我觉得谢慧敏比宋宝琦更难拯救，文革荼毒了多少心灵他们自己却浑然不知，即使醒悟过来曾经的信仰崩塌也会很痛苦。这篇小说虽然反思了过去，却依旧不免对当局的歌颂，哎，戴着锁链的舞蹈。,P
0,社会青年专业户,2012-01-20 15:09:05,,一个时代,P
1,momo,2019-03-08 22:49:51,,可能对那个年代知之甚少，看完班主任后更多的是对教师这一角色的思考。,P
0,写给鲁乙的信,2024-03-13 20:55:05,山东,很好看，一种年代文的感觉，很有历史趣味性，跨越时间的审美体验。,P
2,柴,2017-10-14 16:54:55,,这部小说的确是伤痕文学的发轫之作......他们都是在并未阅读过这本书的情况下，“自然而然”地作出这个结论的。多么令人震惊的社会现象，这让我想起了《金瓶梅》。,P
0,王冰箱,2022-03-22 16:29:11,,当代文学真的太难看了,P
0,橙澈,2013-11-21 18:02:38,,伤痕文学,P
0,三得利可乐,2022-05-12 10:19:25,,不太喜欢这种，为了专业课读的,P
0,云思顿,2011-05-20 13:49:44,,時代意義大於文學意義,P
0,黑夜恍惚症,2020-07-19 17:19:33,,伤痕,P
0,Adorablel,2019-06-23 01:50:47,,不应该花时间读的。我也是受到了教育的伤害，从小老师就说这个那个作家写了什么什么，她自己也没看过几本书吧。误人子弟,P
1,Emmastone P,2018-12-27 15:26:01,,"改革吹风吹满地～
香花毒草要分清～
社会主义真正好～
四人帮大毒瘤传染病～",P
0,给我一件小马甲,2012-03-14 21:51:28,,只是赶上了好时机,P
0,淡淡的潜水艇,2019-04-14 13:20:09,,蔡翔：“作为主体而被建构起来的‘青年’，同时即是一政治主体。这一主体，不仅是历史的，同时更是未来的。”,P
0,momo,2014-03-10 14:20:31,,抛开刘心武推论秦可卿身世外，他在正规的中国文学史上还是有一席之地的嘛,P
0,斜影墨伤,2019-09-13 06:41:52,,比我想象中差太多了。。。。不叫伤痕文学感觉叫红 色文学比较好。。。,P
1,夏天,2012-11-27 13:08:15,,1977年的作品，今天才读了《班主任》，终于明白为什么在那个时代这本书会产生那么大的震撼人心的效果，文革的流毒远甚于对那个年代物质、知识造成的毁灭。即使是现在，对于中国知识分子心灵的自由，独立人格的张扬仍然有着沉重的阴影,P
0,那个阿左,2018-01-15 18:57:37,,这分……,P
0,袁华,2018-07-21 13:24:40,,读过短篇《班主任》,P
1,棋差一着,2019-03-13 22:57:50,,不能说好，也不能说不好。沉重时期之后总是需要一些斗志昂扬的东西让人向上行的，其对青年未来困境的思考也是非常有道理的。坏就坏在在今天看来，他的行为是给当时的青年人套上了又一层新的枷锁。但在那个特殊时期，这种枷锁是进步的，符合时代逻辑，因此无可厚非。,P
0,十一,2019-04-22 19:47:01,,历史意义远远大于其文学性。只读完了《班主任》，已经觉得不必再读下去。可能重拾吧，目前觉得不值得看。,P
0,月舞于星渊,2012-05-08 18:56:32,,文学史上的重要作品，历史意义大于文学价值。,P
0,hello、cp,2012-03-22 23:50:49,,文革文革,P
0,灿烂千阳,2012-08-09 22:29:22,,所谓伤痕文学的代表作不过如此,P
0,RUN THROUGH,2018-03-13 10:23:15,,也只剩当时的时代意义了,P
0,dxysjfokdhcysf,2018-11-21 21:06:03,,嘎嘎嘎嘎,P
0,婉约,2019-05-28 19:02:17,,"稚嫩的文字，却让人真实感受到""四人帮""对时代的残害。",P
0,小晛,2012-12-03 10:40:33,,新时期文学发轫之作,P
0,Daffodil,2011-05-09 22:11:36,,伤痕文学,P
0,旺旺碎冰冰,2020-03-31 15:06:14,,救救孩子，伤痕文学,P
0,百兽之王,2012-06-27 11:20:59,,那个年代，耳目一新,P
0,张苍术,2012-01-27 01:40:33,,这事儿怎么说呢，《班主任》的成功，其实不能单单归功于刘心武，而应该归结于一个时代。,P
0,blue,2014-02-14 14:33:13,,《班主任》和卢新华的《伤痕》被看作是“新时期文学”开端的标志。,P
0,叨叨将,2012-08-12 10:52:39,,救救孩子！,P
0,。,2017-04-29 09:28:54,,"★★★★☆给《立体交叉桥》
“什么理论，什么宣传，什么道德说教，什么文艺感化，什么会议，什么口号，什么文件，什么精神，什么民主，什么奖励……他认为对他都不管用，啊，我只要一座立体交叉桥，给我一座立体交叉桥！！！”
结尾多了点鸡汤。",P
0,Annie,2011-12-30 22:29:45,,真心二逼的团支书和小地痞。。。。。石红一家真心红啊，吃完晚饭围着桌子读毛选！！！！！,P
0,momo,2019-01-04 12:58:59,,借,P
0,噗桑的小呆毛,2020-04-04 21:02:08,,老师让看的,P
0,夏本儿,2019-07-23 18:39:35,,对四人帮感伤式的批判，史的意义更大。,P
0,半掩门儿的~,2015-01-22 16:22:51,,伤痕文学先声。,P
0,冬眠,2020-01-29 16:08:34,,现在看来似乎不怎么样 但你不能否认他的地位,P
0,QQ,2012-09-22 03:28:21,,不得不看的伤痕,P
0,爱冰耗丝,2019-07-15 15:28:07,,看到结尾？？？了一下，这不就是不知道怎么写结尾的小学生吗？？？但还是会很可以谢慧敏，被时代塑造的畸形。,P
0,藤上春树,2020-05-16 14:24:55,,感觉有些用力过猛，也难怪，毕竟那个时候嘛。,P
0,大包菜,2020-10-20 00:11:45,,考虑到当时的政治环境和人文环境，作者真的勇敢。现在的文人不正是缺少这种为万民请命的精神么……,P
0,ffunfun,2019-10-05 23:45:58,,2016.4.25四人帮对青少年的影响,P
0,Left&Right,2021-01-19 21:30:07,,陈若曦发表尹县长的时候在香港，刘心武这篇作品是77年发表在人民文学上，因此在文体的表达度上完全不同，刘的主体性很高，更多的也是歌颂意义。,P
0,夜雨心寒,2020-06-10 11:18:25,,其实刘心武的小说作品在文坛上还是比较平庸，多看看契诃夫、欧亨利和海明威这些名家吧。,P
0,桃仁活血,2020-11-29 14:10:30,,有点启发性——文本叙述形式和思想。,P
0,立夏,2020-08-03 11:48:32,,意识形态的气息太浓了，毫无美感,P
0,离,2019-10-15 09:58:06,,只读了班主任，没想到这么短，第一次正式读伤痕文学。,P
0,,2020-06-09 20:58:47,,不太现实，,P
0,mirallas,2013-08-20 12:20:06,,伤痕文学,P
0,雪婴,2020-07-13 00:12:22,,好粗糙 时代成就的名篇 就文学水准来看，低劣。不入流。,P
0,莫维奇,2021-01-19 10:41:22,,伤痕文学发韧之作，虽有一定的局限性，但想来在77年当时会引起多大的轰动。被荼毒的小将谢慧敏比疏于管教的小流氓宋宝琦更可怕！最可怕的是现在前者又开始越来越多了，尤以那些不会独立思考的网络暴民为代表。,P
0,🍊,2021-03-04 01:16:15,,《班主任》一篇。2020年秋季学期。,P
0,不求甚解,2019-08-14 10:04:41,,其价值在于历史，不要谈写法，艺术成就。里面的宋宝琦和谢惠敏不就是某些下岗工人，广场舞大妈，好一些的是那些高校教师。文中担心不是没有道理，那个时代的反智主义影响还在。也不要嘲笑文革毒害的人，在网络时代各种观点满天飞的时代，真正独立思考很难。,P
0,petit prince,2019-08-20 13:03:51,,补标。,P
0,Myrtle,2015-11-24 10:26:47,,从又红又专中解放思想，谈何容易。其实内容和看之前想像的班主任形象有差异。,P
0,年糕,2012-03-21 09:20:43,,此间的冲突我们懂,P
0,一苇.,2020-04-15 12:12:36,,3.5🌟,P
0,Halcyon,2020-07-28 11:55:45,,历史价值大于审美价值，人物模式化、说教意味浓厚。同样是呼吁“救救孩子”，《狂人日记》的处理就高明得多，所以“文革”十年对文学的戕害到底是有多深啊...,P
0,Vivian,2013-03-29 15:36:48,,现在读起来，感觉语言很幼稚，不过颇付那个时代的语言特点，想起来我小时候写作文也是这个调调。,P
0,毓簌,2017-03-27 22:02:12,,伤痕文学的开端之作。更主要的是今天闹了个笑话，以为写班主任和被革职的刘心武和研究红学的刘心武是两个人（保持微笑,P
0,妙妙,2013-09-30 16:48:07,,更喜欢阿城呢。,P
0,以此为寄,2020-04-06 19:16:01,,为什么刘心武在《班主任》红了之后就没有代表作了，看完这篇小说你就知道了。,P
0,友朋小吃,2019-05-01 00:27:39,,刚读时尚且感觉这不就是我小学语文老师推崇的那种好句好段嘛，可越到后面越差，毫无语言美感可言，更谈不上任何叙事技巧，味同嚼蜡，不可忍受。小说写成这样了还所谓“划时代”，可见那个时代的语言糟到了何种地步。都说作家们普遍有不堪回首的早期作品，但刘老师您的文笔敢不敢再尬点！抛开可能相对开明进步的思想来谈，通篇几无圈点之处,P
0,兵部侍郎千夏酱,2020-11-09 19:00:50,,“伤痕文学”的代表之作，刘心武的作品文学性不太高，内容也不深刻，但我们不能仅关注作品单纯的故事，还要深挖它对思想界的影响。《班主任》所表达的思想是“文革”结束后思想界的一次轰动。它第一次揭露了文革中推行的“蒙昧主义”和愚民政策，它们对青少年灵魂造成扭曲的“精神创伤”，同时也展现了知识分子这类启蒙者所受到的迫害，即所谓的“伤痕”，也正是这部作品开启了“伤痕文学”这一独特的悲剧题材。,P
0,榕一,2019-10-01 22:32:14,,新时期小说和伤痕文学的发轫之作。发挥的社会功能重要一些吧。,P
0,拙贝,2015-06-25 14:21:21,,刘心武的文字也太差了吧。。这水平简直了。。就算历史化的看也只能说文革毁了一代人,P
0,願節子,2018-06-23 20:03:36,,史的意义,P
0,momo包,2019-08-22 17:19:43,,2018.10.26,P
0,Catullus,2018-12-16 01:52:34,,同样是伤痕文学，刘心武的《班主任》要比刘震云的《我不是潘金莲》、《一地鸡毛》刻意而为之的对仗文风好太多...行文的每个扭曲、压抑、愚昧的个体拼接的群像，一览无余的反应了那段岁月里祖国母亲的癫痫...PS：这样说，应该不会被查水表了😳😳😳,P
0,夜间飞行,2020-03-22 22:40:25,,在允许表达的范围内展现了那个年代人们的思想。从时代来说算是一本不错的书了，语言平易刘畅。豆瓣分低了，有些差评没有逻辑。,P
0,浴缸,2021-01-30 17:44:14,,感觉写得挺好的啊，在十年刚结束的时候写出来的作品既有反思又有展望。历史价值很重要。,P
0,awang,2018-10-18 23:15:28,,作为文学小说其实不值一看。作为历史，其实不错。？,P
0,南鑫,2018-09-18 22:01:11,,救救孩子……救救孩子……救救……,P
0,观千月,2021-03-12 19:00:01,,文学史上难得，文学上庸常。,P
0,karliekloss,2019-07-07 21:45:40,,明天当代文学求老师做只美人鱼，从海底捞我吧,P
0,徐栖,2012-01-11 19:29:21,,终究还是不太能理解。各种开创作品大概都是稚嫩的吧。,P
0,snowcone,2016-06-26 01:46:02,,原来这就是伤痕文学啊,P
0,igrey,2013-04-27 21:19:15,,只读过里面的《班主任》一篇,P
0,当年北斗,2020-04-18 06:30:57,,从故事性来说是没意思的，从特定时期的文学性来说是有意义的。,P
0,冬青木,2019-03-06 11:26:50,,"“谁造成的？谁？
当然是‘四人帮’！”",P
0,肥皂打太极,2020-11-07 19:22:38,,陈忠实“且不论作品如何，给我的直接感觉就是，文学当作一个事业来干的年代，终于到来了。”,P
0,海王星小哪吒,2020-12-20 20:01:41,,每个时代都有每个时代的“谢惠敏”。,P
0,顽皮的板儿牙,2020-12-07 17:16:33,,"小说的叙述语言读来是小学每周一国旗下演讲的调调😧
谢慧敏这种，充满激情、一意孤行地守护一个人造荒诞概念的畸形悲剧英雄，今天不知道有没有绝迹，纯真的人更容易被某种无法兑现但听上去天花乱坠的“poyais”理念诱骗、辜负吧……但今天放眼望去，大家深谙“辩证法”的实惠方便之处，绝不会轻易把自己卖给某种理念，警惕地和现实生活的各个方面保持着安全的反讽距离，这种担心大概是多余的💩
理想主义帮助培养赤子之心，功利主义帮助克制“悲剧英雄表演欲”，各加一分💩",P
0,最近喜欢灰蓝,2020-05-25 14:43:08,,"文学史的地位很高 可读性甚至不如前一篇
但到底显示了1977的春天",P
0,IBCVNKK,2021-06-27 23:44:48,,大学看的。现在想起来，突然跟反乌托邦中被集体化的一代有点相似。,P
0,kingd,2021-07-04 18:36:52,,培养石红，而不是谢慧敏,P
0,根根xi酱,2021-04-17 11:55:43,,文革的影响不止于已经承受的批判，更是对于后代思维的流毒。四人帮已经倒台，但谢惠敏为代表的孩子们，所受的影响之大，更让人惊心。《红岩》《暴风骤雨》等作为文革前被拥护的革命叙事作品，在文革时被批判、丢弃于废书库，而《牛牤》这类外国“黄书”在那时所受的鄙弃更是可想而知。班主任却拿着本书给谢惠敏做启蒙读物，实在大胆，也可以看出书中所表现的力求冲破文革时期留下的思维模式，以及冲决那时候所笼罩气氛的决心。,P
0,伊豆的舞男,2021-06-03 20:28:22,,换汤不换药，从批判右派转向批判四人帮，早期的伤痕文学是另一种的“阶级斗争”文学。,P
0,西岭,2021-05-17 11:02:30,,仅阅读同名短篇。尽管明白当时的历史大环境，但读时仍然如坐针毡。,P
0,茨微格,2020-10-11 11:57:18,,意识形态痕迹过重以致于毫无美学价值，却具有开辟伤痕文学的时代价值。“是谁造成的？”“当然是——四人帮！”你说刘心武真有这么头脑简单吗？也未必吧,P
0,Kelch,2021-04-28 21:59:56,,结尾那段环境描写完全是我的小学作文。,P
0,cloud,2021-04-28 23:15:53,,救救孩子,P
0,松木梯子,2020-01-09 12:58:05,,的确也是爱恨分明。,P
0,刺鸟,2020-04-26 13:15:41,,又是一篇文学史意义大于文学意义的作品……虽说感情真挚，结合时代背景不应苛求，也确实让人对当时的历史环境有了新的观察视角，只是看多了这样的文字真的不会对审美造成污染吗……,P
0,风雨琳琅是吾,2019-10-04 14:36:36,,《伤痕文学》开山之作。,P
0,沉默如海郭芙蓉,2019-04-29 16:27:21,,作品阅读打卡，作品残留着文革文学的弊病，历史价值大于文学价值，团支部谢惠敏和小流氓宋宝琦同样需要张老师这张厚嘴唇的教育。,P
0,黄克思,2020-11-11 15:39:26,,这个救救孩子也太……,P
0,兰酱~,2020-05-19 21:38:40,,谢慧敏真真是最需要被拯救的那个人啊！,P
0,Pevery,2019-02-15 00:24:34,,尽管以历史的眼光来看可以理解，还是有点失望。,P
0,河洛越河,2019-03-03 23:35:18,,"#56 6
这本书称得上微型小说选刊里较烂的那一类了。
这样板戏路子下来的东西可真是毫无审美意义，全是问题，都懒得打字点评。",P
0,懋懋咪咪,2018-03-19 22:56:29,,充满了时代的印记和划痕,P
0,momo,2020-10-28 16:47:28,,水课上粗略读了几篇。怎么说呢，太直白太显露，模式相似，太多口号。人物几乎都是扁平型，粗粗两句就给定了性。不过终归是因为时代🚫，也算是开山之作。,P
0,踏云走路,2021-08-11 11:20:17,,每次都要背，那就看看原文吧,P
0,ahskfjcndhe,2021-09-28 11:43:38,,历史的至暗时刻。,P
0,桃子气泡水,2021-09-03 00:27:11,,无语。,P
0,动之,2022-05-31 23:06:30,,现在是1977年的春天，这是多么美好、多么幸福的春天啊,P
0,汤展望,2020-07-29 18:49:12,,读的很不舒服,P
0,万寿红拂,2024-06-06 15:39:43,云南,对这种东西也能成为文学经典打心眼里不理解，中国新诗前期有粗制滥造的作品很正常，并且前期也有不少不粗俗的作品。小说写成这样真是不能原谅，鲁迅等人的小说也没这么烂啊。,P
0,马背上的剑客,2024-04-01 19:01:46,北京,不识字的被识字的骗，识字的被印刷品骗。《班主任》这样的作品，现在看来是寻常，或许对于当年的1977，可能是思想上的平地一声雷。,P
0,ynauyi-,2024-03-27 12:46:06,辽宁,在找谢惠敏的路上戛然而止 果然是不必再写下去的,P
0,Charon_,2024-05-08 08:29:43,广东,只读了《班主任》这一篇..人物塑造刻意得太明显了 作者存在感太强了 一直想引导读者的思考 太像中学时代做的阅读题了 感到反胃且恶心,P
0,卡尔唯尼西诺,2020-11-05 16:59:56,,课堂需要“革命”,P
0,六等星,2025-03-25 15:46:10,福建,很难说什么。本来以为“发条橙”是宋宝琦，后来以为是谢惠敏，读完觉得写出这个短篇的刘心武才是。从一种政治话语向另一种政治话语的转移，直白得像为了醋专门包的饺子。喝水看到“当然是’四人帮’！”一句的时候差点笑喷。,P
0,知识恐怖分子,2017-12-19 14:46:07,,算了算了，估计找不到我那个版本了。说实话，不好看，还没有完全放开,P
0,小可,2024-11-12 04:36:40,河北,在当代文学史中重要有余而文字力道不足，文笔略稚嫩,P
0,明月 花枝 你,2025-05-02 15:17:09,江苏,于伤痕文学很有意义，同时也鞭策着我反思自己的工作。作为一个年轻人，对照当时的胸怀，我是很惭愧的。我们现在是否还有那样的志气，那样的学习、奋斗精神？就由自己去书写答卷吧。,P
0,刘朴岩,2025-05-25 19:08:00,广东,读完这两本经典作品纠正了我一直以来的一个误解：伤痕文学是用全盘反思的方式（至少是春秋笔法）来控诉十年对人的伤害的。因为当代粉红们真的热衷于批斗伤痕文学。结果只是把火力集中到了f4身上，甚至主人公继续沿用了两个凡是的思路。当然问题在我，一直没有确定作品所处的历史坐标,P
0,Koryol,2025-05-11 01:08:16,四川,现当代的班主任，批判教育体制,P
0,Jasonius,2025-04-03 00:56:35,北京,大致读了一些。知识分子在新时期把自己确立成“被承认的立法者”，重新定义一系列官方话语和辞令，并把自己刻画成进步叙事的滚滚车轮的牵引者。,P
0,未见,2024-12-21 22:43:42,黑龙江,郭敬明的源头吗？很有时代性。,P
0,LyraJ,2024-12-27 10:47:09,广东,能把当时的问题写出来发表出来已经很不容易了,P
0,Reze1q84,2024-12-22 07:16:03,广东,恶心呐，恶心！呸，就一句话，恶心！,P
0,太阳不常升起,2025-01-30 23:04:08,辽宁,“对丑类的恨加深着对人民的爱，对人民的爱又加深着对丑类的恨。当爱和恨交织在一起的时候，人们就有了为真理而斗争的无穷勇气，就有了不怕牺牲去夺取胜利的无穷力量。”,P
0,木易山风,2025-01-26 10:18:01,湖南,伤痕文学，文学史上一个政治过渡的需要，远远撑不起他的文学地位。当然，政治敏锐性和政治勇气在当时还是很魄力的。,P
0,泡鱼,2025-02-01 20:02:34,山东,脱离社会背景看刘心武的作品，很难有穿越时空带给的感同身受，但我相信1977年的冬天，像《班主任》这样的文章给到的社会冲击有多么大，它更像一篇时代的檄文，而不应看做一篇纯粹的文章。,P
0,恍,2025-06-03 00:02:37,陕西,这下知道了汪曾祺《受戒》在当时的含金量了,P
0,小小的虫子,2025-06-27 18:28:59,福建,作者笔下的人物全都在为表达某件事而服务，不具有太多个人的感情色彩，以致人物特点略显苍白。本文相比伤痕文学的标签，更应该称作反思文学代表。,P
0,卡特,2025-07-02 13:43:31,陕西,喜欢银河那一篇,P
0,胖胖青梨,2025-06-28 00:29:34,北京,em 确实是开山之作哈哈哈,P
0,焦糖焦糖布丁,2022-05-03 14:04:19,,看得是小说的文学史价值,P
0,诚实可靠小郎君,2011-03-01 21:59:14,,个人第一次认识刘心武，就是从这一短篇开始的。,P
0,林,2023-06-06 06:13:57,美国,更多是一个历史文献。《班主任》与其说是小说，其近乎毫无技法的写作手法不如说是一个思想宣言。现在会看，文内意味无穷啊,P
1,Doris_zhangt,2019-03-07 16:26:33,,读这本书，是因为上班途中在喜马拉雅听刘心武揭秘红楼梦，父亲突然提到刘心武是伤痕文学第一人，第一次听到这个词，被简单解释就是揭露文革历史创伤的书，拿来看看，关于文革的作品看过不少，关于文革之后的作品，也偶有涉猎，人性会随着社会环境的变化产生巨大的差异，所谓入芝兰之室，久而不闻其香。,P
0,输入昵称,2020-08-09 01:53:53,,这写的是什么垃圾玩意？我根本没读完，本来觉得没读完的书就不需要标注了，但是这写的是真不行。,P
0,小崔要好好读书,2024-03-28 10:11:16,北京,华主席打开了局面。,P
0,青藜,2018-03-02 18:46:56,,比较粗糙 是一种“新”,P
0,松鸦,2018-10-29 08:48:45,,上课时分小组展示时竟然有对该文本一味积极评论的声音……硬要二分，那该论调负面特点便是主观情绪引导价值判断，而潜在意义可能是确保了话语场的多元⑧(没底气)。而其实稍不客气地说，对这类文本抱有过多好感的，恐怕是阅读经验的残缺与阅读惯性的固化了——缺失批评的能力也是一种悲哀。自省不够喜欢自身的自我高贵化倾向，也不喜欢对他人观点的过激反驳，我只是本能会有点悲哀，虽然我也明白这不过是野生鹦鹉对家兔的居高临下。,P
0,⌬̢২˃̣̣̥᷄⌓˂̣̣̥᷅꒦,2022-04-29 17:48:28,,"好政治好政治
谢慧敏这个角色塑造得很好
首先 她受到四人帮毒害 思想教条 但本性不坏 但是 她并不知道自己正在被毒害 并且在无意识中加害他人
细思极恐",P
0,好运设计.,2021-12-30 22:19:21,,错误如烙铁，记忆如伤痕，老师是个好老师,P
0,绣绣,2022-04-22 09:50:20,,班主任好一般，好多情节没讲，就在那里大发抒情感想。,P
0,古德猫宁,2020-04-28 23:30:59,,文学史意义大于文学意义。,P
1,mom0,2020-01-04 06:16:05,,在谢惠敏的心目中，早已形成一种铁的逻辑，那就是凡不是书店出售的、图书馆外借的书，全是黑书、黄书......她刚开始接触图书的这些年，恰好是“sr b”搞法西斯文化专制主义最凶的几年……她单纯的崇信一切用铅字新排印出来的东西......她的父母经常嘱咐谢惠敏及其弟弟，要听mzx的话，要认真听广播、看报纸；要求他们遵守纪律、尊重老师；要求他们好好学功课......,P
0,叶公好龙,2021-06-29 12:14:10,,其实写得挺好的，至少有点识字水平的人都能看懂。,P
0,Nereus,2024-08-02 01:12:16,江西,还可以不断重读  这是一个巨大的隐喻  可以换成任何时代   任何意识形态   任何自以为是的成见遗毒  伤痕开始   6.5,P
1,叶子,2020-01-05 10:25:11,,伤痕文学代表作，语言平实易懂，历史价值大于美学价值。一代被四人帮毒害的青少年把一切问题都上升到阶级斗争 可怜可悲,P
0,小黄弟,2025-05-12 21:51:32,黑龙江,特定时代的产物，刘心武当年还是太天真了哎,P
0,吞吞天,2023-09-02 21:19:42,广东,第一个吃螃蟹的人总要鼓励,P
0,Duostoyevsky,2022-08-06 10:04:33,,补标 2021.3,P
1,嘻嘻哈哈,2019-09-20 10:26:54,,从多角度，多人来看十年浩劫给人的影响。每一篇的最后都是对未来的憧憬和向往，给人希望,P
0,Foxkiller,2012-03-21 16:59:43,,伤痕文学是需要反思的，当代已经对其的合理性提出质疑了,P
0,B个个,2020-12-10 08:04:16,,心路历程写得详实，但是缺了些张力。还是不乏经典片段的。,P
0,春风不解意,2022-01-24 11:52:40,,将工农兵主体的革命叙事视角转化为了知识分子主体性视角，用“教育”问题置换“启蒙”问题，只是这一次，知识分子与主流意识形态权力共谋，定义何为“异端”，何为“正常”，划分谁是好学生谁是坏学生。,P
0,行不更名坐改姓,2018-05-23 21:30:46,,“伤痕文学的发轫之作，文革结束时的控诉。”,P
0,YB,2012-02-20 21:44:01,,哎...,P
1,Mélodie,2017-11-21 10:12:51,,"「资产阶级标榜""自由、平等、博爱""，讲究""个人奋斗""、""成名成家""，用虚伪的""人性论""掩盖他们追求剥削、压迫的罪行。资产阶级的典型思想之一是""知识即力量""，而宋宝琦于资分阶级在上升阶段的那些个思想观点，他头脑里并不多甚至没有，他有的反倒是封建时代的""哥儿们义气""以及资产阶级在没落阶段的享乐主义一类的反动思想影响。」这一段分析比之前空着嗓子嚷嚷谁脑子里有资级思想好多了；以及对四人帮的愚民和其所导致的学生不读书而无知的反思，流氓和所谓积极分子谢惠敏都以牛虻为黄书的反讽意味(对谢的思想专制已经使其思维固化和异化，听不进新思想的她比宋更可怕)。伤痕文学的发轫，有对班主任即启蒙主体/知识分子的肯定(和文革的疏离)，但还是有浓浓的文革文学特有的流弊(张老师——高大全但易被忽略，谢惠敏成为公认的主人公)",P
0,El futuro,2021-10-04 11:47:26,,细小微澜，可堪惊涛骇浪。,P
0,Javen,2017-04-09 21:23:26,,很巧，我读的正是这本。考虑到《班主任》1977年发表的特殊时间及轰动，并联系其具体内容，很能理解其在文学史上的地位，尽管写作方式很稚嫩，是第一人称介绍式、倪萍大妈般劝解口吻的叙述。张老师作为班主任，是新时代社会发展的精神象征，而班上团支书和要来的小流氓，虽然一好一坏，实际上都代表了“四人帮”文化专制下的受害人，思想都“坏”掉了。这完全不是小说故事，而是以典型人物来表达政治新理想，批判四人帮，发出“救救被‘四人帮’坑害了的孩子”的呼声，呼吁认清真正的马列主义，这些其实仍然延续了文革的写作方式。今之视昔，觉得其政治立场如此稚嫩，虽然以为冲破了牢笼，实际上仍被利用；不知后之视今，又会如何看待如今知识分子自以为“自由”的想法呢？,P
0,黑犀牛瓜子,2022-02-24 12:56:06,,政治文章,P
0,黎温,2022-03-04 00:04:41,,就算是张老师又一定能拯救谁吗。,P
1,安之安之,2019-11-01 13:56:34,,高度政治从日常生活中将退未退。,P
0,Momo,2018-06-06 16:11:59,,两星给开山。二十三年的运动把白话文逼到了角落里。如果这样的文章也能算文学的话，真是当代文学的悲哀。,P
0,阿盏,2016-11-04 21:07:05,,看在文学史地位的面子上给2星…语言文字粗糙地不行啊…,P
0,张也凡,2021-06-05 15:24:06,,伤痕文学的发轫，但是看不出来有什么伤痕的？是大家对美好事物的错误理解吗？青春之歌，,P
1,一个墩子,2016-11-22 16:28:44,,一如既往用朴实的语言讲述年代更替中老北京的日常生活，酸甜苦辣，时代特色和小人物命运交织。,P
0,了了,2022-10-18 19:15:55,湖北,2022年10月18日，学校出现了紧急情况，人人惶恐不安，我也静不下来，意外读了这书。心里既感动又难过，为着那可亲可敬的教育工作者而感动，为着那求真向善的人而感动，但又为那种浩劫给人民带来的灾难而悲痛，可怕的愚民政策，香花也成了毒草，更可悲的是那些涉世未深的孩子被毒害的心,P
0,三山,2021-03-18 23:42:58,,文学史意义较大罢了…,P
0,默薰薰,2011-04-15 20:05:13,,不可否认，有些篇章还是具有深刻的感染力的。但是，无论是因为我们没有身处那个年代，还是由于文学为政治的中心思想的束缚，都致使小说的可读性大大地降低了。,P
0,策马奔腾安河桥,2015-10-18 23:29:28,,伤痕文学，可能经历多了，刘心武自己也怕了，不想去触及问题的本质和时代的本质了，本能规避,P
0,飞,2012-10-18 22:04:10,,“伤痕文学”发轫之作。,P
1,陈素心,2018-12-30 11:45:22,,大学期间读的,P
0,无所谓啦,2025-02-04 14:54:04,北京,张老师要继续积极奋斗，为祖国明天培养新时期人才。,P
1,FermeFaon,2018-02-01 21:34:37,,闹剧,P
0,明烛天南,2024-04-02 09:39:19,山东,很一般,P
0,奇迹蒜蒜,2021-06-20 14:01:04,,伤痕文学的标志，文学史意义大于文学价值。,P
0,SANAHALU,2013-04-20 19:23:56,,好了的伤疤怎么可能再去抠开疼一回，说了半天还是隔靴搔痒,P
0,Cat,2022-08-05 17:42:54,,看过《班主任》一篇。初中生的文笔，却在大陆文坛毫无疑问具有极大的文学史价值。这本身就构成对那“史无前例”的日子的莫大嘲讽,P
0,从前有个宫儿,2019-09-22 15:13:59,,总体上太过粗糙，说教气明显，像小孩子故作老成的搬用成人世界的只言片语。  僵，涩和稚便如初中生写议论文，举例—描写—论述的模式便是万用模板，怎样叙述以及叙述所承载的思想是次要，对于班主任而言，老师呼喊“救救孩子”的故事也只是议论文素材，往格式里套便是了。其文学史意义远大于作品本身的价值，即恢复了自五四以来的批判现实的传统。,P
0,今天你开心吗,2024-04-23 19:31:33,湖南,孩子没错，时代错了。,P
0,潇洒向前,2024-03-19 17:36:15,上海,喊完口号 怎么拯救谢慧敏呢？,P
0,波吕许尼亚,2012-09-28 08:52:35,,我在思考为什么《班主任》比《李有才板话》差了三颗星。,P
0,Bumper Moon,2023-11-26 12:52:49,上海,虽然“放下助人情节，尊重他人命运”，但是张老师大义,P
0,锅塌里脊,2024-07-18 15:58:29,北京,这文笔你确实有资格说是wg耽误了你的学习了，但是wg的时候你已经24了啊,P
0,喧卑,2016-12-05 22:36:23,,相比之下倾向于血淋淋的撕扯而不是软踏踏的教化。,P
0,黄花菜与弗莱德,2022-01-07 11:41:29,,“文学史价值大于文字本身。”,P
0,pip,2024-05-11 14:27:33,陕西,图书馆的版本豆瓣找不到，随便标记一本。那本包括了很多短篇，比其他的伤痕文学看起来更能体会进去，不同身份人物的视角。,P
0,智慧女子王大拿,2019-06-02 23:04:31,,伤痕文学,P
0,Cygnet,2020-03-26 17:28:53,,"当代文学必读，很青涩很热情。
小说以一个设问句开场，在当时可算创新，随即引出主角、地点、时代背景。小说语言仍显得青涩标语话，以作者跳出来抒发议论为主，感情的确是真挚炽热的，但还是应该雕琢。再说故事结构，故事主要发生地点就在学校、宋家、石家，三个地点由张老师串联起来，形成三角形，三角形是最稳定的结构。值得思考的是张老师还没有去另一个主角谢慧敏家，也就是说这是留给读者想象的，张老师心中的激情脑中的构想能否成真，如何成真，一切是未知数，但愿都会向真善美发展。
现在是春天，四月快到了，呼吸着有些燥热的空气，我的心又一次活跃起来了。",P
0,落。,2013-02-04 20:49:05,,第一次在文学作品中看到香花毒草这一概念；文革对一代人的负面影响可怕在培养了一批忠实信徒，明明愚不可及，却自以为聪明。而这种愚忠，在国家武力机器的推动下则会演变为一场自身体至心灵的“屠杀”，即便是结束，其影响也将是许久无法消亡的。对“黄书”的定义是多么的可笑而可悲啊！虽是一篇短篇，却不得不引人深思,P
0,Sophie,2012-03-02 13:24:06,,说实话 中国国当代的小说真心是不怎么样 但是却能把时代的感觉读的很清楚 想批判但是又不断说着好话 哎…,P
0,uncomplicated,2022-08-06 15:31:52,,政治宣传,P
0,银杏妖怪,2023-05-18 08:40:07,天津,作为文学作品可读性不强，甚至觉得我也能写…作者作中学教员时是否有张老师这样的思考呢…小说站在了时代的那一刻，便闪出火花（多给一星吧）,P
0,Ismene,2021-10-07 20:49:01,,责任全在四人帮,P
1,尽性,2019-10-02 08:41:56,,张俊实老师，尹老师，小流氓宋宝琦，坚定而狭隘的学生谢慧敏，还未被全盘同化的学生石红，牛氓是不是黄书……没什么我只是助记一下……万一考了呢,P
0,imnotrptde_,2020-11-27 15:55:39,,多么轻盈又厚重的文字！,P
0,˶⍤⃝˶꒳ᵒ꒳ᵎᵎᵎ,2020-03-07 19:33:16,,看了《班主任》一篇，果然那个时代作品语言都这么糟糕吗？,P
0,瞄瞄自己,2020-03-06 11:21:25,,说到底文学还是为政治服务,P
0,我知道我不知道,2020-02-25 18:48:33,,当代文学学习,P
0,李枭影,2023-01-17 13:44:42,宁夏,文革造就了伤痛文学，这是我看的唯一一部，也是最后一部,P
0,周周,2015-01-05 19:59:44,,伤痕文学的先声。,P
0,嬴黑肱,2021-02-25 14:16:48,,"伤痕文学代表作，先来个心理预期4⭐。
一个小短篇，九章左右的篇幅。主要人物都很有典型，是细致构思过的作品。文革后的反思之作，教育味很浓。",P
0,msuaja,2023-12-21 14:51:09,广东,社会价值大于文学价值,P
0,祝捷巷,2020-07-02 11:07:27,,文学史地位高于文学艺术价值,P
0,鸽群中的猫,2018-10-24 17:18:55,,历史地位大于美学意义,P
0,舟自横,2020-07-20 18:47:31,,额😓实在是看得难受……，，没办法，那时候的作品的时代色彩就是如此……,P
0,环形废墟,2020-11-19 13:28:21,,何止是四人帮,P
0,dimmi,2021-01-15 22:04:21,,《写在不谢的花瓣上》和《她有一头披肩发》这两篇还不错吧,P
0,我城,2024-07-06 23:00:24,广东,"很真诚很用力的文字，感觉“班主任”浮出了书本握着我的手……
大概明白了反思文学为什么被称之为深化了，那种新生伤口溃烂的阵痛结束后，慢慢抚摸结痂的感觉",P
0,红中,2022-12-26 06:23:47,美国,“伤痕文学”开山之作，尽管还是充满着特有的用力过猛的风格。,P
0,英俊的红发卡利,2020-12-02 21:55:24,,时代烙印,P
0,我是猫猫,2023-03-05 22:59:51,辽宁,好多人认为就这，可这种开山之作要的不应是文章多么优美，而是让他先出现，出现了才能形成标志，才能引出更多的作家来书写。,P
0,辣戒,2020-03-15 13:46:42,,伤痕文学,P
0,MIZU,2019-11-12 21:17:24,,讲了个啥 被洗脑的顽冥不化学生还是小混混还是无可奈何老师 反正反正终于读完辽 是老师的政治任务……,P
0,只为阅读,2021-04-13 23:21:59,,救救孩子……,P
0,黄西蒙,2021-02-18 01:53:09,,文学史上的一声惊雷,P
1,秋木苏,2019-03-26 23:59:10,,老师是没有问题的，他是老师，也是知识分子，面对着一群被文革体制化了下一代。可能因为老师讲文革时期毁书讲得比较多，所以勉强能感受到这个老师的想法。,P
0,你好忧愁,2018-02-07 09:28:37,,胜在真诚,P
1,一展,2016-12-29 15:11:03,,看过书目主页下的评论后感到害怕，真的是被文学史的推崇洗脑了，还是因为某种情绪太迎合？阅读过程中真的没有为说教论理感到尴尬，甚至觉得有一点直挞历史的感觉，看到“把问题注意力转移到四人帮，成为政治宣传”的观点时，真的赧颜汗下。回想起来场景都太生硬了，阅读时还以为这就是时代展现。阅读前预定的主观政治情绪、历史认知真的会影响对作品的判断，检讨自己，原来也还是被某种政治情绪冲决，自我标榜的艺术真实性评判沦丧了。但是，极不赞同那种“不开药方、纯粹宣泄”的批评，文学中的情绪能鼓动读者也是因为共鸣，时代苦痛有何理由不被书写？,P
0,杨式八卦掌,2012-11-06 15:20:31,,没有想象的那么经典，有点失望了,P
0,洋葱发芽了呀,2019-01-21 01:11:06,,真是对过于直白而形式的内容接受无能 但作为开山之作 依旧敬佩其勇气,P
0,云无心以出岫,2020-05-20 00:34:49,,1977年的春天到了。,P
0,是柯小基呀,2022-04-24 21:41:19,,小流氓宋宝琦不相信知识，还未开化；团支书谢惠敏被异化，相信的是意识形态让她相信的内容（牛氓是黄书，批评玩麦子的小孩儿在动贫下中农的东西，外国的黄书比中国的黄书还糟糕），更无药可救，平凡的张老师的一句话让人醍醐灌顶：不要相信所谓的权威，要去读原著，产生独立的想法与思考，我们每个人都应该培养这样的意识，这样才不会随波逐流，会推动新的思考的生成，要记住真正的进步永远不是建立在二元对立（比如资产阶级无产阶级）这样简单的对立上的，过分对立会导致僵化和故步自封。,P
0,newboy,2023-11-27 12:22:39,湖南,文革结束时刻的文艺作品，可以看到“四人帮”文革对教育系统的影响，对人性的压制。,P
0,吴妮玛,2018-03-07 21:00:08,,语言幼稚，时代感强。老师要求阅读的，看的时候全程尴尬,P
0,Maoyehu,2013-12-31 06:43:36,,时代产物,P
0,noni,2020-10-10 10:55:46,,抛去它的历史地位来看就只是一本普通小说,P
0,星回十四,2022-03-07 20:57:35,,这本是真的觉得文学史价值大于文学价值，我读起来感觉没有什么情感的波澜，就是在描述一个故事。四人帮刚刚打到，就出现这样的作品，让当时的人都深受鼓舞吧。但是也不难看出四人帮对当时人民精神上愚化造成的伤害。,P
0,爱情判官,2021-11-19 08:31:33,,嗯如果用形式主义批评来看，这文本没有可值得鉴赏的美学价值,P
0,千甜,2022-12-06 00:28:42,甘肃,救救被四人帮残害的孩子们吧,P
0,小找,2022-05-10 09:06:29,,彻底为课文而生的一篇文章,P
0,ShelleyLin,2013-09-06 16:55:36,,据说是文革后伤痕文学的开山之作和代表作，随便读读。,P
0,九路巴士夜间线,2020-06-17 13:32:12,,1977的春天。历史和政治感好浓。,P
0,贰拾錒,2022-02-15 13:47:50,,红专！,P
0,漏水盒子,2023-10-24 17:50:41,湖南,历史意义大于文学意义,P
0,[已注销],2020-01-06 12:26:49,,,P
0,在逃丧人员,2020-11-11 11:03:17,,四人帮被灭后给花朵们留下了深深的畸形,P
1,Koblenz,2016-10-08 13:03:29,,可千万别忘了读完这篇文 ，我的吐槽天赋……哪天没事干，一定写……,P
0,BeauvoirVee,2019-04-03 08:13:22,,就真的全在文学史价值了。,P
0,已注销,2020-05-30 11:43:42,,伤痕文学代表。,P
0,珊珊不来迟,2024-11-15 08:15:22,上海,更多的是文革时代遗留问题的记录吧，和老爸平时给我讲的生动程度也差不多，从文学的角度看算不上一部好书。,P
0,布谷布谷,2019-06-22 16:40:46,,七十年代的书单推荐,P
0,杜诗镜铨,2017-07-26 15:25:10,,故事不完整…部分段落看得让人尴尬。,P
1,Cheshirecat,2019-12-05 08:58:04,,文革后首篇反映对于文革时期思考的文学作品，为伤痕文学开启了序幕。文革后的张老师对于学生的教育、谢惠敏的深刻文革思想等等文革时期的遗留问题该何去何从，都是当时需要思考的。,P
1,可恶的周舟,2020-02-23 15:59:31,,讲了三个故事1、《世界上没有两片完全相同的树叶》一个教学技能优秀的老师因为洁癖而年年评不上优秀教师2、《班主任》张老师因为收乐小流氓做学生而收到很多非议3、《立体交叉桥》北京的一家人因为无法分到房子挤在一个屋檐下而矛盾不断。反映了一些社会现实。,P
1,墨绿茉莉,2019-11-16 14:05:21,,未来被荼毒，也在下一个未来继续生长，张老师的决心实在感染人，伤痕需要被治愈，不分微不足道，努力就是添砖加瓦,P
1,SealSaxxx,2021-08-28 01:29:31,,就时代背景而言这本写得还算不错和有意义的 尤其是塑造了谢惠敏和宋宝琦这样完全对立但本质上又相同的人物 还挺喜欢这个设计的,P
0,行行重行行,2021-03-17 09:22:51,,文笔幼稚，几无创新，时代意义大于文学意义,P
0,庆历四年春,2020-04-21 14:52:03,,历史文化痕迹十分明显。,P
1,Summum Bonum🍀,2018-07-02 23:14:22,,80年代是值得retrospect的，那个时候的思想大解放、摇滚先声（崔健窦唯）、美学热，大家都对中国的未来充满了期望，可是呢…末期最终还是拦腰砍断了。,P
1,有可爱的小耳朵,2018-04-26 13:06:58,,形式还是文革的语言，但是内容是出于知识分子的反思了。总之在那个年代已经是难得的作品，历史意义比较大。,P
1,"Toohaoo""",2015-02-17 15:06:15,,非常有时代特色,P
0,醉酒y2k嗑学家,2022-01-22 15:19:18,,时代背景浓厚 情节设计和文笔就一般,P
0,西西弗斯本斯,2018-11-23 14:32:27,,伤痕文学,P
0,米尼蒙奇奇,2018-11-20 11:57:53,,时代意义高于文学价值,P
1,闸北鹿鹿鹿,2017-08-12 11:32:23,,"三颗星给《班主任》
从一个个体的悲剧，揭示文革阴影下的时代悲剧，疗伤治愈，“救救孩子”。
四颗星给《立体立交桥》
立体立交桥症，空间环境的逼仄让人精神扭曲。空间的狭小也寓意着六七十年代 思想 创作 的空间狭小，把好好的人逼成“狂人”。

“立体交叉桥，这意味着将有限空间向宽阔处开拓，意味着将拥挤的人流向开阔处疏导，意味着给人们提供更多的空间，在人与人的关系上提供更多必要的回避机会，因而也就意味着抚慰、平息大量因空间壅塞而感到压抑与痛苦的灵魂”",P
0,暗淡蓝点,2016-11-26 14:36:39,,什么鬼啦…orz,P
0,慕珝,2020-06-15 11:42:14,,伤痕文学代表作,P
0,reversal,2021-05-17 16:12:42,,只看了前两篇 绿叶比班主任喜欢些,P
0,bell,2023-05-22 19:39:18,上海,很受时代影响的小说,P
2,起床n小时,2017-04-26 13:39:44,,非常喜欢这本书，一口气读完，并不是被他的语言，情节所吸引，而是完全被文中的班主任所感动，文中的谢惠敏和宋宝琦是两个被当时社会毒害的青年代表，有着更多的探讨性，但是，我依旧被班主任张老师所牵动，他的外貌犹如一位敦厚可亲的智者，他的思想让我的情感得到跳动，她是一个让人打心眼里敬佩又喜欢的人，他接受了宋宝琦，让他漂泊的心灵有了停靠的港湾，他也会为了谢慧敏的固执阶级斗争而担忧，是一个班级的一家之主，正式有了这些肯付出的人，我们的心灵才可以得到润泽，祖国的教育事业才能健康发展！,P
0,斯雷哒哒哒,2020-08-30 21:22:02,,时代意义更大一些,P
0,读读悟悟,2023-11-09 10:26:08,山东,"借短评评《班主任》。
经老师介绍，读的第一篇伤痕文学《班主任》，特殊的时代，全盘否定，但感觉还是没有脱离属于那个年代的某种悬浮状态——把所有的坏归结为四人帮。
语言风格上，我想，可能必须要把思想包上糖果，才能让当时人接受。确实，读来不费工夫，够通俗，够易懂。
同时。很怀念那个年代，打破了旧的，新的还未建立起来，一切都可以理想化地想象，真好，现实还没急匆匆地赶来，坐在起点自由畅谈未来的时代。",N
0,小黑妞,2019-06-25 11:49:47,,一本短篇集，看了前两篇，那个时代下的故事,N
0,波奈蜡烛,2020-04-28 00:21:08,,"这算是读过的第一部伤痕文学的作品吧
我从不愿意面对羞愧的过去
伤痕文学更像是给自己一个机会去接受犯下的错误，去审视犯错的原因，去悦纳曾经犯错的自己。
由此，自己忽然能够释然先前患得患失的小错",N
0,pi,2024-11-15 16:19:22,吉林,读了我爱每一片绿叶和班主任 ，以当代读者的角度，也许当时一切很天真,N
0,快乐无限点,2021-09-09 14:33:58,,那些岁月,N
0,不吃饼,2019-11-09 15:54:16,,时代性太强了……内容过于空洞了吧……有时候叙述一件事情讲着讲着就引申到马列主义，毛泽东思想，观点提的太高了……可能我见识浅薄有点读不懂……,N
0,九三,2021-06-13 22:42:29,,爱,N
0,苏格拉没有底,2021-04-24 19:14:08,,"太阳这么大，对万物等同，但是事实上，黑夜来临时，光明无处遁形。
伤痕文学的帷幕被拉开，我得以听到龙的叹息和血流过的声音。混乱是一条迤逦黑蛇，蛇信子划过无数是文人的脖颈，泛起十年甚至更久的寒颤。
《我爱每一片绿叶》揭露政治激烈环境下的人们毫无个人隐私的残忍事实，魏锦星的灵魂被掷进油锅猛炸，太阳下曝晒的不是赤条条的躯体，而是示众的真诚，裹挟屈辱与无力。
《班主任》是伤痕文学的代表作之一，但相比《立体交叉桥》的艺术效果和深意逊色很多。我们都有“立体交叉症”，都需在心上架起灵魂的立交桥。
“为什么人们眼中心中对这种人情世态都一清二楚，而人们的口中笔下，一到公开场合，又都不愿、不敢承认，连蔡伯都那样的最真诚的作家的作品，也只能是浅浅地触及，闪闪地躲避？”",N
0,韩秀智,2011-09-10 09:48:21,,Mr. 推薦,F
0,小王子,2014-06-25 21:27:05,,得分好低额,F
0,Star,2021-10-20 21:44:15,,伤痕文学,F
0,wowo酱,2024-02-17 00:16:10,北京,伤痕 短篇小说,F
0,tsuntsundere,2021-09-10 06:55:28,,微信读书,F
0,悦卷,2023-09-02 23:21:45,四川,伤痕文学，我不想回忆过去，但过去的岁月不自禁的脑海中浮现，有时间看看。,F
0,长风,2023-10-11 23:08:55,山西,余华笔下的那个时代是具象的、血淋淋的，而刘心武笔下是抽象的，平和的，但平和里不断透漏着“杀人不见血”的悲哀，无声的轰轰烈烈里吞噬了多少人的生命,F
0,花重,2021-11-05 08:11:29,,不要再说救救孩子了，救救家长，救救班主任吧,F
0,Jancey,2018-11-05 20:32:59,,创伤文学,F
0,H,2017-09-02 09:26:16,,好好奇一个当年讲红楼梦人，年轻的时候还做活伤痕文学代表人怎么写的文章。据说当时《班主任》在《人民文学》发表以后，很多人在公共汽车上传阅这本杂志,F
0,我只是说假如,2018-03-27 14:40:45,,既然是伤痕文学代表作。。。那我还是要看一下,F
0,兔子,2019-10-17 09:28:39,,像狂人日记一样结束了一个时代，开启了一个新时代。结束了文革时代，开启了新时期文学。,F
0,没关系,2020-11-08 19:49:37,,伤痕文学，从《玉米》来。,F
0,Farolito,2018-02-25 22:00:00,,王小波,F
0,要去申城了,2021-06-06 18:15:35,,我承认我不曾历经沧桑,F
0,王守谦,2020-08-26 20:14:23,,教资～伤痕文学。《最初的呼唤》提及。,F
0,旧时代抄碑人,2024-03-31 20:16:45,浙江,伤痕文学代表作,F
0,TIMEX,2024-12-16 09:45:45,新疆,当代文学,F
0,带着蜗牛去旅行,2025-06-11 19:20:36,重庆,班主任必读,F
0,流年,2019-02-23 22:07:21,,伤痕文学，历史地位大于文学地位,F
0,文学理论全解,2018-09-28 19:55:11,,考研,F
0,帷幕,2017-04-04 16:42:14,,,F
0,知難,2021-01-26 10:35:12,,傷痕文學的第一個潮頭代表性,F
0,喜喜,2020-12-24 00:37:52,,王小波说写得不坏,F
0,坏习惯,2023-09-04 13:49:48,四川,读库2023,F
0,七彩爆炸头,2022-11-19 01:09:30,山西,后文革时期伤痕文学（hurts generations）代表作,F
0,a gift,2014-06-03 19:32:11,,"第一次
认识刘心武是通过这本小说",F
0,我执,2020-05-23 13:15:57,,为工作需要,F
0,仲夏微醺,2022-03-16 23:41:53,,文学,F
0,重回2015,2021-09-22 16:08:47,,大三,F
0,rz今天阅读了吗,2022-04-22 14:33:30,,“救救孩子”“伤痕小说”,F
0,李子园,2022-06-29 14:49:34,,伤痕文学,F
0,Noora,2023-01-25 17:41:52,四川,@2020-07-07 08:28:54,F
0,西里嘎嘎,2018-12-24 22:07:11,,想了解一下,F
0,Yan.,2015-12-17 08:56:04,,经典系列，重读,F
0,多少,2015-12-16 22:13:57,,短篇先说,F
0,豆友147711554,2016-06-30 08:32:56,,123,F
0,足球虎,2017-04-12 22:29:24,,爱,F
0,张苗,2015-08-07 16:06:14,,教学,F
0,手里的枣花xian,2016-03-06 19:20:50,,班主任,F
0,宁宁,2015-11-19 12:57:30,,班主任,F
0,Forever,2016-10-18 10:31:24,,就是想,F
0,用户508862196,2016-11-13 10:38:28,,没有,F
0,咕咕,2020-06-10 03:25:45,,伤痕文学开始的标志,F
0,嗯哼,2020-06-04 09:18:36,,伤痕文学,F
0,wwcc,2024-06-02 20:49:25,上海,1,F
0,豆友4HiEq58NZk,2025-04-23 16:34:44,广东,伤痕文学的开山之作,F
