点赞数,评论者,评论时间,评论位置,评论内容,评论类型
0,kissmedeadly,2022-05-10 19:56:03,,张洁原著,P
0,千寻亿选,2023-09-25 15:41:43,上海,虽然是伤痕文学，但写的挺唯美，结尾也很美好。,P
1,夜夜猫猫🍊🐱,2023-10-09 16:50:14,北京,"张洁作品的题目都充满着一种少女感，文艺青年气息，如本作，再如《爱，是不能忘记的》《世界上最疼我的那个人去了》，都是这样。

伤痕文学的代表作品。小说讲述音乐家梁启明在被送到森林里劳动改造后，意外发现森林伐木工人之子孙长宁的音乐才华，并培养其学习音乐的故事。——在张洁的个人简介里看到，她喜爱音乐，而这篇小说以音乐为主题，大概也是真情流露吧。

文笔追求唯美，但如今看来略有老气，在当时或许能给人以美的启蒙。",P
0,dhcn,2017-04-12 14:14:32,,看的不是漫画，是文字原著。,P
0,朝菌不知晦朔,2020-11-19 23:12:02,,读的原著。可以看出凉老师很喜欢这一篇，但似乎不是我喜欢的类型，让人想起高中语文的阅读题（。,P
0,FermeFaon,2019-09-13 22:59:45,,读的原著，清新自然，追求诗意，森林进入城市，音乐蕴藏感情，掩盖不住累累伤痕。,P
0,lcs8601,2024-06-03 13:48:14,贵州,现在的破格录取都是口号，开后门才是常态,P
0,黎温,2022-03-04 00:47:42,,几篇伤痕里最好最打动人的一篇，虽然最后还是理想中的1978年春天，但曲子至少在森林里写下了,P
0,安之安之,2019-11-08 18:08:50,,读的原著。,P
0,丙火,2022-01-14 17:25:01,,张洁用先悲后喜的故事结构，用散文式的浪漫形式，用伤痕文学的题材，写出的短篇小说，它以乐观主义精神画下句点。,P
0,[已注销],2020-01-06 13:17:11,,,P
0,baibaimu,2025-03-18 09:58:19,江苏,听了张洁原文，老小孩最后的最好时光,P
0,大耳狗(打腿版,2024-06-04 21:10:20,北京,很唯美的一个故事,P
0,麦子,2021-11-05 11:46:36,,李杨老师仍旧很喜欢这部作品，2021年秋当文，课上全篇朗读。的确是美的艺术的教育啊。,P
0,mo,2019-11-18 19:00:51,,伤痕文学，风景,P
0,牛頭角青年,2023-05-23 09:54:17,广东,学校高三周测现代文阅读语篇，考试时没想到是这样的背景，疑惑于梁启明之“理想”究竟是什么。他的理想远高于音乐，是启明，是在如人般伤痕累累的森林中，吹奏长笛抚平万物伤痕。,P
0,梦中之影,2022-07-26 20:47:51,,突然很想读这篇,F
