点赞数,评论者,评论时间,评论位置,评论内容,评论类型
3,倾听再度洪水,2019-10-14 17:00:27,,"床上罩一条天蓝色的新床单，象无风的水面那么平整和柔和。
床单的皱折向四面张开。他好像坐碎了一块玻璃。
冯骥才还是有文笔的!",P
1,唧唧复唧唧,2018-12-15 00:48:45,,"80年代可以写的内容，现在估计放出来不被和谐也很难了吧。
仿佛是找到另一个途径，去窥探当年究竟发生过什么。",P
1,球友基哥,2024-04-07 17:20:43,江苏,1979年由人民文学出版社出版，冯骥才原著小说！特殊时期背景，伤痕文学的代表作！豆瓣里的标签封面是1979年出版，其实本书于1982年3月，上海人民美术出版社出版了同名的连环画，由郑谋梅改编，段海云绘画，画面十分精美！可惜豆瓣标签里没有标注！近期也淘到此本连环画，实在珍贵，感兴趣的看书评，由于题材敏感，不作太多的介绍！,P
0,北溟鱼,2022-03-27 10:02:22,,爱情在歧路之上，才会弥足珍贵。,P
0,上外俄语_和风,2016-07-27 22:03:12,,伤㾗。遇到俄文版的，一并读了,P
0,小鸟杀手,2015-03-13 01:58:25,,。。。。。,P
1,拙贝,2016-04-02 19:13:02,,虽然情节老套，但是写得却真实感人，最后生硬结尾,P
0,桃乐丝Janine🍑,2021-06-22 11:09:55,,伤痕文学代表作。那个时代的伤痕文学主题为先，文笔都差不多。但这里面郝建国是个写得很好的形象，他的自私自利、卑鄙无耻，居然徐老师平反之后害怕被报复，主动要求常鸣在保证书上按手印，那时候革命的虚无，他们也许并非不知道，红卫兵当年很多人是明知道革命无理，但是依然大搞批斗，隐身的骗子们在蜜果四边撒下拌了糖的毒粉，在征途两旁布下铺了花的歧路。这就很深刻了。,P
0,秋秋qwq,2025-04-10 21:29:05,广东,写得很动人。,P
0,苏原不是江湖骗子,2020-05-04 17:57:26,,剧情依靠的是巧合，但是文笔和场景都很好，所以看到最后还有点感动。,P
0,mom0,2020-01-04 11:58:13,,收尾有点急了，整个故事还是真实、感人的..,P
2,朝狗,2017-04-24 19:58:10,,情节有点太套路了 不过还挺感人的,P
0,周之余,2022-07-12 23:47:14,,感谢生活只读了这一篇没再读下去了，并不喜欢这种方式,P
0,雪中丽影,2013-12-18 14:28:12,,伤痕文学,P
0,日光,2020-04-16 22:27:21,,好多描写很动人有画面感，情节细想还是有点言情？结局好像也有点急,P
2,不见青衫旧_,2018-01-03 17:02:16,,白慧真的是一个对自己有要求的人 因为一个过错从自己身上不断找原因 不断的检讨自己和改变自己的观点 常鸣是喜欢白慧的 因为她的性格她的思想 本身就是吸引人的,P
1,游啊油瓶,2020-06-28 00:22:23,,"细节入木三分
读起来酣畅淋漓",P
0,Jojo,2020-03-08 16:09:20,,特定的时代年轻人容易被潮流推着走，犯过错误很正常，但被原谅和原谅自己花了她很长很长时间。现实主义伤痕文学。,P
0,哦哦哦,2024-05-11 20:33:36,陕西,应该算是爱情小说里面很出色的。追求爱情的路程何尝不是一段歧路，铺满鲜花的背后，潜隐多少艰辛。,P
0,雨天的蚯蚓,2024-04-10 10:03:10,河南,信仰文革的白慧目睹小将们的暴行后，思想产生动摇，开始醒悟反思，而父亲遭受的不公对待也是促使白慧清醒的契机。尚铭代表的知识分子成为启蒙者，《热爱生命》成为启蒙书，和《班主任》异曲同工。结尾四人帮垮台，历史转折，受害者和加害者经过激烈思想斗争后双双释怀，走向光明未来。通过白与尚的爱情表现性别和人性色彩。简化的历史，缺乏深度的反思，罪过归于四人帮，更多展现“向前看”的迫切和对受四人帮欺骗青年一代的包容。,P
0,河暝,2025-04-25 09:07:04,天津,好疼,P
0,麦狸,2019-03-22 23:32:10,,xt力荐...,F
0,tsuntsundere,2024-11-10 17:41:22,广东,我的第一部伤痕文学所写并非那时代的诉苦与名渊。不是文革的苦难，而是向当时千千万万陷入政治骗局中，痛苦又茫然的红卫兵呼吁忏悔。来自冯骥才的西欧思想游记。,F
0,上游,2023-10-30 14:35:44,宁夏,了解文章内容,F
0,wushirenfei,2016-04-07 18:58:05,,伤痕,F
0,心雨,2018-02-20 16:31:28,,有文学内涵,F
