点赞数,评论者,评论时间,评论位置,评论内容,评论类型
1,吹牛皮不带鲸鱼,2021-04-13 15:49:56,,湘农图书馆藏书30。有点怀疑，那个年代的女性，内心里能有这么多汹涌的波涛吗？,P
1,泽泽,2011-08-24 14:04:52,,一本小说的好坏不是他写什么，而是没写什么。这不像伤痕小说，甚至不像小说，更像被阉割的历史记录史。。,P
0,rzsgLVstudy,2010-08-05 23:49:21,,好重的川味儿- -“  四川方言小说,P
0,密斯.W.,2010-06-15 12:16:33,,浓厚的时代特色,P
0,杨那人,2020-02-25 14:18:29,,烂,P
0,torn,2021-11-05 15:38:38,,这种风格发展到后来，就是《平凡的世界》。很有时代烙印的小说。,P
0,糖,2014-07-13 09:47:39,,放到大时代应该是不错的作品，不过非常看不惯作者自己的抒情评论。,P
0,sishuiliunia,2010-06-18 00:00:37,,真喜感,P
0,易暝君,2017-12-27 21:25:03,,"有种文字朴实素仆的散发着的一种泥土的芳香
能够安静、平和地给人一种纯正的力量
没有刀斧修饰，没有踌躇彷徨
所言之物虽然渺小
但始终在默默地催人向上
让人始终愿意相信这个世界的一切美好和善良
让人能够在一个物质匮乏的时代保持正直、不卑不亢",P
0,繧,2019-01-30 20:53:43,,2018.10.23在图书馆读（后来找不到这版，大概是被借走了，换成红本,P
0,王奋斗,2020-07-05 17:21:13,,把人性的压抑和心灵的扭曲归罪于文革，完全是作家们在书斋中的闭门臆想。是后文革时期，亦步亦趋地紧跟宣传，是没有独立思维没有独立人格的另一种形式的表现。那个时期，文人笔下的人物怪异、扭曲，现实中的百姓却以正常的情感快乐地生活，即使在文革中也一样。,P
0,catos,2011-09-13 12:15:31,,"流言蜚语交织成的网差点绞杀了四姑娘；
颜组长连身边的小齐都不能影响...",P
0,嗯,2018-11-19 13:22:46,,高中,P
0,不散的宴席,2011-06-20 22:25:21,,第1届茅盾文学奖，了解那一段历史,P
0,451½°F™,2025-06-01 22:23:20,上海,读完《过日子：农民的生活伦理》后，书中的农民家长心态如同典型的社会案例一般，不过本书的重点其实还在于前「改开」时代的「拨乱反正」，从写作宣教角度看，依旧属于官方教化口吻，塑造新一代好干部，却对农民愚昧生态和「坏干部」写得吊儿郎当，特别还乱入了作者本人的评价，显得杂乱无章。,P
0,五陵少年,2021-04-22 14:54:43,,"本以为 第一届茅盾奖的得主会有过人之处，现在看来 不过3.5分
剧情推进十分突兀 情节莫名其妙 
时代特色鲜明 只能说是名副其实的 时代产物",P
0,须弥沙,2009-06-10 19:24:05,,那个年代的烙印，大二。,P
0,啁啾,2018-10-22 13:08:13,,从农村一家的思想变迁间接的阐述了“文革”时期，贫苦农民的生活状况，物质缺乏，精神匮乏，社会主义的大饼越来越远，脱离群众的现象日渐凸现，紧急关头，正义的化身，村落的领头羊挺身而出，带领乡亲们勤劳致富。,P
0,iz*one马超,2016-03-24 10:58:24,,后来人们态度的转变也太突兀了吧！！！,P
0,鱼泡,2014-03-23 16:12:59,,感觉是发生在资中的事情,P
0,流星蝴蝶剑,2021-12-02 15:26:41,,略感虎头蛇尾,P
0,开满阳光的树,2015-03-27 22:41:57,,虽然是政治意味很浓的小说，但是却很吸引人。每个人物形象都很鲜活，完全能够感受到三姑娘的泼辣，四姑娘这样的女人很讨人喜欢，让人觉得安心。还有吴昌全，金东水，许茂老汉，最后简直是感人。时代造就一代人的性格。相反，对颜，虽然是很好的党干部，却觉得写得太无可挑剔，反而印象没那么深。,P
0,ss,2012-12-18 11:27:53,,农村生活主题~,P
0,茄子油大不健康,2014-07-27 16:05:16,,党性作品。,P
0,春江水暖,2011-04-13 20:50:36,,不知道其他，对四姑娘挺喜欢的,P
0,yummy,2014-05-03 15:24:10,,比较失望 只能说是那个时代的应景之作,P
0,Joycce,2016-09-22 09:18:16,,四川文学^_^,P
0,逸荒青春,2014-03-05 15:43:42,,整本书时间跨度简短，但内容丰富。有看过的为数不多的小说中最多的细节描写，大量的心理和景色刻画。很真实的再现了那个年代的时代特色和人格特点，个人感觉不错,P
0,壹十三,2013-01-13 00:27:48,,落空了的期待，往往是注定了的事，是曾经的不争，曾经的嗤之以鼻导致的。——小剑的青春工作室,P
0,风,2016-01-29 10:05:29,,"时代痕迹太浓，男女关系也有点乱。
四川地区，坝子是个什么概念？
文革时期，生产队、大队、公社、镇的关系及我老家当地的情况？",P
