点赞数,评论者,评论时间,评论位置,评论内容,评论类型
55,仲秋月含颦,2012-04-26 15:19:03,,很不欣赏大部分七八十年代出现的反思文革的小说，特别是他们的叙事结构与叙事角度，太过渲染营造，太多颐指气使，太大相径庭……作者成为判定角色一切的法官，将里里外外横竖一切都呈现出来，并不是什么好事，反而读到后面让人生厌，丝毫感觉不到人物的生动。这是中国现当代小说创作里常有的弊病。以此看来，电影版的《许茂和他的女儿们》，应比小说更加让人容易接受~周克芹是个心思缜密、观察入微的作家，但他的质朴正直并不能弥补结构与语言上的缺憾。小说之所以能够获奖，许是奔着他那颗热情、乐观、积极的心去的；然而显而易见的是，许多被权威确定或“公认”下来的佳作，相形并不那么阳光的现实，反而太过稚嫩与天真了。,P
36,葵hua子,2012-12-10 20:39:56,,平凡的世界之外，最喜欢的一本，这种毫不做作的纯朴在如今的作家里已经基本绝迹了,P
26,游曳有鱼,2018-05-30 16:21:55,,许茂的转变太过突兀，似乎缺乏过渡，除此之外，或许笔触淳朴，但联系时代背景来看，小说里的人物对于个人，家庭和集体，社会关系的思考，确实挺有代表性的,P
14,大-燕-威-王,2011-09-15 15:47:12,,“个人的幸福，只有等到国家的情况好转以后才会重新到来……”换而言之，如果国家情况无法好转，个人幸福的实现是会受到直接影响的。,P
10,Sisyphus,2012-06-18 14:43:26,,读过的几本第一届茅盾文学奖获奖作品基本上都是反思文革 展现十年浩劫中人性光辉的作品 虽然文学为政治服务 但其对真善美的追求与描绘依然能够打动人心,P
3,Soloist,2012-01-14 00:41:56,,怎么得的茅盾。。。。,P
3,复海,2010-09-08 15:59:35,,当年周克芹呕心沥血，以减损自己生命为代价完成了这部小说，但是现在再读读，留下的除了失望，没别的了。,P
3,甜m i l k 。,2011-05-15 19:36:09,,我是以怎樣複雜的心情看完的這書？讀著四姐的經歷竟然流出了淚水，好久沒有讀書讀到感動的哭了，雖然只是那麼一滴淚，對我而言，實屬不易。早在開頭就預感到了最後的結局一定會是好點的，儘管還流露著一些不安。最後不管結果怎樣，我祝福他們。還是那句話：性格決定命運，女人還是現實一點比較好。而且最重要的是珍惜生命，只要活著肯定會遇上好事的！,P
4,Tian某人,2019-08-04 17:35:36,,茅盾文学奖中比较一般的一部，相同题材的作品更喜欢《芙蓉镇》。,P
4,灯台百合,2013-02-09 01:37:35,,原来想着，可能没那么好看。先看的电影。最近才看的小说，没想到错了，还是很有意思的，对话写得相当的生动活泼，虽然作者好发议论，但在当时的条件下，写得非常非常棒，许茂有点儿像班纳特太太。,P
0,隋混混,2008-10-29 09:09:17,,农村题材加上旧时代，就把我隔去好远,P
0,小心,2008-02-17 17:11:10,,短小，还不错,P
0,流星飞绊,2008-02-18 14:17:24,,了解历史,P
1,周予樟,2012-10-18 00:24:17,,如果周克芹还活着，我非要去问问四姐有没有原型。,P
0,东莱虾,2008-07-23 23:06:33,,曲折的情节，细致的景物描写，不愧为茅盾文学奖作品，强烈推荐大家去看看！~四川乡村风貌的描写，让人沉醉其中！~~,P
2,夏亦润秋,2015-09-19 19:17:12,,个人感觉这本书获得第一届茅盾文学奖与其所处的时代有着紧密不可分的关系，书写的很淳朴，特殊时期的农村青年的烦恼困惑。并没有太大的感觉，不如其他一些茅盾文学奖作品带给我的感受深，思考也并不多。,P
0,晨晨的五月天空,2008-04-20 00:00:07,,土,P
0,薛瑞尼,2013-06-11 22:59:43,,把中心思想说出来的文章不是好文章,P
1,非了,2015-08-02 17:41:59,,九个女儿，有几个写得很少，何必呢,P
2,嘿嘿嘿,2013-08-31 18:45:22,,不是个人喜欢的风格 太主旋律。,P
0,行尸走肉走走,2014-01-11 21:59:55,,两个电影和书，都不如一个电视剧。少见。,P
0,紫云英,2014-08-14 16:33:44,,又读了一遍。全开放式的结尾，不能说是“政治挂帅”，也不能简单认为是反思。是拷问，是呼喊，是希望和痛惜的撞击。哎，单纯地看，我真是喜欢从前那股精气神，陷落污泥中仍保留倔强的希冀。,P
0,天天天蓝,2010-10-23 09:59:29,,其实我觉得那个时代农村的精神、信仰、觉悟比现在要好很多很多……虽然生活确实很艰难。看的时候真揪心，生怕四姑娘真的寻死了……幸好结局还算圆满。但是却伏笔了新的灾难，“党内斗争正如火如荼”呢。隔了几十年，现在的党内斗争其实也不弱吧……只是已经少有人再信任组织了。,P
0,卜,2008-08-07 10:37:30,,去年底喜欢看矛盾,P
0,屿舟。,2013-07-07 15:51:31,,特有的七八十年代的文字风格，比如喜欢有感叹句。人物的内心活动写得太好啦~四川人写的四川的故事，太有亲切感了~有的话有的词，地地道道的四川味~比如箢篼，幺妹儿~推荐,P
0,雪蟾秋,2014-10-15 09:44:32,,寄于乡村家长里短的浓厚政治色彩，笔触看似随意，实则蕴含丰富,P
0,[已注销],2007-12-26 22:56:21,,周克芹,P
0,Mark,2015-10-27 11:15:30,,阅读价值就一颗星，了解那个年代的时代特征。。另一颗星是茅盾文学奖的加分,P
0,小鸭子,2016-01-10 18:13:41,,特别喜欢这个！人物心理刻画得很棒！,P
0,nearby,2012-02-19 17:39:00,,高一。最早看的关于“文革”的小说。,P
0,Merry,2012-02-19 00:03:24,,文学水平方面我缺乏鉴赏力，不予品评。但书中那些平凡的人们，他们曲折的命运和对幸福的追求，的确牵动着我的心。希望那个将少数人的权力意志建立在大多数人痛苦之上的时代，真的能一去不复返。权力垄断者的开明政策基础上的幸福，只是建在流沙上的城堡。人民能够决定自己命运才是美好生活的牢固根基。,P
0,铃原子,2013-06-11 15:12:42,,人性的万花筒，历史的凸透镜。,P
0,baby,2010-09-14 22:56:06,,时代变了，再也不会有老九那样单纯坚定地爱党的人了。,P
0,简,2012-06-04 22:47:36,,还是不错的，感觉书中的人物都太压抑了，人物性格不是很突出，这就是真实的生活吧,P
0,子十,2013-11-03 12:09:56,,好奇重庆农村的样子,P
0,冲浪者,2012-08-16 17:25:36,,其实想给三星半,P
0,鴍諌🌈,2014-06-27 15:27:36,,就像时代切片一般，极具时代特色。现在看来，全书最大的特点是：语言轻浮、情节幼稚，可是每个时代都需要一些记录时代风貌的作品，我想着也是文学的意义吧。那些散发着土味的老娘们儿裤裆话简直逗逼,P
0,羊苴咩,2009-07-07 00:38:25,,就像没读过似的,P
0,璃人泪@2011,2013-04-01 15:40:12,,有点单薄,P
0,梭边鱼,2016-01-17 20:03:16,,低配版的平凡的世界,P
0,舒歌,2012-06-03 06:23:43,,对第一届茅盾文学奖从来不能估计过高，那是个刚刚走出莫须有和文字狱的年代，嘉奖的更多是一种敢写的勇气而不是写得多妙多深刻的能力――因此在魏巍、古华这样出色的前辈脱颖而出的同时，也不可避免地鱼龙混杂导致投机者的得意，姚雪垠和莫应丰便是后者中最典型的代表，而这本书的作者、四川农民周克芹老师的情况比较复杂。看完书我随手去搜了一下他，看到他出身农村之后第一反应就是：呃，获奖以后老师你离婚了么？就此问题搜索后，不得不哑然而笑。,P
0,29.,2008-03-21 23:46:45,,相當質樸純真勒感情 資陽前輩,P
0,文心,2020-09-17 13:19:31,,"周克芹在铺排方面的“功力”还是很值得称道的，各个人物的线索交错穿插，不露痕迹，很有古典小说的味道。但为了将四姐的悲剧推向高潮，在情节上似乎有些过分延宕。
小说虽然是要引导读者思考，但倒没什么“高高在上”的人生导师味道，只是，如小说中所说，周克芹抱持的观点是“生活是一本最全面的教材”（242），要点还是在“教”上。",P
0,老男孩,2018-12-26 07:57:05,,以政治正确遮蔽,P
0,蜡树orsay,2007-12-07 23:26:28,,就是好,P
1,妮娜,2012-06-25 01:24:08,,简阳人民多旗帜,P
0,王大发,2012-10-02 10:54:35,,朴实简短的很,P
1,空山,2018-11-05 19:01:09,,四姑娘跳下柳溪河后，为了一线希望爬上岸边，这点让我觉得最幸福，不要死，要活着。那个年代的人真是有信仰，受了那么多苦，对于生活还是如此富有激情。许茂老汉的转变来得太突然，好像为了迎合主旋律的背景，这也许是那个年代的文学作品大体的框架。文中多次描写葫芦坝的茫茫大雾，在这个大雾里，你看不清方向，不知道该怎么办，可是，大雾总会消散，等待着有一天云开雾散，幸福的生活也许就会来临吧。,P
0,出荒岛记,2021-01-03 23:26:10,,文学史意义。女性人物作主角。人物有所丰富，但仍然是传统的模式，坏干部搅乱基层(郑百如)、上级派来好干部带来光明(颜少春)，青年人先进形象(部分许家姐妹、吴昌全)与落后老人(许茂)。,P
0,龙门吊指挥使,2021-04-05 03:56:14,,不真实,P
0,卤蛋er,2021-04-03 11:49:25,,许茂最后终于醒悟看清谁是谁非,P
0,落音吹羽,2021-04-03 22:36:51,,有人说这是乡村版的《青春之歌》，然而感觉它比前者更富有深意，尤其是许茂、许贞，作为一个并不讨喜角色的心路历程的转变，还有许秀云的软弱、金东水的犹疑~~都被描绘得栩栩如生。一开始以为会很乏味的一本小说，竟然津津有味地读到了最后。文字与思想的魅力可见一斑。,P
0,裘千仞,2021-04-04 04:14:14,,农民终究是最苦难一个群体。,P
0,🤫,2022-03-30 12:30:44,,"郑板如 真是个大坏蛋
为了学习积累素材而读的书",P
0,牧之,2022-02-16 17:14:19,,七姐和吴昌全志向不同，一个向外，向往更大更繁华的城市，一个向内，想要埋头耕耘，研究农业，所以我不对他们的爱情抱有希望，还是九妹最适合吴昌全。,P
0,以梦为马,2022-02-22 09:58:46,,对那个特定的时代、那个时代里的人物一向很好奇。浓烈的政治气息、好恶分明、人物单薄，但也许就是那个时代的真实？,P
0,小包子,2021-12-15 23:35:29,,三分之一弃,P
0,Emma,2021-12-22 09:34:23,,短促了些,P
0,kkbear,2021-11-15 16:13:23,,看到最后，本来闪现在暗夜里的点点星光，又好像突然模糊起来。四姑娘啊，我多希望你会幸福，就好像只有你幸福了，全中国的人民才会幸福一样。,P
0,极致鲜橙,2021-11-14 20:57:20,,那个姓郑的为什么不交代结局。,P
0,宓-Y,2022-01-01 16:30:21,,结尾没有交代完全留了余音，除了宏大叙事类型的小说之外，这种单线描述我也喜欢，见证个人命运随着时代沉浮,P
0,Falconwings,2021-11-13 10:51:05,,特殊年代的作品,P
0,兰陵错,2021-11-21 20:10:11,,看着四川方言脑海里想起的就是《王保长外传》，语言平实，但是读着差点意思,P
0,HindenburgAsh,2021-10-21 14:31:09,,许茂的突转是生硬的，许秀云也是忽得便逃离出来。,P
0,SPMK,2022-01-17 11:31:54,,用小村庄在变迁年代的故事，写出了一个时代的缩影，承上启下，充满了希望,P
0,银河邮递员,2023-05-30 23:55:30,陕西,国家、社会、个人,P
0,Bucket,2023-06-09 14:15:25,内蒙古,有的时候释怀就是那么奇怪,P
0,何塞·恩里克斯,2023-07-04 09:06:41,北京,补标,P
0,远树,2023-07-28 15:27:09,河北,不同女儿（生/死，外嫁/本村，团干部/销售员/参军/农民，名声好/有“污点”，性子刚强/柔弱）的命运；在1975年的乡村，”过日子”如何可能：“最近常常在想，个人的遭遇，同整个社会的动荡是不是有关系呢？失去了的个人的幸福，是不是只有当国家的情况好转和安宁的时候，才会重新到来呢？”,P
0,鹏自远方来,2023-08-03 09:28:04,江苏,挺有时代特色的 来自人民 走向人民,P
0,daydayup,2023-08-12 17:48:05,贵州,文字很质朴，对于环境和心理的描写也特别细腻。但是节奏太慢了看得人心焦，稍微有那么点假大空。,P
0,🍊🧡,2023-08-06 11:48:29,陕西,同样是茅盾文学奖作品，它比其他的书要弱一些，情节发展存在瑕疵，角色单一,P
0,常肃心,2023-05-29 15:35:14,安徽,不是很好看,P
0,飘雪的江南,2022-05-21 09:01:22,,大一 只记得他是有个爱慕虚荣的女儿了,P
0,惠姐的惠先生,2022-11-27 10:37:00,云南,时代烙印，岁月痕迹。,P
0,阿凉吶_,2022-10-02 16:37:54,江西,要坚定的相信，一切都会好起来的。,P
0,小胖,2022-10-20 14:25:25,湖南,好久没有这么酣畅淋漓的把一本书读完了，喜欢四姑娘的坚韧不拔,P
0,双鱼座Joo迷,2023-02-04 17:37:10,吉林,女性的坚强值得学习！,P
0,翻斗花园牛爷爷,2023-01-24 15:41:53,山东,故事的大背景是七五年的全面整顿，多年的政治风波给个人心中打下的结，将随着社会风气的好转逐渐解开。喜欢这种朴实的风格。,P
0,小河,2023-03-27 15:21:02,福建,同意之前一个评论，许茂变得很突然…还有可能各种书看多了，觉得那个郑百如坏得有点低级，脑子不是很好的坏人。←_←金东水人是真不错。其他几个女儿太多了，记不住。,P
0,又卷又爱玩,2023-01-08 18:25:44,陕西,"总得来说看完之后觉得政治性要比文学性要高。
怎么说呢，挺像《芙蓉镇》和《一句顶一万句》的结合体，但是政治性上其实不如《芙蓉镇》，文学性上不如《一句顶一万句》，甚至在文学性上略逊色于《芙蓉镇》，但是作为第一届茅盾文学奖来说，已经很不错了，而且在那样的时代背景下其实伤痕文学很难逃离这种政治性的大范围渗入。
但是最让我感觉奇怪的是，这本书有烂尾的感觉，在大概六百多页的情况下我感觉跳跃性太大了，前面描写的太过于细致了，后面的叙述显得有些转折生硬和莫名其妙，很唐突，很奇怪。",P
0,另谋高就,2023-01-09 20:38:52,贵州,好可恶啊，郑百和（他根本没有因自己的错付出代价，特别是对四姐，七姐犯的错）,P
0,不务正业大队长,2023-05-11 10:45:45,江苏,这本茅奖著作充斥着政治私货，其实明着写政策倒不如从生活中暗中反射政策来的讨巧，四姑娘本该是非常好的主角，但是人物性格不够突出，按理说那个年代离婚的人应该非常强硬自主，但是四姑娘又处处体现出来怯懦，作者想要强调妇女解放却又束手束脚，这么读起来着实有些别扭。,P
0,忘川,2023-05-09 09:31:08,四川,带着强烈的时代色彩和鲜明的写作目的，像一出排演好的喜闻乐见戏剧，饶是这样，在那个时代也会追问什么是幸福，意义何在，得出时代的结论，然后再教科书般宣示出来。,P
0,Aim_qi小赖儿,2023-09-08 13:17:49,黑龙江,第一届茅盾文学奖获奖作品，一部政治色彩很浓厚的作品，一个时代的缩影。一直不太敢触碰文革时期的作品，受不了那种悲愤的无力感。这次想按照顺序阅读茅奖作品，这本首当其冲。断断续续的顶着生气读完了，在那个特殊的历史时期中，小人物的抗争是多么的无力。。。ps：怎么会有郑百如那种厚颜无耻之徒！,P
0,INITIAL,2023-09-13 23:14:42,江西,写于七十年代的作品，写的也是七十年代的农村，此时文革刚刚结束，百废待兴，思想重新获得解放，社会急需一次拨乱反正的调整，书中年轻人在思考个人和国家的幸福，不必说，这是紧密关联的。现如今，二十一世纪二十年代，新冠疫情结束，经济失去活力，社会压力极大，却很少有作品写当代年轻人，当代社会，当代国家和个人的幸福，这是这部作品的优秀之处。,P
0,小飞侠,2022-08-15 17:02:56,,20220815,P
0,林晓雨,2022-08-22 16:32:01,上海,戛然而止,P
0,暮雨,2022-09-06 18:32:08,四川,四川方言的农村小说,P
0,田埂边,2022-06-26 14:49:58,,个人觉得这书得矛盾文学奖就过了。。有些人物的性格完全支撑不起来嘛。但是语言还比较朴实啦！把爱嚼舌根的那群地地道道的庄家人写活了。不过真的一般。,P
0,Homfeer,2022-06-17 15:52:33,,中国农村五十年代的集体化运动，和七十年代用锄头改造山河面貌的壮举，同样是世界农民运动史上的两页伟大的篇章。在勤奋、智慧、吃苦耐劳等方面，中国这支伟大的农民队伍可以和世界上任何一支劳动队伍相媲美。表面看去，他们开山挖河，改田造地，只是为了自己的吃穿，而历史地看，则正是他们这种辛勤的简单劳动，在丰富着人类的生活，支撑着祖国社会主义大厦。历史，应该写上这一笔。历史像奔腾不息的长江大河一样，有时会不可避免地出现一个漩涡，生活的流水在这里回旋一阵以后，又要浩荡东流的。书中各种各样的农村故事井井有条，像一曲协调的交响乐一样演奏起来，这种音乐是优美的，和谐的，一点也不单调乏味。徐茂的女儿们如纯洁的兰花，不论是开在穷乡僻壤，还是那繁华都市，他们开在什么地方都一样的名贵一样的崇高。,P
0,哈哈哈嗝儿,2022-07-01 16:34:27,,"看完第一时间我想到什么？感触最深的还是当下讨论正热也永不过时的性别议题，从四姐许秀云、七姐被强暴的经历来看，女性承受了一切伤害，有生理心理社会压力多方面，但是作为施暴者的男性却就此隐去了，甚至能作为胜利者洋洋自得，完全不为毁了两个女孩的一生而有所愧疚；同样在后面莫须有的谣言中，受到指责更多的也是作为女性的四姐，甚至连身边的最亲最爱的人第一时间也是怀疑，性别不平等已经体现的淋漓尽致，可悲。

颜少春，如此开明、聪慧的一个女性…从小说最后看来，在那个时代的洪流冲击下，她的家庭、个人的命运该何去何从？",P
0,罗希,2024-04-14 19:52:54,江西,人类的爱情是如此复杂，阴差阳错，老四、老七、老九都是难遂心愿，失去和遗憾虽然是常态，但永远保持一颗追求当下美好的心,P
0,yuanyuan,2022-05-07 10:57:16,,作者很了解党,P
0,素年锦时。,2023-12-17 16:27:29,广东,周末刷完。大概篇幅受限，许多故事没有清晰铺开来讲，不够过瘾。,P
0,一發,2024-02-10 22:50:04,湖南,"* 整体读下来异常的好读，但是优缺点都十分明显
* 优点在于作为一本小说，它的起承转合面面俱到，不说人物动机，至少在文本中是不出戏的，另外包括大量的人物描写、细节描写、环境描写都十分的出色，在大段大段的环境描写之下可以窥见葫芦坝的全貌，文笔十分的自然。
* 缺点在于人物过于单一和片面，小说名字叫做许茂和她的女儿们，里面每一个出场的人物都十分的脸谱化，或许换句话可能有着那个年代人物的共性，坏人坏到彻底，也没有任何的动机和理由，可能就是受了年代的影响。",P
0,xa.sunf,2024-11-23 12:27:58,陕西,如《暴风骤雨》《太阳照在桑干河上》一样，歌颂运动，控诉运动，各个时代的样板戏。,P
0,weihuadlut,2025-05-02 16:16:27,北京,文字优美。剧情时代剧情,P
0,君謨,2025-04-29 10:42:34,安徽,生活绝不是一潭死水,P
0,判官小远,2025-02-22 22:59:09,江苏,非常具有时代气息和乡村特色的小说，人物刻画惟妙惟肖，茅奖的开篇之作，推荐阅读。,P
1,yumennhan-,2023-03-16 20:03:56,江苏,太“典型化”了，感觉所有人都是死的。,P
0,放学别走,2022-06-29 00:24:38,,最近好奇那个时代的故事，读到这个故事中的一群人：经历同样动荡的岁月，许茂和金东水，被激发出了人性中的脆弱与刚强，像母亲一样包容的颜组长，金大娘；纯粹的恶的郑百如姐弟俩；成长起来的新一代：代表希望的许秀云，许琴，许秋云，吴昌全；许贞，齐明江……,P
0,芒果街上的小屋,2020-08-16 23:40:40,,"哇哦听说根据这本书改编的电影更好看，好的！！
情节未能荡起波澜，风景描写倒可搅动涟漪，虽然我一直挺抗拒堆砌词藻的景物白描，但作者笔下的葫芦坝在抵制这份抗拒😂
全程看四个女儿""兴风作浪""，其他五个女儿是不是变成氮氧填充空气了？无主角光环的配角也可以在某些场合适当地闪动一下吧？
人物对话的语言很生动活泼！朴实无华的真诚感，身临其境感侵袭！有时候就很疑惑一些文学作品里优美的对话粉饰，莫非主人公是即兴吟诗作文选手？
真善美典型，这份实实在在的希望收下啦，之前在书中被灌输的荒诞虚无甚至是无厘头的希望先去吃吃灰吧，会归来。",P
0,狗命要紧,2020-06-06 12:52:03,,生硬,P
0,aska,2016-10-24 11:24:41,,反文革的社会主义现实主义，与《金光大道》搭配阅读效果更佳。,P
0,Lala620🌸,2018-12-04 18:05:33,,不是很喜欢…情节也没有很吸引我。但是描写农村人民的各种小细节很棒，仿佛发生在身边。尤其是小长秀(⺣◡⺣)♡好可爱！！！为了小长秀给3⭐⭐⭐,P
0,blue,2013-12-30 21:27:34,,周克芹《许茂和他的女儿们》是一部在描写当代农村生活的长篇悲剧小说。作者周克芹，五十年代从学校毕业后怀着对乡土的爱恋回到四川农村，一直从事基层工作。六十年代初开始业余写作，《许茂和他的女儿们》就是他于十年动乱后在深厚的生活基础上创作的第一部长篇。《许茂和他的女儿们》向人们展现的则是七十年代我国农村所出现的新的矛盾、新的斗争，通过真实的艺术描绘，使我们了解到早已走上合作化道路的广大农民群众，在历史发展的曲折道路上新的遭遇和生活命运。,P
0,豆瓣酱|心营造,2019-03-29 00:20:08,,枯叶可能是树的问题，破车可能是路的问题，病人可能是环境的问题，家毁人亡可能是社会的问题……当然，向坏是如此，向好也是如此！十分不幸，中国大地上曾有那么一个十年，社会出了问题，很多人被逼出问题或成了问题，让人无法成人，让家无法为家，让故土无法入土为安，让完完整整的一群人零零散散，又想起高尔泰老先生的《寻找家园》，冯骥才的《一百个人的十年》，电影《芙蓉镇》《霸王别姬》……希望以后不要再有群体的狂热，高烧不退！,P
0,朱聊聊,2018-10-20 17:40:16,,作者的真诚是不分时代的，但是要理解人心也很难突破时代,P
0,P,2012-05-21 10:43:54,,好一部农村文革后期批判教科书！,P
0,夏汐Cherry,2012-12-10 16:46:58,,喜欢那种并非不是坏人就是好人的描述。。噗哈哈。,P
0,Q,2019-08-24 11:22:43,,中国当代文学作品选,P
0,Lollipop,2013-11-23 11:04:29,,文字很粗糙，第一届矛盾文学奖，还是上个世纪大锅饭时期，当今人看这本小说总有一种恭维政治的感觉~ 没什么可读性，不过也可以作为了解国家历史的一本书吧,P
0,票友建筑师,2011-02-21 21:20:30,,看的是电子书,P
0,百兽之王,2012-06-27 11:19:57,,也编了电影,P
0,小猪飞飞的麻麻,2012-12-23 01:16:44,,这是个描写社会主义初级阶段，人们在探索前景道路上遇到的一些悲喜的故事，一度觉得很淡的一个故事，但是看到最后才发现这本书为什么能得茅盾文学奖了，真的是写的很有味道呢，最后结尾的一点自己想象，恰到好处啊,P
0,花椰菜,2012-05-02 16:54:12,,高铁上读完，最早期的茅盾奖，年度最优秀的小说创作合理又不合理。,P
0,Suddenly...,2016-05-13 12:47:55,,寫的好長，有一些地方雖然明顯誇張了，但細讀還是令人感動。和周克芹一樣，許多出生農村的作家都有深厚民間生活經驗，以及強大的模仿力。但缺乏“天才”的智慧，讓這些作品也只能在某個特定的時代發光，而會是經典,P
0,Disguise,2011-03-27 23:02:14,,又是一本茅盾文学奖的书，又是一本写于文革结束的书，又是一本充满着理想主义的书。中国当代文学已经习惯于服从于政治社会体制之下了，但是这并不能否定那个年代那些作者的理想，即使在今天看来更似海市蜃楼。,P
0,肥大块,2016-04-09 19:29:18,,葫芦坝上的恩恩怨怨  该你活该背死,P
0,恒星译员,2020-04-29 12:20:07,,基层干部要当好，一心为民很重要,P
0,kis_ing,2013-02-20 21:04:02,,人物脸谱化,P
0,叶隐诚,2010-03-27 11:35:08,,这是茅盾文学奖获奖作品，有一阵这奖专门颁给这种型的作品。类型化我就不提了，问题是根本没写完好嘛。。。,P
0,小宇宙,2020-04-18 20:08:07,,变革时期，农村社会百态。,P
0,quqibing,2013-08-20 20:18:37,,有那个年代的浓重影子，作者总以真理代言人身份出现，后半部分情节转变有点突兀,P
0,六道,2013-06-27 22:02:26,,好书,P
0,i短笛声声,2020-01-02 17:02:15,,2020年第一本书，心理描写感动了我！,P
0,你咬我呀,2014-06-09 13:53:22,,看完书当天接到我妈电话，说从四姨那里得到张飞的消息，瞬间觉得这几个姐妹有种即视感~~~~~感觉还没开篇已经结尾，看这样的书太不过瘾,P
0,未见如醉,2018-06-17 16:47:16,,作為反映文革的作品，作者表現得還是很隱晦。用鄭白如這個人物來體現出時代的荒誕，但整體上說，他的形象沒有樹立起來。,P
0,豆友164987703,2019-09-15 23:57:16,,补标,P
0,迷狐,2015-10-23 19:13:52,,非常单纯好猜的一个故事，提出的问题很普通简单，但依然无法回答。,P
0,陈彩琼,2012-09-05 21:11:43,,这是个描写社会主义初级阶段，人们在探索前景道路上遇到的一些悲喜的故事，一度觉得很淡的一个故事，但是看到最后才发现这本书为什么能得茅盾文学奖了，真的是写的很有味道呢，最后结尾的一点自己想象，恰到好处啊,P
0,啕啕小丸子,2012-07-20 23:15:34,,虽然它在文学史上的地位无法撼动，也确实喊出了文革快要结束时人民的诉求。但是现在来看仍然是一部摆脱不了政治阴影的作品。,P
0,逆风秋雨,2016-03-31 10:37:37,,小说中的政治色彩太浓烈，不过可以理解，受时代限制，留下了太多那个时间阶段的痕迹。,P
0,eagle,2017-11-26 21:40:32,,"特殊特定时期的小说，75年邓二次出山，一切将变未变，将定未定的反复时期，时代时期思想变化特殊而明显。
这篇在矛盾文学奖获奖作品里应该算短的",P
0,LuckyLoser,2019-06-04 21:36:26,,我没有共鸣的一本茅盾文学奖作品,P
0,放养的行李,2019-03-19 11:01:30,,挺好的历史纪实，但这届茅盾文学奖的评委是不是对文学有什么误解？,P
0,凝露的枯藤,2015-03-13 15:34:50,,当时的社会，有这样的作品也算是振聋发聩了。   就是有些义正言辞的过分。,P
0,银河猫迹,2018-04-22 12:23:50,,真的很喜欢这类朴实的文字，里面平平凡凡的人们，是一个时代的缩影，看的过程中，有气到肝疼的时候，有捏一把汗的时候，也感动，心疼，但是里面有着勇气，有着信念，有着那么多善良可爱的人们，只要心结解开了，幸福就不会远了。,P
0,1107 早睡早起,2019-06-02 09:02:39,,我喜欢看上世纪的文学，但这本没怎么触动到我。许茂和他的女儿们，可能人多了，越想面面俱到，反倒有些凌乱。,P
0,那个阿左,2021-02-04 20:44:49,,很亲切的四川话啊，可是为什么总觉得才读到一半就完了的感觉,P
0,天空之城,2020-11-24 19:19:02,,前半部分写得很朴实到位，四姑娘，七姑娘，九姑娘，每个女孩的个性都展现得很好，仿佛就是我们周围真实可感的人，后面写许茂的转折，郑百茹的倒台，金东水的复位，很仓促。总体上属于留有革命时期风格的中规中矩的刻画文革后期农村现实的一部小说。,P
0,扉青,2019-11-11 13:14:27,,呃.......,P
0,熊七xxx,2019-04-09 18:47:12,,老汉老了，偌大的许家院子好寂寞,P
0,冬眠,2019-11-28 21:08:32,,理智与情感嫁女儿故事的外壳，移植到中国特殊时期，很接地气。书里频频出现的刚强两字，形容许多人的性格都是刚强，千人一面吗,P
0,读书育人,2020-02-14 14:26:47,,特定时代的产物，已经很有勇气了。,P
0,一晃几年,2016-10-20 07:15:22,,时代的烙印不能用今天的眼光去审视，不要天然认为当代价值观就比那时高级。,P
0,时光静在深处,2021-01-04 22:35:51,,没有想象的那么好，那个年代复杂的权力斗争，以及极端年代下对人性的考验同样值得关注。,P
0,百事大宝,2020-11-15 21:43:53,,中国特有年代之歌。,P
0,小溺沫,2020-06-16 17:23:46,,人物心理超细腻,P
0,so long,2020-05-17 12:55:58,,emmm,P
0,蝶蝶不休,2020-08-01 12:23:40,,好看！完全不同小妇人那种假模假式的中产阶级道德梦家庭。作者的笔是质朴的，最吸引我的是四姑娘许秀云的心理，还有七姑娘许贞的爱情,P
0,天夜宁,2020-06-01 15:14:59,,咋说呢，读完以后很复杂的心情，又有点儿好笑，又有点儿恶心……价值观和现在差太多了所以导致强烈的违和感和不适感，郑百如也不交代了，做了那么多违法的事情就轻描淡写的过去了，甚至他还强暴了两个女孩儿！,P
0,王大爱西瓜,2020-06-29 19:35:30,,人也随着时代变,P
0,La strada,2017-06-13 22:56:06,,古书、很正统地歌颂党，适合拍成电视剧,P
0,耳朵大有福,2018-08-28 17:02:34,,作者是很有生活的，故事挺感人的，徐徐的介绍了那个年代的农村生活,P
0,知竹,2020-02-20 21:31:35,,川渝方言，似乎就发生在身边。幸福，从来都是自己争取来的,P
0,申弗之,2019-04-12 17:34:41,,"1955一路压抑到了最低点再高高的抛起来
四姑娘的压迫绝望到释下重负的轻松
郑百如的倒台
仍免不了政治正确的时代痕迹
结尾揭露许茂抠抠搜搜的原因略生硬
强行感动",P
0,美狄亚,2016-07-15 18:06:26,,四姑娘让人落泪,P
0,有皮有馅儿,2020-10-31 15:34:28,,第二次读，每当想起老四秀云便会想起母亲，女人要坚强，去坚持一些东西。自己千万不要变成“小齐”！,P
0,AnJJ,2019-10-24 05:42:14,,结尾太仓促,P
0,立夏,2018-11-25 16:43:11,,如今再看，简直生硬教条的看不下去,P
0,糯米团子,2017-12-30 15:18:18,,农村题材的小说,P
0,被放逐的流浪猫,2020-03-20 17:28:06,,矛盾文学奖过誉了。,P
0,Polindeueta,2020-05-28 20:11:38,,补标。小时候读的，村委会的书屋里借的。回忆起来，读起来很不开心。,P
0,月神祭司,2020-07-16 20:14:31,,难免时代烙印，难以成为经典。但其中对女性形象的塑造是书中的亮点，具有一定的超前性。,P
0,夜夜猫猫🍊🐱,2020-07-01 01:01:20,,"本无意读，却又点开读了。不知道为什么一直觉得是四个女儿，结果发现是九个。读了两章，不是很感兴趣，弃了（。

有一句话倒是印象深刻，“个人的幸福，只有等到国家的情况好转以后才会重新到来……”这句话放在今年看，确实如此。",P
0,lolitalin,2019-11-05 18:53:30,,Kindle版本。,P
0,YukiMorimi,2017-12-29 17:44:36,,寫於那個時代還算不錯吧。但滿篇政治討論在現今時代讀來確實有些厭煩了。,P
0,沫,2020-07-30 09:28:12,,纯农村故事，即便文革后期，我看起来也不是很有感触。比较起来其他几本，这本我的兴趣感觉真是不大。,P
0,mx木铎有心,2019-10-20 01:28:46,,只有堵住资本主义的路，才能迈开社会主义的路。,P
0,茫茫入海,2020-01-28 18:16:36,,我还是更喜欢清清淡淡几句就能撩动人心的文字，这种不断煽情，不断啊啊啊的文字实在欣赏不来,P
0,水墨川泽,2015-02-20 07:13:12,,确实不应忽视时代的差距来看待这本书,P
0,明珠,2018-10-22 20:18:18,,叙述方式，语言风格，跟《平凡的世界》很像很像。但故事很有意思！不过，许茂老汉为啥一眼能看穿郑百如的嘴脸？几个姊妹之间连最起码的信任都没有，连辩解都不听，看着有点匪夷所思！,P
0,14号的K。,2012-06-14 09:54:08,,分怎么那么低,P
0,油炸绿番薯,2017-09-03 22:20:02,,备忘Mark,P
0,认真的豆妈,2019-04-04 21:03:26,,"通过一个家庭成员细微思想变化和生活态度折射文革后农村状况，好看
生活是一部最全部的教科书",P
0,繧,2018-12-03 00:08:39,,极具川味。算镣铐舞蹈中的佳作。可惜第八章后转变太快。习惯性的喜剧结尾终究要扼杀多少好作品？,P
0,虚构杜撰想象,2019-10-28 10:37:17,,四姐真是戳我心窝窝了。唉。,P
0,年糕,2012-03-21 09:22:59,,"龙生九子,各有不同",P
0,陆格,2018-10-23 21:13:51,,人的出处是根源性的，小时候对自己出生的农村没什么好感，现在却喜欢貌似很“土”的乡土文学，除了大段的主旋律渲染有点煞风景，其他部分还不错的，不过鉴于这是1978年的小说，也在情理之中吧。,P
0,三角枫,2020-04-27 10:32:19,,名字其实取得很讨巧，只是内容实在无聊极了。,P
0,time&tide,2019-07-30 09:19:02,,反映时代。兴百姓苦亡百姓苦。不明白明明只写了5个女儿的故事为啥要设置9个女儿。,P
0,海静,2019-11-13 12:11:57,,朴实可爱，再回首历史中的人们，时代潮流裹挟你我，放在过去我们就是农民和土地的孩子，也是在泥土中生长，在口号下生活。现在和过去的人都是一样的，只是身处的背景不同而已了。以后的生活会怎样呢，我好奇着。,P
0,李玉琢琢琢琢,2019-02-28 22:12:22,,结尾转折太过唐突，一直还以为老八是铺垫，结束了都还没出来，跨度比平凡的世界还是稍逊一筹..,P
0,Harvey,2016-08-02 11:19:45,,四姑娘的遭遇催人泪下，心地善良的她在这种极度痛苦的生活中保留着一点点希望，坚持了下来。凡事不要轻易放弃，活着就有希望。,P
0,王奋斗,2020-07-05 17:20:28,,把人性的压抑和心灵的扭曲归罪于文革，完全是作家们在书斋中的闭门臆想。是后文革时期，亦步亦趋地紧跟宣传，是没有独立思维没有独立人格的另一种形式的表现。那个时期，文人笔下的人物怪异、扭曲，现实中的百姓却以正常的情感快乐地生活，即使在文革中也一样。,P
0,神仙丁鹏,2017-04-09 21:02:44,,在阜阳工地上穷极无聊的日子里竟然把这本书读完了。一种淡淡的忧伤。。。,P
0,黑梦骑士,2018-01-23 13:03:24,,这种朴实无华值得提倡，但是小说的叙事结构并不是从头到脚都说一遍就是好，匮乏的语言文字可能是那个时代作家的通病。,P
1,Rorschach,2018-09-25 00:39:03,,豆瓣果然文青多，这么好的小说，分数这么低。沉重的时代又不失轻灵的美。,P
0,浮云能避日,2021-01-21 11:55:09,,从文学角度评价这样一本老书，其实已经很不友好了。我看重的是它的史料价值，这些东西能够我们提供一个观察改革之初知识分子心灵的窗口。,P
0,老李头,2018-01-31 18:43:15,,时代变迁中，农民的起起伏,P
0,懒羊羊左护法,2019-09-13 21:59:47,,我很喜欢代入感画面感特别强的小说。,P
0,有邻,2019-09-10 13:29:43,,故事没有交代完整，人物设置也存在冲突。书中最能体现变革时期的两个人物形象——小齐和小琴。前者面临着失去赖以生存的阶级斗争运动的现实，后者不断地发起农村乃至整个社会如何走的疑问。另外，给我印象最深刻的情节是许琴在入党一事上的反省与思考。,P
0,椰子树,2020-11-22 08:21:22,,高中时在学校图书馆看的书，对内容已经完全没印象。最近kindle居然给我推这本，又看了一遍，嗯，以高中那个单纯的年纪对社会和人性的微弱了解难怪是对书本难留下印象。,P
0,胭脂,2018-08-06 22:21:53,,这本书给我的感觉有点像《平凡的世界》，借助几个家庭去描写当时那个大时代的人们思想觉醒和社会变迁。文字比较轻松愉快，也挺正能量。但是看了前者以后觉得后者太过于类似，有点模式化，所以不算感动。,P
0,Salo_aa,2020-07-22 18:21:10,,情节转折很突兀，人物不够立体，某些事情来去的或许突然，像四姑娘对老金的感情，结尾葫芦坝的人有接受了四姑娘和老金的“私情”，九姑娘一下就放弃了吴昌全。塑造了一个萌生反抗精神的四姑娘形象挺好的，故事也比较吸引人。,P
0,Froth&Daydream,2018-06-10 12:12:41,,一般,P
0,R-CLOVER,2021-03-13 22:06:13,,难得的是许茂思想发生了变化,P
0,fine,2020-09-03 12:38:47,,浓郁的时代特色,P
0,Dami,2019-12-11 00:46:53,,"蛮好看的，但后两章过渡有些不自然
关键词：三姐，四姐许秀云，七姐许贞，九妹许琴。
老金，郑百如",P
0,找个地方猫着,2018-08-23 14:22:00,,竟读出那时候年轻人的单纯…时代变了…,P
0,Coconutfree,2021-03-06 22:50:04,,郑百如居然就只是那样的结果，气死。,P
0,童话里没有王子,2019-08-26 23:28:48,,许茂老头的转变简直没有一点铺垫，整本书很红,P
0,非此为生,2021-06-29 13:45:38,,我觉得这本书很无聊,P
0,豌豆,2021-06-29 17:46:13,,挺有意思的,P
0,我佛了,2021-06-23 00:02:59,,文字真的有很神奇的魅力。人物在时代的漩涡里，湮没漂浮辗转飞跃，九个女儿九种人生，葫芦坝上千人，也是七十年代上千种人生。,P
0,茉莉加冰糖,2021-07-01 11:25:33,,"今天是个特别的日子，建党百年。书中的四姑娘尤其让人牵肠挂肚，葫芦坝的人民生活那样艰苦，可是因为对党抱有无限的希望与热情，他们才能够坚强地面对生活的磨难，坚强地活下去。
春风在人民心中荡漾，人民从来没有丧失希望！",P
0,陆,2021-06-21 16:54:48,,补｜大一看的，读完后没什么感觉。,P
0,西里尔斯,2021-05-29 07:30:19,,只能说大浪淘沙也淘金，这本得了茅盾文学奖的书却远没有《陆犯焉识》等书出名是有原因的。作者文笔很好，简朴大方，细节描写很生动，价值观正面向阳，前半部分情节也算看得过去。只不过人物性格的设立都是直接了当的，情节偏趋缓。到了后半部分结尾就实在差强人意了，突兀仓促，该好好着墨的地方都只是略略带过，读着不过瘾，好像作者急着收尾又没做好打算一样。故事完成度再高一点就好了。,P
0,Idle tears,2021-04-13 21:04:38,,四川话蛮有意思的 就是没看到恶人有恶报,P
0,巫毒教主,2021-03-29 20:38:47,,并不太过时，几种典型的人物，政治斗争都写出来了,P
0,江河,2021-04-19 19:36:29,,比较阅读很疲惫！,P
0,momo,2021-06-01 16:06:17,,读着就觉得非常的亲切,P
0,桃淘,2021-06-01 18:11:54,,报告文学，时代旋律，所以人人都要在新时代挣脱，转变，走向新生活，一切结局都要热火朝天。其实四姐这样的女性，哪里能在当时的现实迎来出路呢？,P
0,旺旺碎冰冰,2021-05-22 16:30:36,,许茂性格的转折十分生硬，四姑娘太惨了，九个女儿中好几个笔墨都很少,P
0,月亮momo,2020-03-11 23:52:41,,"虽然是我最喜欢的那个年代的故事，描写是很细腻的，不是一如既往的完美结局。但是总感觉有生硬的地方
搜索了一下才知道是1979年左右的小说，突然觉得那些有点生硬的地方还是很能理解的，毕竟是40年前的书了。",P
0,冷面凉了,2020-04-18 21:49:09,,好像不管什么时代背景下都会发生这样的事情，人类就像是被情感操纵的动物，只是那10年的气氛把情感更加极端化极致化。所以我赞扬的是始终冷静理智的颜长春和大女婿老金，可我也同情着受尽苦难的四姑娘,P
0,夏天的绿,2019-02-13 08:29:25,,#1912# 一星给长篇幅吧，满是政治味道的文章，那代人实在是太可怜了。,P
0,鸡蛋壳维修员,2021-05-09 12:47:41,,许茂有九个女儿，小说中大笔墨描写的只有三四个，难道这就是详略得当？故事一直平平淡淡，没有高潮情节，结局也比较仓促，像是很多后续没交代清楚。,P
0,腳丫子,2021-04-27 11:02:44,,写得太一般了，人物刻画得既不生动也不饱满 ，就四姑娘还好一点，其他都是浮光掠影。而且故事的深度也没有被挖掘，流于表面了。不知为何会获此奖。里面最讨厌的郑百如后来怎样了，也没有说。,P
0,苏答格零,2018-10-05 21:24:05,,2018.10.5 周克芹。第一次读他的书。里面就家庭各种事情。离婚、复婚、找对象、农作、开会。,P
1,YB,2017-01-07 21:40:45,,20130220购买,P
0,狐尾草专卖店,2021-02-28 19:10:39,,文革后偏远地区的真实写照 许茂九个女儿 老大去的早 老三性子直但没主见 老四是最苦的一个 因为被强奸被迫结婚 婚后也是又打又骂见证罪恶 终于逃出苦海还被村里人甚至家人误会 最后终于绝望却还又有一丝生的希望 老七一心想要恋爱 理想被剥夺 老九像一颗火苗向着新时代新思想靠拢 太多工作组都是敷衍堕落 让郑百如这个王八蛋一手遮天 如果不是颜组长 齐应该也会混入其中 总之反映了那个特殊年代的转变的写照吧 生活真的很苦,P
0,wolfy,2020-08-13 13:14:31,,看了一章觉得不精彩,P
0,WaterPrint,2016-12-11 14:50:40,,印象深刻的是70年代农村的描写。从现在的角度来看，觉得作者真是“稚嫩天真”啊，故事走向完全是作家的笔在驱动，而不是故事本身。人物塑造也很浅。78年写成，完全可以给4星。,P
0,念秧,2019-09-10 18:09:24,,为了简阳，但无伦是方法还是意识，都很一般,P
0,Filter,2021-09-18 22:46:23,,现在可看不得这一年代的悲剧小说，如果是悲剧可想见会特别惨，幸好这部不是,P
0,微寒,2021-08-10 00:02:58,,整体感觉更接近伤痕文学？真的是时代巨变，也就几十年而已，不放在当时的历史语境，不试图理解那一代中国人的心灵史，按照今天的文学标准能够指出这本书很多的不足和乏味，经典到底如何生成的？,P
0,和平小智,2021-09-27 18:25:07,,伤痕文学吗？,P
0,希望,2021-09-19 11:37:13,,故事俗套，人物刻板平面，时代的局限性十足啊！,P
0,浅口瓶,2021-09-21 19:00:32,,"242/1006
邓百如好求烦，感觉像看到现实生活中某些恶毒的男性(四川话)


还好结局还不错(小家角度而言)",P
0,已注销,2021-07-23 09:54:07,,第一届矛盾文学奖，和平凡的世界风格很像,P
0,小刘,2021-07-25 11:44:33,,还行。,P
0,一角的刀,2024-03-26 20:35:29,安徽,开会耽误工作,P
0,Cupcake97,2024-05-10 18:10:55,河南,补标。,P
0,粽人府,2024-08-06 15:23:19,山东,出乎意料地好看，原以为会很正统、死板、严肃，但其实充满活泼、悬疑、灵动，情节巧思设计，感情杂而不乱，结尾也并非大团圆式，动荡社会中充满思考，人性的刻画也显功力。感到不足的是可能郑百如这人“坏”得有些强，村中无人能敌，所以只能靠“自爆”的昏招来推动剧情，全书找不出一个可与之匹敌的正面人物。唉，大概就是那个时代现状，老实终究被人欺。,P
0,冷雨满空,2024-05-30 16:12:17,河北,茅盾文学奖第一届作品，1979年的作品，其对社会的思考，对幸福生活的追求，在今天都是值得学习和深思的。许茂和他的女儿们，党和人民，血肉相连，砥砺奋进。这就是中国，这就是中国人。要永远怀着敬畏的心前行，要永远怀着感恩的心做事，自己不弃，生活不欺……,P
0,Lincoln,2024-09-02 00:04:24,山东,人物有些扁平化，好人就是纯好人，坏人就是纯坏人…,P
0,鲍小凤,2024-09-16 07:58:11,陕西,许茂的一生经历了社会主义的各个时期变革，买油事件让许茂幡然悔悟，一夜之间明白了葫芦坝成为毒瘤的始作俑者。积极改变的态度和女儿们蓬勃发展代表了社会的各个年龄层的态度和生气。比较贴近社会生活。尤其是金东水在孤立无援的情况下依然不断的学习蛰伏，为葫芦坝思考规划。最后点燃了人民的希望。,P
0,禅心静寂,2024-09-06 19:59:46,福建,很纯朴,P
0,嬉芝狼,2024-05-22 23:20:00,广东,属于纪实类的文学作品，看到前面1/5就知道整本书会写一些什么内容了。随手看一看，了解一个时代的发展。,P
0,冰糖葫芦,2024-06-27 08:56:07,北京,在那个各方面都匮乏的时代，还能坚持写作，通过写作记录反映世事的，可佩可敬。,P
0,🌟Z淳淳chun🌟,2024-07-26 19:24:01,宁夏,看着书里的坏人受到惩罚，一心一意为民服务的好人被官复原职，许茂老汉也终于看清了两个女婿的真实人性，并最终意识到是自己错怪了四姑娘还让她一直受了这么久的委屈，就觉得从一开始憋着的替四姑娘着急的气终于释放出来了，对于四姑娘的遭遇无数次对她同情，同时也希望理解四姑娘的人赶紧出现。但感觉结局不够圆满，还带着一点不完美的遗憾，如果所有的干部都像书中工作组组长这样，那正义被实现，邪恶被推翻不就真正能够存在在每一个角落了嘛,P
0,没有故事的我,2024-07-26 21:53:35,四川,写的太好了,P
0,麦子,2024-11-25 17:58:15,江苏,讲述一段运动中许茂、4.7.9女儿的故事,P
0,贝蒂,2024-12-09 15:15:39,安徽,有点短 故事情节也一般,P
0,momo,2021-04-19 15:47:58,,写得属实一般，终于明白现在为啥没人读了，刨除时代性，真的就没啥特点。人物单薄，故事简单，最后的结局也足够狗血，有意把人物塑造得特别傻，尤其是许四姐。完全无法理解，虎头蛇尾，不值一读，浪费时间………,P
0,两块钱,2025-01-22 08:02:40,上海,写啥啥不行，口号第一名,P
0,一个,2024-10-12 20:03:28,山西,集体化运动壮举是世界农民运动史的伟大篇章。,P
0,Mr_腾小九,2025-03-01 21:54:39,天津,我只能说 他还是没太走出那个时代,P
0,笑容可掬,2025-03-10 23:10:19,山西,75年冬天葫芦坝村里的路线斗争，实干派和投机派的斗争。实干派是工作组颜少春、许茂大女婿金东水和科技员吴昌全，投机派是四女婿郑百如，教条派是工作组小齐。郑百如为了当干部，千方百计扳倒了原支书金东水，自己把代理支书架空，开始在村里作威作福，还逼着老实巴交的四姑娘许秀云离婚。许茂私心重，重男轻女，对嫁出去的女儿漠不关心，只想着不要给自己惹麻烦，大女儿去世舍不得拿钱埋葬，四女儿离婚只嫌丢人，恨不得马上把她再嫁出去。工作组驻村，郑百如担心四姑娘对自己不利，一方面求复婚，一方面造谣中伤金东水和许秀云，企图让他们不能翻身。小齐只会机械照搬上级文件，不干实事光开会。幸亏颜组长有正确的眼光和决策，让郑百如离开进学习班，让金东水恢复支书工作，葫芦坝转入了正轨，首先发展生产，解决群众温饱问题。,P
0,张无忌,2025-05-05 14:39:59,福建,时代大浪潮下个人的无名和生存。结局略仓促,P
0,青柠,2025-02-07 23:09:04,陕西,正能量长作文。,P
0,MrSolo,2025-04-18 15:09:38,广东,文学性非常一般,P
0,momo,2025-03-29 19:04:21,福建,吃饱穿暖就是幸福吗,P
0,隔壁阿喵,2023-06-16 13:23:47,四川,生活总会有希望的，很模式化的文革结构小说了，喜马拉雅听完的，用读可能感受又不同。,P
0,冬眠的跑步君,2022-12-01 18:32:13,河北,"先说结论：此书很难看！可读性也很低。炫技的写作方式很不讨喜，以至于写得过于啰嗦，废话连篇！作者是非常懂得政治立场的，想通过自己的小家庭，以及9个形形色色各自不同的女儿，来反映当时社会的一些缩影，但主旋律过于浓厚，献媚动机太过明显，读到最后让人感到非常的不适甚至恶心！严重怀疑这是怎么获选茅盾文学奖的？？？",P
0,一只大宝贝猫,2016-10-10 13:11:51,,给不了太多,P
0,尘世小书童,2019-11-29 19:31:54,,前半部分一星，后半部分四星。,P
0,零余者,2018-06-30 12:32:37,,唉，秀云啊。,P
0,林隙捕光,2018-12-24 00:03:38,,"还是很喜欢这种乡土文学，最近看不下去国外的小说和其他书，也许是因为最近的环境。这本书我觉得对景物描写的很到位，但整体的衔接什么的不够好，还有一些旁白让人觉得很生硬。

故事结尾有点不足，收的太急，不过还蛮喜欢这本书让我看到那个年代的农村是怎么样的。",P
0,Lu陆鹿,2020-09-06 23:43:01,,时间把我推的离它好远,P
0,歌尽桃花扇底风,2019-11-11 20:51:37,,"在农村政治生产生活的背景下的顽强、纯朴很具感染力。最喜欢许秀云这个角色，她作为普通农村妇女的一个缩影，既真实地体现了遭政权夫权蹂躏的压抑和痛苦，又展现了一个善良妇女对生活的期盼和对苦难的包容。
但许茂 从抠到骗妇女儿童的钱 到 散尽家财、大彻大悟 似乎缺少转折，真相大白的过程存在感也不强。章回标题未免也有些俗气了。",P
0,小摔哥,2014-03-29 12:41:58,,现在已经不记得许茂有几个女儿 各是怎么样的了 不过感情是挺深厚的,P
0,怕上火喝皇卤吉,2020-11-17 23:43:37,,第一届矛盾文学奖获奖作品，现在读起来真是充满了四川的泥土气息，质朴又真诚。我们只是换了个年代生活，每个时期都有英雄和人渣，在口号中生活，也在磨砺中顿悟，接受生活的苦难，但心底的热爱依然炽热。忍耐，坚持，相信未来。,P
0,组织找我谈话了,2012-09-08 17:54:58,,谣言——愚蠢的好奇心，使他们一时失掉了庄稼人稳重诚挚的美德,P
0,马钰龙,2022-07-25 11:54:23,,"对社员群众，她不主张用那种刮胡子的办法去""大批资本主义""，她宁肯花更多更细的功夫，加强社会主义前途远景的教育，去调动群众大干社会主义的积极性。",P
0,飞鸟遇见鱼,2020-04-18 21:10:44,,看完《平凡的世界》，这是我看过最朴实最接地气的农民生活记录了。看完这本书，也是有很多感概，和前者一样，农民的生活一直在幸福的道路上摸索，所幸的是，作者仁慈地给了较好的结局，悲惨的四姐走出了痛苦的阴霾，老汉不再固执自我，工作组的到来给了她希望和未来。印象最深刻的冲突点就在于九妹，七姐和吴昌全这三人的感情纠葛吧，没想到并非是个简单的双向暗恋，而是一个单相思和一对约定终生，但是也很现实，有多少人可以坚持一直喜欢那份变了质的执着呢。歌颂啥的咱也不会，但遇到好的领导和干部真的是百姓的福音。从群众中来，是群众赋予你的权力，到群众中去，是你对群众的责任啊。,P
0,非典型80后,2008-02-28 10:29:56,,时代的痕迹,P
0,打滚驴,2022-11-26 19:52:31,北京,歌颂“主旋律”的痕迹很明显，看到“拨乱反正”的转变也着实为葫芦坝的人民高兴。许茂和他的九个女儿，具备着70年代人民的所有的优点，他们朴实，勤劳，善良…经历了挫折，迷茫，终于迎来希望，全心全意的投入到美好生活的建设中！,P
0,morning,2020-02-15 18:48:45,,真实的叙述了“文革”给农业生产带来的破坏和在农民的精神上造成的创伤。,P
0,第7放映师,2009-03-27 10:40:11,,网上下不到，所以才花票子去买，结果却被里面大段议论给弄烦了,P
0,一 · 一,2019-02-17 16:15:23,,当时读得轻松又欢喜。,P
0,荼蘼💤,2022-09-11 09:19:11,江苏,始终最喜欢的还是现实主义题材，为历史存证。通过这本书，了解了那个时代农村的生活，我记得后面好像还有后续式的作品。周克芹老师是我一直敬重的优秀作家，我的豆瓣号半死不活，不敢打五星，其实周老师写改革开放初期的所有作品都值得五星。,P
0,阿佳西,2021-02-16 11:47:59,,"很出名。

很好看，情节很丰富、饱满，丝毫不枯燥。上世纪六七十年代农村的故事，一个老汉和九个女儿。泼辣直爽的三姐，善良命苦的四姐，漂亮虚荣的七妹，单纯的九妹，还有坏蛋郑百如前四姐夫，朴实的金东水大姐夫，工作组能干的颜组长和搞形式主义的小齐。很精彩的小说",P
0,FreakyCheese,2019-05-29 19:39:06,,距本文首次发表已经40年过去了 一些内容仍然具有指导意义 “个人的幸福，只有等到国家的情况好转以后才会重新到来……” 为了对抗一下不懂文学和历史的低分读者给个五星:),P
0,路痴一世,2021-03-12 14:37:34,,静下来心来，是真的很喜欢矛盾文学奖系列的作品，因为可以了解到那个年代的一些东西，即便只是冰山一角。最喜欢四姑娘，活得真实，即便是现在的很多女性，也不见得能像她一样，可以真实地面对自己的想法，果断离开不幸婚姻的火坑。颜组长又是内心想成为，但是却无法成为的人，有着最质朴的人性，做着最踏实的事情，即便上层领导会怪罪下来，依旧愿意盯着一切压力，让百姓幸福起来。真好，这部小说,P
0,易知行👑,2022-10-08 22:17:15,辽宁,葫芦坝上并没有真正的坏人，只不过是纯粹的黄土地上，所有对利益的占有也更纯粹罢了。还好结局圆满，勇敢的四姐终于谋求到理想幸福。,P
0,一米阳光,2022-09-22 23:38:37,,第一次知道了伤痕文学,P
1,abcdefghijklmn,2020-11-18 11:48:52,,乡土伤痕文学，多种三角关系，民间伦理。,P
0,急先锋,2019-06-15 09:08:59,,文革时农村的真实写照。看的有点憋屈，尤其对那些不会说，只会干活的纯朴农民，工作组就是一手遮天的，他们和村书记再勾结起来，就没有农民的活路。,P
0,哀谈,2019-05-09 23:33:30,,政治色彩有点浓。,P
0,Bale,2009-07-24 11:34:35,,出乎意料的有血有肉。出乎意料的有正义感和社会责任感。出乎意料的感动和难受。,P
0,Jen🍒,2018-08-07 17:49:31,,吴昌全为什么会喜欢七姑娘？,P
0,裕国,2023-06-10 16:11:31,上海,这破书，还矛盾文学奖，矛盾他同意吗？！,P
0,一叶小舟,2025-04-23 11:10:42,河南,读了三分之一吧，没意思,P
0,MIZU,2020-02-25 12:09:28,,想不通，老四和老金突如其来的感情线？就算她姐姐不在了也不应该呀，四川话也太亲切，害！,P
0,文山,2016-12-24 15:54:17,,一般般了感觉，毕竟刚开始吧,P
0,流年清秋,2021-01-18 17:29:46,,很有年代感的一本书，带着时代的印记。,P
0,枏鴿,2024-11-07 17:06:32,黑龙江,文学是会过时的，但读到最后看见完稿日期又觉得无比的感动，葫芦坝的春天终究是来了。,P
0,paper tiger,2024-11-06 11:45:41,上海,"说着说着就抒情起来了，抒情得挺真挚。
但是立意上，所有畏缩的好人，没法把命运握在自己手里。",P
0,奶茶里的小芋圆,2020-04-25 01:38:11,,感觉不需要这么多女儿…写五个就行了😂,P
0,SANWAN,2020-11-14 17:01:06,,不做自了汉。,P
0,朱砂痣,2012-12-25 20:28:13,,翻开第一页，在桥边集合然后赶十二里路去上学的情景把我带到小时候。。。,P
1,一支黎黎,2018-01-05 22:07:23,,读到里面的四川方言，瞬间就感觉很亲。每个女儿都有自己的性格与故事，在文革的背景下，国家幸福，人民才能有所幸福。,P
0,宇佳,2013-02-02 20:06:55,,有四川的口语风格，在那个年代不错,P
0,一只咖啡精,2020-03-27 06:02:15,,个性鲜明的八姐妹，充满温情的一本书,P
0,⣿⣿⣿⣿⣿⣿⢟⣡⣴⣶⣶⣦⣌⡛,2019-03-24 11:56:23,,伤痕小说,P
0,ℒ𝒾𝒷ℯ𝓇𝓉𝒶𝒹,2024-06-16 21:57:58,广东,生活绝不是一潭死水，春风在人们心中荡漾。许秀云从绝望到希望、葫芦坝的变化，淳朴真实，很容易看进去，就是结局太过仓促了～,P
0,華辻,2020-08-24 23:38:24,,凑合看呗，因为站在上帝视角看书，看的气不过，特别是书里坏人坏的太直白，好人好的太耿直。,P
0,张点点使劲嗤,2019-09-22 20:08:06,,还不错，故事简单明了，人物个性鲜明，没有大苦大难，很好读。,P
0,二鲁,2021-07-08 13:01:14,,中国人身上最高贵的品格就是向上向善，永远的坚韧！,P
0,軌跡,2018-03-23 16:46:00,,2018.3.24,P
0,表达与思考,2023-03-16 23:03:04,江苏,星空灿烂，柳溪河在一旁闪闪发光。黑沉沉的田野上，一条白晃晃的大路伸向远方。饱含着蚕豆花香的夜风，呼呼吹来，依然令人感到寒冷，但又有一点春天的味道，使人确实能够闻到一股清新的跃跃欲试的春的气息。 私心最喜欢的角色是金东水，因为对女儿们的描写都太女性化了。,P
0,叶子,2020-03-10 16:46:49,,"属于那个年代的故事。虽然结局强行乐观了一把，但仍能窥见当时大潮之下的苦难与波折。
整篇读下来，不禁为四姐落泪。

“人们大凡都是从自己直接的、具体的生活感受出发来进行思考的。”",P
0,筱然,2018-03-27 00:05:00,,虽然，写实，但多少觉得有点通过写丑写蠢来逆转和歌颂某些事。所有主角的做事不过脑子，真的无法欣赏。不是愿意多动脑子就是坏人。好人不一定设定成蠢啊,P
0,相关人士のMF,2019-09-20 21:36:46,,很淳朴很正统的文风，当然这成文于78年的作品带着很鲜明的时代特点，字里行间中无不体现了四十年前的人们的真实想法，虽然以现在的观点来看还带着一丝局限和纯璞，但在当年还是难得可贵的亮点吧。,P
0,夜雨秋灯,2020-07-18 18:34:29,,第一届的茅奖。感觉后面不好。难道那个年代的人们都那么简单甚至有点傻的？风格像以前的俄罗斯文学。,P
0,Jship,2022-10-23 23:05:38,北京,许茂观念转换得有点太快了，感觉少了点啥。很喜欢吴昌全内心情愫的刻画。“曾有人用权威的口气告诉我们：一个献身于人民的英雄，当他们在向着‘完善’迈进的时候，或进行着艰苦卓绝的奋斗的时候，他们早已摒弃了一切属于‘感情’的东西，如父母、亲人、爱情等等。”,P
0,UU,2015-04-02 10:04:22,,看完之后奇怪为什么能得茅盾 看了豆瓣其他读者的评论才醒悟 不能隔着历史年代去评价啊,P
0,橘子与苹果的,2021-03-18 20:36:45,,“文艺复兴”时期作品,P
0,蓝飞兰,2025-04-12 14:04:31,河北,四姐许秀云和他们的家人们,P
1,松岛脸圆肉肉子,2015-11-06 23:38:05,,文学作品的伟大之处之一在于记录历史，相比其他茅盾文学奖来说，《许茂和他的女儿们》似乎差点火候，但也不影响小说的深度以及背后的文化意义。看这本小说就像是在看幼小的中国蹒跚学步一个跟头一个跟头的摸索如何成长，文革后期的葫芦坝，那个系在耳鼓山边上的一个葫芦瓜，其实是那个时代中国农村的缩影，觉得作者起葫芦坝这个名字其实是想问葫芦里卖的到底是什么药，表达对文革时代中国的未来的一种困惑与迷茫。读这本小说的好处是你可以看到共产党探索时期的迥然不同的世界，一个又红又专的世界，社会主义风气盛行、集体生产共同分配的世界、疯狂排斥资本主义无视个人需求一切集体至上、党至上、国至上的世界，那个世界离如今是多么的遥远。可是真的很遥远吗，其实也仅仅不过40年的历程，1975~2015.于是开始感慨原来祖国的步伐好快。,P
0,牛虻,2014-04-02 22:55:16,,"当颜少春找到金东水时，当许秀云要去揭发郑百如的罪恶时，我按奈不住激动的心情，把书合上平复一下心情。我很高兴我有一个青春的心，能跟书海的波涛一起翻滚。
     我没有在那个时代生活过，而我感觉我有与生俱来的能感受到六、七十年代的情景。所以，这本书在我看来感触颇深。",P
0,翻譯君陳桑,2023-04-14 18:05:45,重庆,人物寄居在时间的变迁中,P
0,沉默,2019-07-13 09:29:05,,个人感觉不是很好，作为文学作品，小说的语言不是很优美，即使是通俗语言，但是太直白，太生涩。故事结构完整，到起承转合之间太仓促，特别是许茂最后的幡然醒悟，让人摸不着头脑。,P
0,覆盆子与木莲i,2017-10-01 21:41:41,,有一种陕北的感觉…… 那个时候怎么会发表的,P
0,carol,2022-07-27 10:18:40,,许茂对女儿们的羞愧后悔，许琴对许秀云的理解，长期大篇幅塑造的反派郑百如以极快的节奏被拆穿，后面转折过于突兀，读来略感仓促。,P
0,青叶瀑布,2017-04-02 11:23:07,,有些人无论处在什么样的时代都是英雄,P
0,故意将我吵醒,2022-08-26 14:42:38,江苏,"我太喜欢这个结尾了。
这个世界是你们的。",P
0,边走边打嚯嗨,2022-04-02 11:57:01,,人物刻画单薄，非黑即白，语言描写有些单一。好的是能感受到作者的一颗赤诚之心。另外书里把大量目光集中在女性对幸福、人生意义的追求之上，很难得。,P
0,oo,2023-12-27 17:37:48,湖北,1.把人都都写扁了；2.公式小说,P
0,瞄瞄自己,2020-03-24 20:42:25,,磨平了锋利之后淡淡的回忆,P
0,天天吃火锅,2021-02-23 19:37:38,,"我是特别爱给高分
但是这部作品还是觉得实至名归
正如很多短评说的
这部作品的社会价值远远高于文学价值
对于书中的工作组组长颜少春真是爱到骨子里
就算现在
对人对事对工作对社会都看得通透，既对社会主义制度和各项改革高度认同，还能不盲从，有自己的清醒的认知的政府基层领导也不好找",P
0,馥芮白与小茉莉,2023-04-04 23:10:56,辽宁,感觉通篇只讲了一个事，那个四姑娘额应该站起来，可是如果真的站在了屋檐下也许很难直立起来吧,P
0,隐,2017-07-28 10:44:26,,……看不下去。,P
0,多啦美❀,2020-06-03 21:53:16,,小人物的命运反映当时的大社会环境,P
0,大仙,2019-01-24 22:37:28,,"最后两章的转折我还是比较喜欢的。
对恋爱心情的描写也没什么大毛病。
问题，角色没太大魅力？除了吴昌全以外所有人都让我有隔膜感。剧情时间上很紧凑，但冲突感不强。还有时不时跳出来的上帝的感叹，扣分。",P
0,David,2021-02-23 00:24:38,,许茂的几个女儿都被赋予了俗套而又经典的文学隐喻，大女儿一家的落难正掀开了那个荒诞时代的帷幕，四女儿的悲惨遭遇旨在批判像郑百如那样的机会主义者并以此贯穿全书，而许贞则是代表那个时代并不政治正确的自由主义者，而老九则是纯真坚定甚至颇有些书生气倔强的共产主义维护者。虽在今日看来颇失了些文学的张力和性格，但置于彼时，矛奖则当之无愧。,P
0,我爱喝奶茶,2021-07-07 21:07:34,,开放性结局 看的我很迷糊,P
0,汪BB,2019-09-22 17:39:56,,寒冷过去，太阳还是会照样升起,P
0,思考要司考啊,2023-08-23 22:27:10,福建,生活是一本教科书，或许跌宕起伏才是人生，四姑娘在黑暗及痛苦中寻找她的光明；七姑娘在社会世俗中逐渐的堕落，或许她是社会世俗的写照；九姑娘是纯粹的，她拥有这年轻人热忱,P
0,二月二啊,2021-01-31 20:14:22,,典型的“共产党到来后给黑暗农村带来希望”的故事模式，所谓反思性仅仅体现在作者毫不克制的情感喷发上吗？,P
0,东尼造型,2021-12-09 21:55:51,,以现代眼光来看 小说的人物脸谱化 结构也较为老套。 但考虑作者特殊经历下坚持写作和思考的精神值得加一颗星。 补记：居然是茅盾文学奖作品,P
0,娟儿,2023-01-04 12:55:01,湖北,时代印记太强，又是主旋律。这个茅盾文学奖作品不咋地。,P
0,我不喜欢原相机,2023-04-02 16:27:42,北京,许茂的转变像原始人扛着火箭直奔赛博时代,P
0,luu,2020-03-08 11:11:36,,挺普通的一部小说，平平淡淡，没有余华写的来得震撼……许茂的转变过于牵强，旧时代的女人们真苦，也是普遍写解放初期小说不变的话题。,P
0,babysit,2020-06-29 17:38:36,,荼毒而后消极，最终强行大圆满。,P
0,lou。,2022-09-01 13:49:16,江苏,还是有点美化文化大革命了，我奶奶讲那时候人都在饿肚子，哪像这个这么热闹,P
0,𓅿𓅹,2022-06-23 19:00:57,,连日来凄风苦雨，葫芦坝路断人稀。但结局总归让人看到一丝希望。初中买的书，读到一半就搁置，这一搁就是十几年，十几年后的今天终于读完，不管是初中时代，还是现在，我总也忘不了那个如野海棠一般坚毅的四姑娘。个人觉得此书是乡土文学中一颗难得的明珠，因为他描写的是真正的中国女子群像。,P
0,顶级邪恶黄毛,2020-06-06 11:41:52,,不仅是小说中的人物，或是小说本身，都可以称作时代的眼泪,P
0,祝东风,2021-02-19 10:20:23,,嗯，也许是时代的产物吧。文学可以为政治服务，但这并不能成为作品质量不佳的借口，或者说在两者之间夹缝中保持平衡也是体现作者水平的一个因素。对于同类型作品，至少丁玲的《太阳照在桑干河上》中的人物塑造和情节还有一定可看性，但这周克芹这部《许茂和他的女儿们》就有些太勉强了，前半部尚有一定可看性——风土人情方言土语很有四川特色，但到后面已完全经沦为思想传声筒，再加上仓促且莫名其妙的结尾，确实有些令人失望。,P
0,查无此人,2022-06-05 22:36:59,,带有很强的时代特征，那个时代的人，那个时代的作者，人物脸谱化，挖掘不够，感觉情节转折有点突兀。但是不可否认，每个时代都会有小齐、郑百如，也会有颜少春、许琴。,P
0,高冷嘎嘎,2020-01-26 00:16:51,,意外的好看，剥去政治的外衣，还是能看到生活的智慧内核。特别流畅的语言，生动的人物，有些情节也符合现在的认知，经典！,P
0,成民,2016-05-28 23:07:02,,简单易读。对于文革末期乡村生活做了较为可信的描述，有些地方，甚至今天还是这样。对于d过于美化，或者说把好的都归功于d，现在看来，有点可笑。说起来，后来的人看今天的人，大概也会觉得当时的有些观念很可笑吧。,P
0,花生油,2019-09-08 00:08:40,,"我还以为得了茅盾文学奖的书 都是尘埃落定或者长恨歌那样的背景，混乱的年代写出了史诗感 
原来第一届茅盾文学奖的作品 是这个样子",P
0,一只花心鹤,2023-12-10 04:41:05,加拿大,/2022,P
0,亮晶晶,2022-07-12 17:17:48,,几个女儿个性鲜明，老汉也最终理解了4女儿，写最多笔墨的4女儿最终得到幸福，有很强的时代色彩，很不错，还为此看了电影。,P
0,ion~,2010-01-13 06:41:31,,在哪个年代里~~~~~~~或许这样就是生活~~~,P
0,爱吃芝麻的葵籽,2019-05-23 16:51:05,,宏大历史潮流下的一家人。,P
0,沧海,2024-05-27 18:55:33,河北,"很淳朴，对于工作生活的描写很到位，其中复杂的人物关系让我感慨人与人之间真实的关系就是如此荒诞不经，每天在小红书和微信群里吃的八卦在这本书里都很正常，看看成书的年代，让我质疑自己是活得开放还是保守？在西方我们有最著名的俄狄浦斯情节和厄勒克特拉情节，中国的人伦和外国的人伦关系有什么不一样呢？中国的人伦基础是家庭？感觉英美国家的人也是这样啊，骨科文也很多emmm至于姐夫娶小姨子这个我很难接受，但是好像也是热梗，判断一个梗热不热就是看有没有h文写这种关系......感觉非常多，乱伦到底是乱的什么？只是两个没有血缘关系但是有亲缘关系的人发生性关系吗？
这本书特别好的还有景色描写，我感觉乡村的泥土香气都要扑鼻而来了。而对于大城市的追求，时髦的追求在那个年代还是一种被批判的情节。",P
0,我大概是天使,2022-10-25 08:45:25,江苏,世上不如意总有一两件,P
0,不悔,2012-12-06 16:12:55,,具有浓重的时代痕迹的作品。,P
0,小王,2023-09-20 22:37:26,吉林,怀念大学有图书馆可以泡的日子,P
0,lemon,2013-06-22 22:15:58,,为了了解文革才读的，刚开始感觉不错，读完了我这讨厌本书。好像人为了理想都可以失去人性,P
0,Bonne nuit,2020-05-14 19:04:16,,一个人的苦难代表的是一个时代，你仔细了解这个人，就知道她曾经身处的环境，经历的痛苦。中国人身上的韧性以及自我安慰的能力真的是让人佩服，我希望以后许茂和他的女儿们都能有自己的幸福生活。,P
0,啦啦啦,2020-11-02 22:36:43,,伤痕文学，逻辑有裂缝，节奏过于快，人物较为扁平。但语言比较优美，结尾回归“人性”，令人感动。,P
0,矜北,2020-01-16 19:56:12,,如果和《创业史》这样的作品作比的话，《许茂和他的女儿们》的时间跨度/空间跨度/众生相描写并不足够，然而在这部作品用二十万余字书写的时间断层中，人物形象却要更饱满、更生动，核心人物间的联系也更加紧密。虽然算不上史诗规模，然而却把葫芦坝这一文革期间最普通的小农村的平级争斗，上下制约，上行下效等等极具代表性的特征描写得淋漓尽致，同时塑造了不同于梁三老汉的另一位在时代中不断重新熔铸的许茂老汉形象，使集体意识与小农思想的矛盾如叙事画卷铺开在读者面前，是以小见大的浮世绘。故事中的所有主要人物的结局都是不定的，体现一种留白思考的同时，也是作者对时代的踌躇不前的焦虑。现在看来，这种设计既是故事宏观上的亮点，也是细节中的致命伤。,P
0,16岁蹭蹭同学,2021-01-10 20:22:29,,确实没啥意思,P
0,月光连成一片,2021-01-08 10:59:04,,书中老农许茂和他的几个女儿悲欢离合的故事，反映十年动乱给农民带来的灾难及农民的抗争和追求。那个动乱的年代给人民带来的痛楚现在从文字中仍然能感受到哀伤。,P
0,西域潇潇子,2025-02-11 15:00:46,湖北,结尾差点意思 就是读下来没有一种酣畅淋漓的感觉(´･_･`)但是群像戏的描写还是很不错的,P
0,田野废柴,2018-08-04 19:46:16,,身边竟是些郑百香,P
0,三体第一舰队,2019-07-15 12:20:46,,挺喜欢农村小说的,P
0,simon回家吃肉,2022-03-11 13:33:21,,为一个时代留下眼泪,P
0,Taurus,2022-05-04 08:38:36,,人性从未有过改变,P
0,一路小跑,2025-07-05 11:38:05,河南,这本书虽然年代久了，但是好读，人物性格鲜明，故事积极向上,P
0,顽石点头,2020-02-25 13:14:03,,比较可以,P
0,多崎作,2021-09-25 16:00:25,,人物塑造不是很成功，只知道郑百如是从头坏到底，最后的结局就是被送去“学习班”。亮点就是吴昌全爱恋的是许贞。很多东西讲得都不明不白，甚至有点故意凹道理。写于1978年的作品，带有鲜明的时代烙印。,P
0,阿尔的太阳,2017-03-09 12:51:50,,茅盾文学里，最好看的还属《白鹿原》了,P
0,郭,2014-02-23 15:00:40,,老汉真能生，生下来的种各个都不一个样子！,P
0,Hookhook,2019-10-15 00:00:12,,儿女多还是少，这是一个问题,P
0,甘氨酸。,2016-07-21 00:30:28,,时代的气息...老一代作家的惯例风格啦。,P
0,什么都没有发生,2019-03-13 12:29:01,,展现了特定时代下农村的风貌，特别在四川，有种亲切感。不过，也受时代的局限，政治味浓，结尾得有点快，还有续集的意思。,P
0,戴耳环的小黑,2018-09-24 18:01:16,,相比刚刚在同一时期读的《芙蓉镇》来说稍显枯燥，几个主要人物刻画得很好，但对宏观历史事件的书写能力较差，在情节构筑上功底不够，但好在一些农村人物和对话很吸引人。,P
0,hanSuo,2025-06-26 23:17:20,湖北,茅盾文学奖作品的含金量不容置疑。本书是第一届（1977年)茅盾文学奖获奖作品，讲的是大概70年代四川一带农村（葫芦坝村）许茂老汉及他9个女儿的故事，从不同人物的生动刻画中（如许茂农作能力强，但自私自利，到最后慢慢觉醒；四姐秀云对爱情勇敢地追寻；九妹懵懂躁动、对清纯事业单纯的追逐等)，深刻阐述了当时四川农村的生活农作、全国形势等各方面情况。但，可能看多了现阶段的小说，尤其是网文，对纯文学作品的慢节奏还是有些不太适应。另外，最后结尾部分的某些情节描述（如大家对秀云与老金感情的认可，描写较少，没有突出大家的心里变化；再如九妹知道七姐和昌全的感情过往，也没有花太多笔墨描述，没有很好地阐述出在前文心思细腻的九妹，此刻的心境变化，等等)，感觉与前文慢节奏铺垫、细腻描写有些不服。（2025.6）,P
0,陆理,2012-06-27 14:49:38,,干涸的心下了场小雨,P
0,豆友131288319,2024-11-02 20:49:44,山东,文艺腔浓厚，许茂的转变没啥铺垫又很生硬，女儿们的事又是一件没解决就草草收尾,P
0,飞扬伯父,2021-12-14 21:52:04,,做个好人，像金东水那样的正直，有抱负的人,P
0,鱼,2018-07-21 15:19:38,,周克芹对人物所作的主观评价，如同冗长累赘的注脚，给人物的鲜活面貌抹上了杂色。,P
0,why not,2009-02-17 01:17:28,,全书最大的特色便是明显透露出的社会背景~,P
0,freevico,2017-08-12 19:19:28,,是不是看了太多那个年代的书反而越看越乏味～,P
0,Sirius,2023-08-16 11:16:15,广东,老四和金大哥在一起就好了,P
0,西西啊,2019-06-06 22:11:03,,"和《芙蓉镇》差不多。
可能文学都是服务与政治的吧。",P
0,乐一黎,2020-04-30 18:16:36,,这书挺好看的嘛，我们生活中有多少像金东水式的干部被郑百如排挤的现象？,P
0,momo,2023-01-13 10:35:21,江苏,其实还行，谣言四起四姐跳河那里矛盾还是挺有张力的,P
0,已注销,2018-08-09 11:06:20,,"失望😞善有善报恶有恶报的故事，终究只能作为劝世的寓言，只是美好的愿望。
书中所宣扬的时代精神似乎有点可笑，不过感觉历史又在重演。",P
0,momo,2020-05-09 15:41:42,,属于反思文学里，对二十年农村曲折生活的反思。,P
0,little s,2009-04-24 10:13:03,,09.04.24,P
0,约约,2019-04-27 23:37:32,,一般。,P
1,·,2020-08-18 16:26:03,,我仿佛上了一节党课,P
0,寂静星石,2018-08-28 14:58:20,,人生真的太长了，悲喜都会遇到。总要怀有希望才行啊。,P
0,撒吼道艘,2021-01-09 18:04:19,,有点单薄，但我认为是个好书,P
0,萨米,2020-07-15 12:59:12,,两天，怎么说just so so，党味有点浓,P
0,。。。。。。,2024-09-14 22:48:57,广东,人物塑造得很鲜活，语言质朴，情感真挚，对集体与个人关系的思考也颇有见地，喜欢颜少春和金东水那种在逆境中仍能保持希望，并为了摆脱逆境而不断努力的品质。,P
0,自洽和无限可能,2022-07-04 20:02:06,,算是第一次给低分？算是吧…不知道是不是我自己看得不够认真的原因，我反正看下来感觉情节转变太快了，发展过于迅速，很多东西都没有讲清楚，感觉有点情节围绕中心发展，徐茂突然就想明白了四姑娘是被冤枉，四姑娘和金东水本来有点冤家路窄，突然就两情相悦？我反正不太理解…,P
0,翻腰,2020-11-05 10:32:50,,矛奖之所以是矛奖，选择的永远是反映时代的小说，但正因为如此，局限就是因为他是矛奖,P
0,ruka,2019-11-22 12:47:03,,mark,P
0,古小尤,2020-02-22 16:25:55,,太监了…,P
0,雪中丽影,2014-01-30 20:38:39,,比较人性化的农村题材小说,P
0,千寻,2025-05-07 09:36:34,江西,111,N
0,无关图腾,2018-04-05 09:51:03,,在成书后几十年，再用当下的眼光、喜好和时代来评判此书，那么大多的人都不会说这是好书，甚至会怀疑这书有什么理由得奖呢？大概是四川人，所以对于他的一些很本土的语言所带入，而多了一丝贴近，毕竟太多土话我完全不知道该怎么写。无可否认，这个书写模式是现在所不喜的，类似八股了。只是静下来看看，那个时代的无奈就如这书的模式，无可奈何中地困境挣扎。就如书的结局，没有说那么多人的结局，却又暗示得那么明显。所以书的框架何尝不是对结局的一种暗示呢。,N
0,Komorebi,2020-01-14 10:02:03,,看推荐才买的 封皮我挺喜欢 现在比较忙 没时间读 一定读完,N
0,Song 。,2012-07-16 22:30:33,,不知道为什么一直看不进去,N
0,紫鈊璎珞,2013-03-25 22:04:18,,人物心理刻画不错，闲来无事，看看。,N
0,陪你颠沛流离,2018-01-14 23:00:07,,茅盾文学奖第一本书，预计这个月内看完，故事的可读性挺强，看看过去，反思自己的浮躁，慢慢沉淀一下自己。,N
0,BtbloG,2012-10-12 13:15:01,,正在读，喜欢作者叙述中带点评论的味道,N
0,不知春去,2021-03-29 19:41:28,,才看一章——以后补评价嘿嘿,N
0,ihelen™,2011-02-22 15:10:33,,茅奖,F
0,天空之城夏达,2023-12-25 23:37:59,河南,茅盾文学奖中比较一般的一部，相同题材的作品更喜欢《芙蓉镇》。,F
0,绝世大猛一,2023-08-02 04:57:42,广西,矛盾第一届,F
0,王守谦,2020-08-27 16:30:16,,教资,F
0,小哒1,2017-10-04 15:53:16,,,F
0,柯德莉蓝,2020-10-16 15:33:38,,文学课让读,F
0,TIMEX,2024-12-16 10:18:21,新疆,当代文学《许茂和他的女儿们》,F
0,丹丹,2021-10-14 20:12:20,,他的价值只有真正的庄稼人才懂得。,F
0,TuLmio,2021-01-07 00:53:19,,我一直以为室友说的刻晴是这个。。。百思不得其解,F
0,虾,2018-03-12 00:52:54,,听爸爸说起过,F
0,七彩爆炸头,2022-11-19 01:44:11,山西,十年浩劫给我们国家及人民带来的伤害 第一届茅盾文学奖,F
0,痣,2020-06-26 12:16:22,,故事的开始是因为语文猜题卷的小说阅读出了这个的节选…………,F
0,六斤葡萄,2022-10-23 14:39:37,北京,啊,F
0,深邃de微笑,2015-08-18 18:10:11,,‘,F
0,羊肉串,2017-04-26 09:49:43,,想读,F
0,简鲡锋,2012-02-20 19:37:03,,长篇小说,F
0,书迷,2015-09-10 22:40:34,,紧迫,F
0,wxL,2021-01-26 12:49:52,,喜欢这部书,F
0,大家的大刘,2021-08-29 23:27:42,,很真实很好看,F
