点赞数,评论者,评论时间,评论位置,评论内容,评论类型
2,小淘气,2016-01-13 23:40:49,,语言挺美,P
2,Another℡,2019-07-03 18:37:10,,行文充斥的说教累赘，情节和设定太过典型不由得让人想起一个说法——十一届三中全会派小说，考虑写作时间，更让人怀疑小说写作带着政治任务了。再看等清官平反的意识，大多数民众在斗争中的被动甚至愚昧的形象，是极大倒退和落后。最后代表“正确”的颜组长被调走的留白，无异于今日常见的知识分子常挂嘴边的“回到文革”的威胁。反观我们的现实，今天郑百如这样的赌棍可曾减少？可能反讽证明了文革重新思考党政关系、民政关系的尝试的合理性，尽管其尝试在历史上遭遇了灾难性的失败,P
1,通叔,2017-03-05 17:25:24,,人言可畏啊！,P
1,小小,2016-05-12 16:28:28,,人物描写很鲜活，读完以后，对那个时代又多了一分新的认识。,P
1,风筝,2022-02-11 09:43:27,,和《东方》一样，满纸说教和口号，情节设置幼稚，人物脸谱化严重，考虑到其所处时代，似乎不足为怪，但与其他茅盾文学奖作品相较，完全无法相提并论，充其量是符合当时政治需要的宣传工具。,P
0,大顺儿,2021-12-25 22:49:47,,太好看了,P
0,书文,2022-11-05 21:22:27,浙江,对文革厌倦，剧情拖沓，草草读完,P
0,花溆,2022-12-04 20:28:03,湖南,那个时代特有的作品，特有的写作风格。,P
0,派大星球星星星,2023-10-18 21:37:44,宁夏,目前看过的十几部茅盾文学奖获奖作品里，最差的一部《李自成》，还有就是这部了。同样是第一届茅盾文学奖获奖作品，《芙蓉镇》要好的多，可读性，文学水平，反思讽刺和刻画，都要好许多。这本真是垃圾作品，世纪小说百强榜单里有部《古船》，同样也不咋地，都是所谓的伤痕文学，反思文革的，但都戴着脚镣跳舞，唯有《芙蓉镇》好一些。作者也出国去加拿大了，不知道是不是怕日后清算。,P
0,蓝海与少年,2020-02-18 14:57:33,,出场人物过多，篇幅小，使得角色显得单薄，无法体现出人物的善恶，以及内心情感的转变。,P
0,王奋斗,2020-07-05 17:21:40,,把人性的压抑和心灵的扭曲归罪于文革，完全是作家们在书斋中的闭门臆想。是后文革时期，亦步亦趋地紧跟宣传，是没有独立思维没有独立人格的另一种形式的表现。那个时期，文人笔下的人物怪异、扭曲，现实中的百姓却以正常的情感快乐地生活，即使在文革中也一样。,P
0,开拓万古心胸,2019-04-26 14:24:54,,许茂和他的9⃣️个女儿（重点是老3⃣️、老4⃣️许秀云、老7⃣️许贞、老9⃣️许琴）。上个世纪70年代末的作品，很有时代的烙印,P
0,橙子果,2021-02-16 22:03:57,,单薄,P
0,白日梦也没关系,2019-04-12 17:35:58,,很主流化，好坏结果分明，建设一定会搞好，四姑娘有个好结局还不错。,P
0,碧柯,2019-11-07 13:39:16,,意识形态强加于时代，本来写的不算好，所谓讴歌的人性现在看来也过于扭曲，但实话说还是很好读，尤其对农村风貌的描述，写实中带着美。,P
0,青年阿牛,2016-02-18 16:13:31,,79年的作品给人的感觉就是太主旋律。。,P
0,小恍,2017-06-27 23:49:39,,那个年代那个阶级的人 恼火啊。,P
0,秋果,2020-04-25 09:55:50,,文以载道，符合那个时代的特征。朴实的作家才更让人喜欢，很喜欢的一本书。,P
0,巴斯光喵,2021-07-12 00:38:13,,高中从学校图书馆借来读的，补标。,P
0,皇伯,2023-07-23 11:15:19,河北,应该算作是伤痕文学，揭露了文革末期农村的状况。通过了解书写的年代，也觉得有些不是很完美，缺少一些实际的文革内容。,P
0,而无车马喧,2019-03-14 13:53:03,,刷茅文时读到的,P
0,禾花女,2019-03-26 13:24:36,,伤痕文学的代表。有很美的乡村意境，揭示了当时的社会问题，但总还是没跳出中国文学“劝百讽一”的赋颂传统，具体明显的时代局限性。,P
0,芥末下酒,2019-04-16 13:11:33,,"《许茂和他的女儿们》围绕葫芦坝里的一个家庭开始叙事，为我们展示了文革后期那个特殊时代下农村的缩影。通过许茂老汉、三姐、四姐、七女儿、九女儿、大女婿金水、三女婿、郑百如等各个不同的人物性格，向我们展示了特定时期人的善良与邪恶，爱情与婚姻。小小的葫芦坝是当时社会的一个缩影。

这本现在被定义为伤痕文学的作品，是茅盾文学奖第一期获奖作品。相比较于同时期的其他作品，这本无疑是时代的产物。作者也顺应了当时政治的需求，有为政治服务的嫌疑。

但是，撇开这些，书中的人物，还是让我亲切、感动。许茂老汉小气倔强缩衣节食、三姑娘的泼辣、四姑娘的隐忍和坚毅、七姑娘追求美和自由。这些都真切的让我们看到了农村生活下的农民最真实的一面。",P
0,瑞士不卷姑娘,2022-08-05 00:46:11,,"2020年8月5日qa
晚上12.45",P
1,looooovisa,2017-05-01 17:41:44,,不錯，我居然全部看完了,P
0,古先生,2015-03-11 11:58:45,,老四许秀云，前夫党支部副书记郑百如，老三许秋云，罗祖华，前支书金东水，代理支书龙庆，老七许贞，老九许琴，吴昌全，许茂，工作组组长颜少春，齐名江,P
0,愚思,2022-06-29 22:04:18,,结束的有一点突然。人物心理描写等感觉还是有一点欠缺，不够深入人心。但是很有革命年代的影子。对于很多事情也没交代清楚。不知道为啥能获得矛盾文学奖。大概是充满了社会主义色彩和年代感。总体来说还比较积极向上。,P
0,郭浩,2018-06-08 22:31:07,,写到了75年底的反击右倾翻案风，其实可以写到文化大革命结束。,P
0,第七个的价格,2020-03-05 17:48:18,,"书中人物都拧巴
不喜欢的类型",P
0,🙆,2016-12-08 20:30:10,,人间百态,P
0,既慕是故轶君,2017-06-02 14:27:22,,读过的四部茅盾文学奖里结局最好的一部小说。许秀云很坚强，欣慰许秀云与大姐夫金东水的结局，许琴是那一代有理想的青年的典型，也喜欢颜少春这个真心真意为民服务的好干部，吴昌全种植农作物有我父亲青年时期的影子，但美中不足的是，不知是碍于那个时代的政治限制，亦或是其他原因，总觉得一些人的结局没有交代清楚：郑百如最后到底有没有垮台？许贞与吴昌全的恋爱是否修成正果？正如结尾所描述的颜少春内心的独白：她没有告诉许秀云工作组被迫撤离的原因，她不忍心对许秀云说出目前党内斗争的实际情形，她不愿意把那些令人痛苦的情形说出来伤这个农村妇女的心。言有尽而意无穷……,P
1,一把石斧,2022-04-01 20:34:50,,2022年 4 月 1日，处于彷徨与痛苦中的我，读完了这部人民的奋斗史，伟大的劳动人民万岁！,P
0,plantingdreams,2021-10-24 12:35:35,,感触最大的是周克芹这位成都作家用语的亲切，同为成都人，倍感亲戚。作为农民作家，用语的亲切显得小说的风格朴实无华。仿佛在跟我们唠家常。确实，人物命运与社会国家这个大背景的命运息息相关。许茂和他的女儿们，都是善良的庄稼人，他们热爱他们脚下的土地，都想过上好日子，毕竟过了那么多苦日子。从某种意义上很理解同情许茂，这么老农民之所以对物质生活斤斤计较，可能就是穷怕了。我的父辈们也很节省，算盘打的特别精细，千万不能跟他们谈钱，哪怕对自己的子女，因为他们缺少安全感，过过那样的苦日子，简直就是穷怕了。但我们能指责他们吗？并不能！他们虽然平时很看重钱，但关键时刻，你能看出他们那原始的善良和满足，哪怕对他们一点点好，也足以让他们开心。父亲跟我讲过小时候一天吃两顿偷吃辣椒当饭吃的穷苦生活，很难忘。大时代很重要！,P
0,豆友263245576,2022-10-26 01:06:02,,不管什么年代都有一批为了心中理想生活而奋斗的中华儿女。,P
0,Winter,2022-09-15 09:45:44,,内容结束得触不及防,P
0,FishYeah,2022-06-28 22:02:31,,只想说为什么总有人吃人，嚼舌根的“坏人”，三人成虎。打着各种名义欺负好人，利己主义者，对社会百害而无一利。说的就是那个姓陈的姐弟，社会的蛀虫。最后的结局很满意，大姐夫“官复原职”，许老汉“回头是岸”，很欣慰。坚贞的爱情，至死的亲情，真正共产党员的责任与担当，特殊年代的真情流露。,P
0,爱上赫尔米娜,2017-09-16 02:34:54,,淳朴，愉悦,P
0,什么时候去兜风,2017-08-22 22:07:44,,女性形象都塑造得很灵动,P
0,阅匠,2016-10-03 10:27:56,,以前老是听老一辈说那时的日子很苦，可总觉得听得很缥缈，看的却是很真实,P
