点赞数,评论者,评论时间,评论位置,评论内容,评论类型
3,阿紫与月影倾城,2024-03-21 17:51:35,江苏,故事发生在1975年冬季。这一年邓公实际主持国务院工作，经济形势逐步好转，然而到年底又遭变数。乾坤未定的时代，各色乡村小人物在饱受饥荒、运动折磨后对社会主义的思考和质疑。集体模式开始松动，个体经济开始萌芽，人性开始复苏，倒台、复出，专业队、工作组，市管会、学习班，一切都很有那个年代的特色。小说成稿于1978年，定稿于1979年8月，所以书的结局是圆满的。“只有堵住资本主义的路，才能迈开社会主义的步”，曾经响彻时代不容僭越的口号，现在看来只是“摸着石头过河”路上的小插曲，你以为早已远去的时代，其实制度和国民性里某些自带的基因仍会不时跳将出来搅乱一切，长期稳定发展尤显珍贵。,P
1,夕犬牵矜曰與,2022-03-21 13:58:23,,不同时代的姑娘们，各有各的不幸，各有各的盼头。,P
2,南鑫,2022-01-30 17:33:47,,一个玄黄未定的时代，一个悬而未决的时间，周克芹在二元对照的模式中铺展乡村叙事，齐明江与郑百如的狼狈为奸、许秀云的悲剧、许茂的精明打算……诸多情节都写到了中国现实的“七寸”~~~,P
0,阿郎,2021-12-22 21:34:06,,生活是最全面的教材！,P
0,丢盹,2022-11-17 23:27:14,陕西,结局太突然，戛然而止,P
0,用户6nkieaans4,2022-11-18 13:36:38,云南,“经过短暂的黑暗，东边，耳鼓山丛林上空露出斑斑青白的颜色，云层后面跳荡着一种亮光，它好像在寻找着云层稀薄的地方，从那儿冲将出来。渐渐地，葫芦坝的面目，影影绰绰地显露在晨曦之中了。”,P
0,王二,2022-11-26 23:05:42,内蒙古,《许茂和他的女儿们》读完了，一个大环境同时时间也是模糊的，只有白天与黑夜，人来人往，结尾高潮中戛然而止余音绕梁让人回味，郑百和的下台，颜组长的到来，轻微的改变了葫芦坝里某些人的命运，天下没有不散的宴席，没有过多的描写，感觉好像很简单的人物对话，但是荡气回肠，一个政权的建立离不开底层，改变也离不开底层，但是往往底层的改变需要更大的努力，有的人已经固化，有的人投机倒把，当然这本书的结尾是开放式的美好团圆结局,P
0,🐍,2022-12-06 23:41:38,江西,"一般般
第一届茅盾文学奖获奖作品
农业现代化建设穿插与许茂一家子
家庭理短、儿女情长之中
过多说教、议论、抒情",P
0,沉林拜玉,2022-10-30 14:20:43,浙江,两星因为是茅奖，其他都太一般了。,P
0,寻帆,2024-02-23 10:19:24,内蒙古,首届茅奖获奖作品，小说中评价语言太多，影响了阅读期待，部分人物的思想转变突兀，对情节造成严重拉胯。最出彩的地方是结尾，含而不露，引人深思，虽是仅有的出彩点，但经典深沉，也是之后少有小说能够企及的高度。,P
0,豆友189586625,2024-03-23 04:38:17,福建,四姑凉没死真的太好了,P
0,kingspring,2022-04-08 22:09:26,,"社会主义现实主义……
（福田图书馆）
（No.0174）
（2018-10-27）",P
0,费尔巴哈的寂寞,2022-02-16 18:41:28,,"葫芦坝 1975年冬
机敏的老汉眉毛霍地抖动了一下 厉声问

老汉像突然遭了雷轰，直气得横眉竖眼，跳起脚吼道
他气得鼻子打响，说不下去了

龙庆懂得许茂老汉
许老汉的实际
老人的思考方式
第一章 都是从他人的视角说问题看问题
第二章才开始以四姑娘的口吻叙说
开黄腔",P
0,鹏鹏,2022-05-15 12:39:59,,这本书怎么可以写的这么感人啊！许茂老汉的活脱脱就想极了，被生活慢慢磨灭了道德，因为难堪的事情醒悟之后更是羞愧，感觉这像极了自己。九妹的暗恋，四姐的苦难和坚强都是活生生的，让人代入。,P
0,即兴喜剧幻想师,2022-06-21 13:51:26,,人民群众那些高尚且朴实的道德情操，真真切切地存在于祖国的广袤大地上啊,P
0,小阿葵,2022-06-23 23:04:17,,可读性挺强的，不太舒服的地方就是部分描写太“正”了，可能受时代影响还会时不时硬插句理论，结尾也算个期盼式的大团圆结局了，基本是符合角色性格逻辑的，各人的未来都只是预示没有实际写出，有点开放式结局的意思,P
0,luoshu,2023-01-18 07:13:59,美国,作者文笔还行，景物与人物描写都还算生动。只是还是坚定的左派立场，一定要维护某些形象。哪怕是在所谓的群众中，要歌颂的与要批评的也有非常明确的界限。就是有非常明确的是非观，告诉你哪些是对的，哪些是错的。这显然太幼稚了。,P
0,Yǘ Chiangfong,2019-06-09 15:35:05,,冲着第一届茅奖作品来的，确实也没失望；带着浓厚时代气息，这样的乡土气息，也是我所喜欢的；很流畅的叙事，紧凑的故事发展，有点手不释卷的感觉。,P
0,小马哥,2021-02-20 19:00:03,,文笔不错，内容有点遥远，故事情节吸引力不够。,P
0,小霸王响当当,2020-04-24 17:32:42,,时代感非常强，四川人民的1975年、农业学大寨、小人物的悲喜交加和转变。,P
0,沙迦,2021-01-26 09:04:38,,浓厚的乡土气息，读着挺有意思。大转折时代的中国，小地方小人物的故事，折射出大时代大背景。老七和吴昌全估计走不到一起，但是老九和吴好像什么都没有交代，我觉得情节上是一个遗憾。最后两章颂歌有点过了，失去一个文学作品应有的态度。,P
0,倦游,2021-10-30 10:01:19,,换了个年代的《创业史》，还更添了点狗血。。。除了许茂写得像个人，其他角色一言难尽…,P
0,Afterdawn,2021-10-03 22:58:24,,70年代文革时期农村社区的故事,P
0,寂静星石_,2024-08-17 22:23:31,山东,像看了一部农村老电影，描写了很真实的农村生活。感觉最后两章节奏快起来了。许秀云真的很可怜，中间看的提心吊胆，担心她寻短见，让郑百如为非作歹下去，幸好，作者怜惜她，让她如愿有一个好的结局。而她关于幸福的思考“将来什么都实现了，不愁吃，不愁穿，住砖瓦房，装上电灯，那样就算是‘幸福生活’么？‘幸福’两个字的意思就只是吃喝穿戴么？”至今仍有意义。结局意犹未尽，吴昌全和许贞没戏了，但也没再写吴昌全和许琴的后续，不知道会不会走到一起。这种戛然而止也是真实生活的一部分，作者只截取了一段时间来写，但日子还要继续，并没有定格的完美的happy ending。,P
0,🏖缘晓筱🛸,2024-06-27 06:11:33,吉林,九个女儿中，三、四、七、九各有故事。,P
1,青萝,2023-07-17 15:53:28,安徽,很一般，感觉人物单薄，政治色彩浓厚，反而冲散了情节。,P
0,Mark,2023-05-20 19:30:34,山东,淳朴的人民，反思特殊时期,P
0,梦中尋雨,2020-06-02 17:41:35,,地域色彩浓厚，情节也算紧凑吧。一个个小人物，郑百如是个畜生，老金是真的好人。纵使在艰难时刻，也在想着人民。,P
0,Gemini英,2019-04-27 18:49:53,,动荡的年代！读于kindle,P
0,Dendup Phentok,2020-04-12 15:03:13,,2020.04.12奔子栏,P
0,悦,2024-10-22 14:39:47,湖北,那两个大三角恋还是有一点点狗血了,P
0,unuo,2024-03-23 23:52:03,江西,初稿1978年，结局似乎截然而止，但可以预见葫芦坝上的人们会越过越好,P
0,我想去骑公路车,2022-06-22 18:53:17,,难得有个好工作队,P
0,凌凌周,2022-01-24 21:18:01,,读完仿佛亲历了那个时期，贫穷闭塞的农村，贫苦荒凉，一个家庭的悲欢愁苦和一个国家的艰难困苦,P
0,乖戾小戴,2025-07-02 14:36:41,安徽,时代的一粒灰，落在个人头上就是一座山，文学作品也是经由作家书写出来的记录时光流逝的遗物。虽然没有经历过那个时代复杂的政治形势，但是对于从小在偏僻落后的农村长大，经历改革开放时代巨变的90后，也依然有很多共鸣。闭塞的农村，谣言的传播轻易的如同蒲公英被那些好事者杜撰出来吹散村头，重男轻女的观念根深蒂固，形式主义的干部会议，朝令夕改的组织路线。从前人们努力追求的吃饱穿暖的幸福早已实现，可是现在真的幸福了吗？正确了吗？时代的功过是非，都留与后世评判吧。,P
0,谢尔比莉拉,2023-11-16 11:55:16,内蒙古,郑百如这种臭男人去死好嘛……,P
0,拾念。,2022-04-22 23:48:32,,四姐，老七，九妹，看到了他们追求爱情的不同种方式。,P
0,杉杉姗姗,2023-09-01 17:18:23,四川,为什么历史虽然不会完全重复，但总有相似之处呢。大概因为人性是相似的。尊敬颜组长，羡慕许琴，鄙夷许贞，怜惜许秀云；敬佩老金，共情代理支书，厌恶郑白如，嫌弃小齐同志。那又如何？现实人不过也是集合了小说中多种正负面特质的复杂结合体而已，究竟好或坏，只能放在特定历史背景下去讨论。更重要的是，当隐约发现自己的想法与周边环境格格不入时，如何用发展的眼光取舍选择，这才是更古不变的人生话题。,P
0,舒泌呀,2021-03-24 11:57:42,,"全书带有浓厚的时代色彩，强烈批判着社会上的一些灰色现象。带有强烈的政治色彩，为了歌颂而歌颂。翻到最后一页看到初稿完成的时间才能理解作者为什么会创作这本书了，文革刚刚结束的时期，百废待兴，所有的苦难刚刚过去，希望如新生的太阳刚刚露出了明亮的一角。
作者把社会现象通过小人物的命运表现出来，四姑娘是幸运的，但那个时代没有多少人有如四姑娘这么幸运。",P
0,我曾那么接近你,2019-02-14 14:11:53,,很浓重的年代感，描绘的农村风景与劳作，作者应该有丰富的农村生活经历吧。冲着第一届茅盾文学奖作品来的。,P
0,小鸽子,2022-11-20 19:50:28,北京,"作者周克芹所构建的农村世界给每个人都带上了鲜明的标签，颜少春代表了党的领导党的工作，许茂是被共产党和时代政策影响的老农，郑百如是党员中的投机分子，四姑娘是善良受尽苦难的农村妇女，七姑娘是被物质权力腐化的虚荣女性，九姑娘是被党领导吸引的进步青年。人物略显单调，但是也能够反映70年代中国农村的实际情况和精神风貌。与写同一题材的作家路遥相比，我更喜欢后者。

小说的最后一页，初稿写于1978年，修改于1979年。我顿觉作者的过人之处，一是这个背景下的小说必然带有时代的局限性；二是在中国大地上兴起的改革，作者敏锐的捕捉到了它所带来的春风，并勇敢的写了下来，寄予了自己的希望。",P
0,八戒的钉耙,2025-07-09 00:40:35,广东,人物刻画还是不错的。不过情节压压压压，一直等待一个爆发的高潮，结果高潮没有，直接进入收尾。让人一口气憋住了,P
0,朋友仔,2023-08-22 18:12:29,广西,喜欢四姐身上的韧劲，还以为郑百如能得到应有的惩罚，失望！,P
0,宽仔码头,2022-02-16 11:44:42,,语言朴实，人物刻画得入木三分，对人物的心理活动描写得很细致。值得一看。,P
0,刘莺莺,2022-11-13 21:15:01,福建,"特定时代，造就的特定人，作出的特定事。
抛开大环境，人物内心刻画很深刻~
结局，似结束而又未结",P
0,恩恩少错过,2022-11-21 18:01:05,湖北,那个时候的人们实在是太苦了，谣言有时候真的能够杀死一个人。,P
0,vince,2022-11-17 13:19:40,陕西,很不错的小说！,P
0,chloe0606,2024-04-28 09:47:03,山西,生活一步步向好的方向走，处于那个特殊的年代，有许多的无能为力。展现了女性的社会地位以及，当时农村的一些情况。让我想到我的父亲，如果有九个女儿，他会怎么样，估计连腰都直不起来,P
0,38℃能热╁疯,2024-03-13 18:05:56,河北,时代气息鲜明，主要人物许茂，三辣子，四姐，九妹，郑百如刻画比较丰满，故事略显简单，展开不足。,P
0,faith,2022-12-12 17:06:35,安徽,倔强的许茂老汉，质朴的农民，在荒唐年代下的境遇，好在有个好结尾。,P
0,豆友202275339,2022-11-25 17:54:26,上海,年代感太强了，理解不了那个年代的三观,P
0,篝火,2022-10-24 22:28:43,内蒙古,许茂的自私是穷怕了，变怕了，幸亏四女儿的坚持让他看到希望。,P
0,卡莲,2023-11-30 22:27:05,湖南,非常大胆且具有实验性的一部小说，获得茅盾文学奖名副其实（虽然看的时候老是血压高升，心里大喊着多说几句话事情不就结了）,P
0,祈求暴雨降至,2024-01-17 03:21:57,重庆,改变文坛风格的第一部作品,P
0,爱马士,2019-03-19 23:49:40,,2019年3月19日 购于 汕头·京东,N
0,小壮大力士,2023-06-20 23:00:09,四川,2023.6.19,N
