点赞数,评论者,评论时间,评论位置,评论内容,评论类型
25,王奋斗,2020-07-05 17:22:44,,把人性的压抑和心灵的扭曲归罪于文革，完全是作家们在书斋中的闭门臆想。是后文革时期，亦步亦趋地紧跟宣传，是没有独立思维没有独立人格的另一种形式的表现。那个时期，文人笔下的人物怪异、扭曲，现实中的百姓却以正常的情感快乐地生活，即使在文革中也一样。,P
6,青冥天,2023-07-05 16:33:10,湖北,"“伤痕文学”的代表作。
结尾看似一切好转，可最终究竟会怎么样呢?毕竟那可是1975年冬天，而且1976年冬天。
作为农民作家，周克芹的文字中还是充满了对农村与农民的热爱、关切、同情的。
有人仅仅因为作者是知识分子就批评是不对的。都什么年代了，还搞阶级(阶层)决定论?
而且现在很多人没看过书，就在批评“伤痕文学”，可又有多少人真正关心农民的处境呢?
最厉害的是还有给那场运动洗地的，真是可笑至极。",P
6,吃饭咋能不喊我,2022-03-26 17:54:41,,"生活是一本最全面的教材。

认识一个人，本来就不容易，认识自己也同样的困难。

生活绝不是一潭死水，春风在人们心中荡漾。
爱情的悲剧并不都是生离死别，应该说，冷漠，更是爱情的悲剧。",P
1,谷声,2022-02-04 21:04:56,,"有一点点蛇尾
女人的刚强永远不要小觑",P
0,[征婚的女士],2022-03-19 13:33:56,,小时候看过电影，特意怀旧来了。电影内容早已忘记，只记得一个画面：缺德老汉倒卖一坛子油…今天再看文本，明显是特殊时代的产物，很共产党，人物也脸谱化。书名美感突出，设定也吸引人看下去：一家子只有九个女儿，还是成年女儿，你想想看…,P
1,Mr.M,2021-12-31 15:43:22,,时代作品！,P
0,01,2023-01-04 17:25:36,上海,文革后期（1975年）发生在四川省一个小乡村的故事。,P
0,S.S.,2023-01-03 18:23:32,爱尔兰,前面50%都是在铺垫。很形象的说出了那个时候农村人思想上的偏见与狭隘。自己的认知即是世界。很喜欢三姐的爽朗泼辣，四姐隐忍稳重，老金和吴昌全的专研精神。,P
2,八子,2023-08-12 21:33:51,上海,没有价值,P
0,廴聿,2023-05-21 21:28:55,河北,又继续开始自己茅盾文学奖的刷书之旅了，《许茂和他的女儿们》是1979的作品，书中讲述了农民许茂和九个女儿中五个女儿的故事，从小人物角度来些人民公社下农民的生活思想，农村干群关系的情况，以及妇女思想的解放和社会地位的变化。尽管故事的完整性和人物群像树立都还算成功，但是能拿到茅奖感觉还是稍有过之。,P
0,Jade,2023-11-12 00:55:33,江苏,以小看大，心理情感丰富，环境描写细腻。,P
0,小鱼喝水咕嘟咕,2023-11-07 22:03:13,重庆,四姑娘和金东水的结合只是单方面的喜欢吧……,P
0,日下荀鸣鹤,2023-11-03 11:36:55,北京,离我生长的年代太遥远了导致有点隔阂，那个时候的文字都有种用力过猛的感觉,P
0,蓝染,2023-11-29 08:43:13,河北,情节处理的略显粗糙,P
0,元夕的月,2023-11-21 07:42:40,北京,好人有好报是文学给的蜜果,P
0,南音。,2023-12-13 10:45:04,浙江,主旋律，时代感。,P
0,白丁,2023-12-21 07:04:28,江苏,政治正确剧情平淡的乡村故事,P
0,箫笛,2022-11-30 23:38:23,陕西,70年代四川农村社员的乡村生活。集体劳动，挣工分，赶集，供销社买日用品。社员白天劳动，晚上开社员大会，听大队干部念八股文报告。许茂老汉生了九个女儿，三个嫁到了外村，一个出去当了兵，一个在乡上供销社卖盐，大女儿嫁给村支书金东水，四女儿离了婚，住在娘家草房里，三女儿是个辣妹子嫁给了本村的老实人，小女儿高中毕业是村里的团支书。全书主要描写了这一群人在葫芦坝这个地方的日常生活和喜怒哀乐，反映了70年代人民的生活状态和精神面貌。全篇语言生动，刻画人物形象鲜活，但又过于理想化。,P
0,废物点点心,2022-12-01 23:11:53,吉林,11.30更：郑百如和小齐真是我非常久以来，文艺作品里最讨厌的两个角色了，郑这类人到现在也依旧遍地都是，小齐算是特殊时代的产物嘛？,P
0,发条月亮上发条,2022-11-03 23:02:08,河北,土地上的故事生生不息,P
0,SeaGreen,2024-03-25 20:31:18,湖北,"阅读2024–11
        已读周克芹第一本。70年代末四川农村人民的乡村生活：集体劳动，挣工分，赶集，供销社，白天劳动，晚上开会……从小人物角度来看人民公社下农民的生活状况和精神面貌，故事比较简单，结局有点仓促。作为第一届矛盾文学奖获奖作品，政治性比文学性强，得奖或许是因为每个时代都需要一些记录时代风貌的作品。",P
1,一只麋鹿,2023-08-17 14:46:53,湖南,其实在当时一众文革作品中算不得出色，但是语言叙事平实流畅，读也读得下去。,P
0,陀,2023-09-21 18:16:57,山西,"2023#reading#53
坚强而勇敢的女性们。",P
0,momo,2023-08-04 10:57:03,山东,坚强的妇女们，在爱情与事业中迷惘的女性们，遇到困难不放弃的她们在大洪流时期的故事。,P
1,一百亿零一,2023-07-23 11:58:34,江西,人物确实脸谱化。,P
1,违天良,2023-06-11 11:28:44,浙江,那个时代的书读了好多了，矛盾文学奖？这篇怕是够不着吧,P
0,春风故里丶,2023-06-13 15:08:15,湖北,虽然是群像，但每个人物的性格都很立体，不是单纯的纸片人。在时代的洪流下，四姑娘历经磨难，柔弱的外表下有着坚韧的内在，在惶惶惑惑中，将伴着葫芦湾迎来万物苏醒的春季。,P
0,弗拉拉的无忧宫,2023-06-17 22:11:09,浙江,4月23日开始看，陆陆续续看一点，今天才看完。阅读感是破碎的，但好在文字简单，不太影响阅读体验。风格依旧很茅奖，浓浓的乡土气息，淡淡的人情感伤。看现当代的小说，总能得出两个极端的观点，一方是沈从文式的“乡土乌托邦”，一方是乡土小说派的“愚昧落后”。这两点其实不冲突，这在《许茂家的女儿们》就体现得尤为明显。最后的结尾也太草率了……,P
0,懒残僧,2023-09-28 10:09:47,上海,新中国的建立给了大家太大的信心，难免产生了膨胀，调高了对未来的预期，也就是“跑步进入共产主义”。实际上，这种预期对于激发积极性自然是好的，但是未免偏离了唯物社会法则，代价就是“逆向选择”这个灰色恶魔的侵入。由于，过于强调成果，也就是大跃进，使得掌握实际情况的人不敢接手，而实际上真正接手的都是搞不清现状的傻子（二代），开口就是你思想有问题，和一开始就准备糊弄的骗子（旧官僚），胸脯拍的震天响，这正是旧社会混子的拿手好戏。文科擅长“矫饰”，压制一切其他学科，的确需要一场转向把理科及其他人才解放出来，以解放更大的生产力。而徐茂本身小农主义的念头有很典型，一开始共产党给他分土地，后来共产党让只有女儿的他进公社，于是他大力支持共产党。但是，如今的干部除了整天折腾这个折腾那个，又给自己带来了什么好处呢。,P
1,偷狗少女乔十一,2023-10-05 21:24:16,广东,“小齐同志脑子里满是许琴的音容笑貌”，这样的低级错误，对于一部茅盾文学奖作品，显然是不应该的。,P
0,无限粒子,2023-08-16 15:22:05,河南,后期调度跨度有点大，显得整体有一些突兀,P
0,zju_miracle,2022-08-10 10:22:39,,"1978年初稿。1979年8月26日改毕。许茂老汉到金东水小屋喊他们回去住…全文完…
意犹未尽啊
这个背时地方啥也不出产，就是出产谣言！
“葫芦坝真他妈是个‘葫芦’，‘葫芦’里装着什么药，真该打开来看一看了！",P
1,卧刀宿,2022-08-19 17:34:11,上海,写景一绝！读到结局真是心碎难过：仿佛要看到葫芦坝的春天，又好像这个春天永远不回来。好人遍体鳞伤，恶人殊死挣网。,P
0,记录,2022-07-13 15:01:57,,算主旋律作品吧,P
0,小园子,2022-10-09 20:58:58,北京,时代性比较强吧,P
0,心心人人chd,2022-07-07 18:11:01,,五十年代的作品，那时候人的生活比较压抑。,P
2,玲娜墩墩子,2022-06-24 09:40:59,,"这家人也太奇怪了，为啥有事儿不能沟通啊，一定要自己都憋着？也许这是文革期间留下的习惯？庆幸没经历过那个时代。
不过关于各种路线斗争让农民很混乱，关于村干部的丑态，确实是让人很眼熟啊",P
0,偶然的一天,2022-07-15 15:24:41,,人们大凡都是从自己直接的、具体的生活感受出发来进行思考的。,P
0,古越淳风,2024-04-16 09:57:24,江西,小说以葫芦坝许茂的几位女儿们老三秋云、老七许贞、老九许许琴、尤其是四姑娘秀云争取婚姻幸福为线展开，同时塑造了金东水、郑百如两位正反派男性形象，金东水对党的事业忠贞如一，即使含冤退位也心系家乡，是一位能力魄力毅力耐力俱佳的好干部，但忽略了个人情感。郑百如投机倒把，恶贯满盈，无所不用其极。在斗争上，颜少春金东水等革命派暂时居于下位，可春风一定吹绿葫芦坝的。,P
0,01,2023-01-04 17:25:36,上海,文革后期（1975年）发生在四川省一个小乡村的故事。,P
0,S.S.,2023-01-03 18:23:32,爱尔兰,前面50%都是在铺垫。很形象的说出了那个时候农村人思想上的偏见与狭隘。自己的认知即是世界。很喜欢三姐的爽朗泼辣，四姐隐忍稳重，老金和吴昌全的专研精神。,P
2,八子,2023-08-12 21:33:51,上海,没有价值,P
0,廴聿,2023-05-21 21:28:55,河北,又继续开始自己茅盾文学奖的刷书之旅了，《许茂和他的女儿们》是1979的作品，书中讲述了农民许茂和九个女儿中五个女儿的故事，从小人物角度来些人民公社下农民的生活思想，农村干群关系的情况，以及妇女思想的解放和社会地位的变化。尽管故事的完整性和人物群像树立都还算成功，但是能拿到茅奖感觉还是稍有过之。,P
0,Jade,2023-11-12 00:55:33,江苏,以小看大，心理情感丰富，环境描写细腻。,P
0,小鱼喝水咕嘟咕,2023-11-07 22:03:13,重庆,四姑娘和金东水的结合只是单方面的喜欢吧……,P
0,日下荀鸣鹤,2023-11-03 11:36:55,北京,离我生长的年代太遥远了导致有点隔阂，那个时候的文字都有种用力过猛的感觉,P
0,蓝染,2023-11-29 08:43:13,河北,情节处理的略显粗糙,P
0,元夕的月,2023-11-21 07:42:40,北京,好人有好报是文学给的蜜果,P
0,南音。,2023-12-13 10:45:04,浙江,主旋律，时代感。,P
0,白丁,2023-12-21 07:04:28,江苏,政治正确剧情平淡的乡村故事,P
0,blublublula,2023-01-30 22:04:23,湖北,这个故事的时间跨度并不特别长，甚至可以说很短，但是书里的人物形象、时代背景、故事情节都超级完整。很喜欢这个结尾，喜欢九姑娘许琴的（书里的）结局！还有，能够阅读矛盾文学奖的优秀的得奖作品，作为中国人，感觉真的很好哈哈哈哈哈,P
0,阿毛蛋挞,2023-02-08 19:33:48,浙江,许茂老汉跟自己和解，是时代塑造他的个性，从他行为习气可以了解那个时代对个体人的影响，书中印象最深的是许茂的四女儿，四姐有情有爱，敢爱敢恨，对大姐夫长秀长生娃很是照顾，对自己感情也不马虎敢于斗争，心地善良做事有分寸，老九很有原则，一直留着的入党申请书就是很好的证明，年轻活力爱学习上进。,P
0,笨小孩,2023-02-01 17:04:55,海南,看过电影，多年后再重读，体会一下那个年代的小说特有的气质。读完。时代的印记太明显了，人物的刻画也太单薄，非红即白，命运就是时代的产物。故事情节也不复杂。轮回？,P
0,有关先生,2022-12-27 20:00:49,北京,每个年代有每个年代的风景。一个思潮起伏跌宕的年代难免会……,P
0,戴口罩的哈士奇,2023-01-02 08:40:31,陕西,"许茂老大爷一共有九个女儿，书的背景是经历十年文革迎来了改革开放一切都在迎来转机的背景，主人公主要是四女儿，四姑娘因为被强奸在那个年代只好嫁给强奸自己的郑百如，后来被离婚，而许茂嫌丢脸一心想把四姑娘赶紧嫁出去，四姑娘决定留下靠自己过上自己的生活，但是因为郑百如的纠缠，四姑娘一度陷入绝境，因为造谣被家人误解，但是四姑娘坚持到向组织澄清最后和自己喜欢的人在一起。冲破黑暗，迎来光明，而四姑娘的胜利也使得顽固的许茂老大爷转变了自己的观念，解放了自己的思想。
整本书读下来，鸡毛蒜皮的事太多了，时代间隔有点大，但也能理解四姑娘的处境，只是不明白四姑娘和金书记啥交集都没有，为啥突然喜欢金书记？",P
0,Te+.amao,2023-03-01 11:50:06,北京,3.8吧，节奏和文辞恰到好处。,P
0,雪泥,2023-01-29 20:03:41,上海,"去吧，为什么要去？葫芦坝一千多人，为什么单单和他告别？
(着实读够“文革的故事”了，但是这本表现得还差强人意。最不值得的事莫过于错爱与波折了。）",P
0,SusieW,2023-01-27 09:04:32,福建,从文学的角度来看，只能打三星。政治性较强，人物形象的刻画和其他文学作品相比较平面且模板化、部分细节的勾勒或不足或突兀或生硬，昂扬向上的革命乐观主义精神大多通过作者的“画外音”展现…四姐许秀云、九妹许琴以及吴昌全、金东水是令人印象比较深刻的几个人物。总体而言，私以为没有《芙蓉镇》读来那样有感染力。,P
0,樘小里叫阿布,2023-01-11 09:09:15,湖南,好像都是几年前读的了,P
0,敏,2023-02-26 00:40:40,四川,“我最近常常在想，个人的遭遇，同整个社会的动荡是不是有关系呢？失去了的个人的幸福，是不是只有当国家的情况好转和安宁的时候，才会重新到来呢？四姐是个好人，总有一天她会得到幸福的。今年全国的形势比去年好，那样的日子正在到来。……”,P
0,逐道,2023-04-28 15:30:13,北京,还是青天大老爷拯救受压迫者的模式，这里换成了工作组。,P
0,黎烟向晚,2024-10-02 18:42:46,宁夏,«许茂和他的女儿们»是乡土文学，像«秦腔»，描绘的也是一个时代，像«芙蓉镇»，有厚重，也有沧桑，就像荒原里的无名野草，存在着，也渺小着，也伟大着。但是与这两部相比较，人物脸谱化特别严重，好人坏人黑白分明，要是再厚点，可能就读不下去了，因为每个人的命运和故事好像因为好坏就成了既定的事实，可是现实并不是这样。,P
0,外星人也爱种树,2025-02-21 14:59:39,北京,明显的时代烙印，但是跟芙蓉镇一比，结尾似乎并没有明显的圆满。那个时代的大山只有那个时代的人去面对！,P
0,不可期,2025-01-15 21:10:09,广东,乡村篇。文革末期的反思，希望已经出现。全篇思辨大于叙事，富有宣传意义。就故事情节和人物刻画而言，许茂老汉的态度和九姑娘的情感似乎都转变得过快了。,P
0,捉迷藏的珠姜,2025-07-04 21:35:12,北京,"有时代的痕迹，人物面貌比较单一，像同年代的老电影。
但限制也是一种表达，细看不自然的地方，那就是画出的思想的边界。",P
0,Weiking,2022-01-08 22:22:27,,刻着浓重的时代印记，依然能看出赤诚的心。,P
0,Stuttering Bird,2023-04-18 11:52:09,上海,川味十足，总希望颜组长能常有,P
0,林天,2025-01-17 09:35:23,北京,"尽管现在看起来很多人物的想法和行动很怪异，但考虑到那特殊时代背景和人们的思想观念，其实这是一部很棒的文学创作，值得茅盾文学奖。
在那个百废待兴的改革开放初期，一部反映文革末期的社会，从一个小村落的视角，来讲述那些风土人情和人们的日常生活，来反应大时代背景下暗含的春意。作为伤痕文学，需要一个光明的未来给人以希望。很棒。
只是书中几位人物的转变太过于突兀，许茂老汉和七姑娘尤甚。还有就是坏人没有交代结局，少了那么一丢丢快感。然而不失为一部特定背景下的好作品。",P
0,四火,2024-01-22 16:57:03,四川,202402 浓浓的时代气息,P
0,融合怪1.6,2023-10-29 19:08:58,河北,被这样一个真实又血淋淋的结尾震撼了，斗争远没有结束，人民被欺骗来欺骗去，最终就会失去信任，工作组从开始就入了村，但是整个故事却被郑百茹们从头到尾控制着，而读者就像四姑娘一样压抑,P
0,Tenacity,2022-08-15 00:07:45,,读完忘了讲的啥了 9个女儿,P
0,seven,2023-09-29 14:25:51,四川,结尾有些仓促…,P
0,北纬,2021-01-18 16:16:29,,反思文学的早期作品。,P
0,我可去你妈了个,2021-02-12 23:08:46,,？,P
0,精神的角落,2020-11-25 22:37:13,,只觉得所谓可爱的人面目可憎,P
0,轩儿高了,2020-09-03 17:57:00,,人哪有什么错呢，哎，许家=虚假，才能过审么？！不知道，很多四川言子，还是看着亲切,P
0,番茄盖饭,2020-05-08 05:10:43,,"许茂和他的女儿们让我始终无法原谅那个时代，他们整个的人生都毁在那场灾难里，即使他们到最后还相信希望，还能有希望，伤害就是伤害，过去了就是过去了。


周克芹最感动我的是他的细节，我始终觉得一本小说不论作者怎么搞，一定要有细腻的文本细节，一个字一个字的构成，“在这漫天的雾霭中，几个提着鸳篼拣野粪的老汉出现在铺了霜花的田埂上和草垛旁，他们的眉毛胡子上挂满了晶莹的水珠。”朴实无华的语言最具美感。",P
0,Bon,2020-06-28 18:47:20,,从《谈话录》过来的～,P
0,十三豆豆,2021-08-18 23:11:25,,"以1979年冬天四川一个偏僻农村的社会生活为背景，通过主人公们的生活故事，反映了“文革”给农业生产及农民精神上造成的创伤，描绘了70年代末风云变幻的社会风貌，结尾预示了结束动乱之后必将出现的光明、美好的前景。

里面的女性人物角色树立得不够立体，太平面化了，最无语的是小说处处表明许茂家的女儿一个个都好，却没有写出她们的“好”。

作者的评头论足如影随形，政治思想在故事里输入太多，如“我们党正是通过大量的颜少春这样的忠诚干部，把亿万农民引上了社会主义的集体化道路，并且有决心，有信心，要把他们引到共产义！”。

特殊时代下的产物。",P
0,陈子淏,2021-09-12 12:28:14,,生活啊，为什么给人那么多的烦恼。生活啊，为什么给人那么多的希望。,P
0,乐事原味薯片,2024-05-08 21:13:15,浙江,三星半，作为茅盾文学奖第一届获奖作品，我抱有了过高的期待值，应该有时代因素在里面。作为78、79年的书，能前沿地认识到——“个人的遭遇，同整个社会的动荡是不是有关系……失去了的个人的幸福，是不是只有当国家的情况好转和安宁的时候，才会重新到来……”也是蛮令人惊讶的，以及对现代农业的设想——“往后呀，农业要搞现代化，可就得走科学种田的道路啰。农业要靠科学吃饭才有前途呢！现在的年轻人，叫他们永远像他们爷爷祖祖一样的肩挑背磨，当然是不行的嘛！将来，是机械化，电动化，园林化，化学化，一句话，文明生产。——想想，那有多美！”，过去四五十年，就基本成为现实了。,P
0,Y,2024-05-14 10:04:25,北京,文革创伤，第一届茅奖，后来逐渐被人们遗忘。我并不认为十年动乱后激烈控诉的人们是愚蠢的，虽然这容易造成盲视，但直接的创伤用直接的方式表达出来，这可能也是历史中人直面历史的方式。,P
0,朱笋笋,2024-05-17 23:09:49,山西,女性的命运……唉,P
0,姚哲啊,2024-08-11 20:03:07,山东,难评,P
0,白树酱,2024-09-29 23:06:51,内蒙古,没有着落的结局，揭示出那一时期作家乐观却也犹疑的心态。,P
0,阚 world,2024-10-04 08:02:20,安徽,"时代伤痕式的悲情
葫芦坝上 拄着一根扁担，一步一挨的走着",P
0,邾赈,2024-10-13 22:33:18,广东,有些历史值得被记住，也需要被记住。要牢记，糟糕的政策，既可以放纵权力，使其凌驾于平民的生命之上；也可以无限激发人性的恶，为了在政治运动博取权力而不择手段。,P
0,景阳冈大霸王,2024-03-28 22:57:53,山东,反思文学，结尾仓促，环境描写不错,P
0,一个抠门的人,2024-05-21 12:36:25,河南,给四星吧，很有那个年代的写作风格，结尾戛然而止留白太大啦！,P
0,翘楚,2024-07-01 22:13:38,河北,"女人还是要刚强起来，无论何时何地，永远都要把自身利益放在最前面。
多爱家人，多考虑家人，一路走来走去，只有家人才是最重要的。",P
0,52Hertz,2024-07-17 12:23:03,黑龙江,无论什么年代，不符合时代主旋律的人都很艰辛，时代的发展根本不给普通人以思想空间,P
0,宋七,2024-12-20 22:04:28,上海,作者真的好喜欢用“凄惶”这个词，是否能够体现出一些文笔问题。本书时代性太强了，需要一些文学史和伟光正以外的历史知识,P
0,I wander,2024-12-29 17:11:34,江苏,很亲切的乡音,P
0,薛亚峰,2024-11-13 09:06:51,河北,作者1936年来1990年去，1978年本书成，这些条件是这本书大量意识形态以及臆想中的美好又及虎头蛇尾的可谅解之处，全书只有第九章开头写的不错。想到爱因斯坦评价圣雄甘地的一句话:“后人很难相信，曾经有这样一个血肉之躯在这地球上匆匆走过”。,P
0,WT³,2025-02-17 11:11:46,湖北,深刻的时代烙印，缺少与时俱进的先进性。,P
0,Gin,2025-02-08 14:40:38,湖北,"喜欢女子群像 但作者明显不会写
太政治也太男子了",P
0,MrSolo,2025-04-18 15:08:07,广东,政治性大于文学性,P
0,红萝卜蹲,2025-06-06 17:58:26,广东,没读进去,P
0,放星星,2025-05-26 02:05:25,河南,挣工分，亲切的词汇,P
0,驽马,2025-06-20 10:52:45,北京,作者78年写就的小说，那是一个特别的年份，对国家对每个人都带来了无比巨大的震撼和改变。不论农村还是城市，每个人内心升腾起的既有一切尚不完全确定的不安，也有历经波折后希望一切都能实现的期望。小说很有时代特色，应该说也很贴近当时的农村社会现实。,P
0,沈西,2025-06-25 10:49:46,山东,讀早期作品。//读过大半，发现文革末期的转折时候，一部分人还是抱有理想主义和实干精神，对国家对组织有信心，至少是将依靠放在土地上。差不多五十年过去，如今的普通人信仰什么？好像越来越踩不到实地。//朴素真挚的作品，没什么特别技巧也没什么特别化的人物，却能看到作者本人对所写主题的了解，还有对土地的热爱——爱得真诚坦然。而如今乡村的情形是从那时发展来的：乡村建设，城乡差距，乡村年轻一代的婚恋问题与个人发展。看到那时高尚的心灵追求，无私想法，如今仿佛是陈旧落伍，却是实在的，值得回溯。是什么让人的信念改变？经济变革是潘多拉魔盒。,P
0,行云无归处,2024-12-30 02:06:18,山东,这个比较有意思一点，但有些地方还是带有时代的局限性。,P
0,之无,2024-06-04 22:20:40,四川,我以为作者是真真实实对农村，对农民有着内心深处的同情和认可的，当然，也是有期望的。在不讨论意识形态和运动的前提下，伤痕文学一定是一种贬义，当然这个前提不存在，因为整篇小说就是在这样的前提下进行的。人物有一些脸谱化，剧情不存在所谓的反转，感觉全是一个“上帝视角的人物在操纵”，时不时穿插一些写作者的“感叹”，这是一种时代的特征，这也是一种时代。,P
0,木知川,2025-07-07 16:57:06,安徽,"难得一见的四川乡土文学。时代印记明显的小说。
许茂养活九个女儿也是不容易。我还寻思作者会怎么有条不紊地写九个女儿的故事，果然死了一个、嫁走三个、参军一个，主要还是围绕四个女儿展开。
郑百如之流依然横行于当今社会。
思想纯粹，笔力质朴，注重个人心理描写，可以视作文革文学和改开文学之间的过渡性作品。
“生活是一本最全面的教材。”
“生活绝不是一潭死水，春风在人们心中荡漾。人民从来没有丧失希望。”",P
0,烟。,2023-07-04 19:50:19,甘肃,不管经历多少苦难，生命永远无法停止。,P
0,张七昂,2023-12-21 02:46:01,浙江,"感情是细腻的，人物也很鲜明，但是转折有些突然，结尾更是潦草，但瑕不掩瑜，依旧是一本非常生动农村小说，让我想到平凡的世界。颜组长这个人物应该是大多数人理想党员领导的化身，讲道理，懂人心，理论联系实际，虽然很完美，但没有失真的感觉。结尾没有尘埃落定，大家的未来都扑朔迷离，好像那些事情永远不会结束，失望但也可以接受，读者就像下乡的工作组，在葫芦坝住了一段时间，了解到了非常多细节，但也只是一段时间的，没人能了解到所有事情的前世今生，总是得离开，你知道他们的日子还会一天天过下去，而你也就只能祝福了。",P
0,在巴黎逛街的猫,2022-12-15 21:42:07,安徽,又是一部听完的小说，整体来说故事很吸引人，重点写了许家四姑娘命运的转折。许茂家有9个女儿，工作组来到葫芦坝之后，许多人都发生了一些变化，四姑娘是勇敢的，却也是懦弱的。九姑娘很真性情，七姑娘很物质，却也是很常见的，亲情，爱情在那个特殊的年代，应该比较真实吧。整体来说，故事还是可以看看的，只是觉得结尾有点拿不准，也不知道葫芦坝的建设能不能成功，金东水和许秀云能不能走在一起？颜组长回去之后会怎样？郑百如，小齐他们这两个不讨喜的角色的命运都没有交代，感觉内容多少有点不够连贯与紧凑。许茂从一个自私的人，最后愿意把自己攒的钱分给自己的女儿们，又亲自去接大女婿一家到自己的院子里去住，不得不说也是在变好。我想这种开放式结局，是想给读者留一些想象的空间，日子总会变好的。三观不同，终究会散，就像七姑娘和吴昌全。,P
0,秦风,2024-03-27 12:24:06,山东,其实还是很不错的。,P
0,小太阳🔆鸭,2024-11-05 21:39:07,广东,作者文笔还是好的，书中描写的那个年代的故事，主旋律的题材，红的发紫，没有经历过那个年代的事情，也被他的文笔所折服，像是跟着书中描写的人物一起走过了一段艰苦的岁月。书中出现了许多许多的人物，作者的文笔让我叹服，一个又一个人物粉墨登场，那么鲜活,P
0,章鱼哥别躺,2022-08-23 09:55:39,江苏,我觉得在中国文学界这个一般般哎,P
0,Yan 😇😇,2022-07-26 23:02:05,,时代的缩影，只能说是那个时候真的太难一穷二白，什么都没有。慢慢摸索，慢慢起步。,P
0,曹心吾,2024-01-30 23:21:42,山西,这本书确实有当时的时代大背景的缘故，但是许茂和他的女儿们的关系，多少还是有点不符合农村人的质朴无华，可以描写农村妇女的八卦，但是不能讲农村的亲情描述的这么冷漠，再不怎么样，也不能将许茂描写成会对死去的大女儿的孩子不管不顾，直到最后一页才幡然醒悟。,P
0,老九和酒,2024-03-25 14:27:12,北京,为什么没有交代郑百如的结局就戛然而止了，无不透露着那些年代对人性的摧残，变幻莫测，猜测、权谋、诡辩，只叫人悲哀罢了。,P
0,Marvelous,2024-02-06 14:56:54,河南,非常之不好看。书评都发不出去了是吧😅,P
0,空巢老人,2024-12-28 15:57:45,河北,生活绝不是一潭死水，春风在人们心中荡漾。,P
0,老咪,2023-12-01 11:01:01,天津,许家女由许老汉养育，葫芦药在葫芦坝中藏,P
0,JunJun,2025-05-31 16:28:23,四川,生活就像天上变幻着的云彩，永远不会是一个样儿。,P
0,想瘦瘦的佩奇,2025-06-11 17:11:16,四川,不评价,P
0,Jjiang同學,2024-06-24 17:48:51,河南,"最初读这本书是因为我发现作者是四川人。它里边儿所用的很多方言词汇是非常贴实的。当然这些词汇不一定都是很好的表述，但是作为一个重庆人读起来是比较亲切。
       当然言归正传，说到这本书。我始终是秉持着不管是影视作品也好，文学书籍也罢，在我这里觉得是否是一个好作品最重要的是能否带动和牵引受众的情绪。四姐许秀云的遭遇和她不愿意详说的情况是令人着急的，当然这或许是时代的“不允许”，但作者恰好拿捏了读者的情绪。但这本书的瑕疵也很明显，虽然说人物的刻画非常形象和充实。可是在后半部分的情节推动上显得有些单薄。",P
0,胖嘟小方,2024-02-14 18:24:26,,虽说是和现在的生活离得太远，但描述的手法非常棒，用各种景色描写衬托接下来的事件进程，并不断大量利用对比手法进一步烘托气氛，这是现在网文所不具备的。,P
0,篱笆女人和狗,2025-02-06 22:39:00,山东,这本书在现在不见得能得矛盾奖。 读过一遍，算打卡了。,P
0,叶葳蕤,2023-07-21 16:28:02,江西,主旋律作品,P
0,曹溪寺,2025-05-13 19:43:13,内蒙古,作品的意义大于其本身。文字内容正如作品名称一样冗余，部分文字描写充斥着一种背离感。,P
0,该昵称尚未注册,2024-11-14 15:20:43,河南,我不理解为何一家人那么冷漠，许秀云被污蔑的时候，家里人没有一个是站在她的角度考虑的，更没有听她解释的时间，直接就恶语相向。老三说是帮她介绍对象，可是连许秀云过去八年怎么过的都不清楚，老七和老九也是自私，只考虑自己，许茂根更不肖说。如果说都是因为那动荡的十年，都能把亲情支离的这么凉薄,P
0,听风渡雨,2023-09-28 14:09:06,山东,其实明明不过几十年光景，世界已经天翻地覆了。,P
0,特响亮的名字,2025-01-24 17:01:58,山东,善良的人希望都有美好的人生啊！,P
0,八王看山,2023-11-05 11:34:49,北京,勉强四星。从主题、思想、叙述各个方面看，都是一部过时的作品。但是剧情结构还算精巧，尤其是在结尾主要矛盾爆发的时候，所有的线索都汇聚起来的时候，还挺精彩。,P
0,禧禧在读书,2024-05-08 08:51:54,浙江,一开始被优美的人物景物描写吸引，慢慢读反复品味；后面被剧情吸引，跳着读完，不太尽兴。,P
0,I,2023-07-26 14:21:03,黑龙江,悲凉渲染的还好 不是特别喜欢看,P
0,大头丁,2023-01-15 18:07:25,重庆,2023.1.15读完,P
0,多多,2024-01-28 16:54:06,湖南,中国70年代的农村,P
0,王小小湉,2024-03-24 14:57:39,山东,小说结尾人物转变太刻意，许茂从之前的刻板到最后 有种强行洗白的感觉,P
0,rdi,2025-05-30 18:34:53,黑龙江,带着那个年代特有的纯朴的激情，很符合雪莱那句“冬天来了，春天还会远吗”的诗的一本书，我觉得写的很不错！,P
0,千与千寻,2024-07-18 15:59:39,安徽,对那个年代人们内心描写的很细腻,P
0,我会好好说话,2023-10-04 00:13:27,广西,就那种地道中国味,P
0,大水胡,2024-01-22 23:17:58,北京,全程可以用四川话看哈哈,P
0,芳芳,2024-03-27 09:35:29,内蒙古,"感想有很多，都在书中标注啦。
用了一个星期就看完了。",P
0,I like `,2022-07-27 11:14:22,,茅盾文学奖  通过许茂老头和九个女儿一家的生活展示了当时的社会风貌,P
0,xklmnx,2022-09-02 16:50:29,新疆,四姑娘让人感动，对生活的热情永不熄灭。老九是那个时代年轻人该有的样子。老七和吴昌全告诉我们价值观不同的人是无论如何都很难走到一起的！,P
0,小小酥发挥好,2023-07-27 08:02:48,四川,"很有时代特色的一篇文。
文末留白颇多，引人猜想。期待日子会过得越来越好吧。
有些人物的塑造个人感觉有点脸谱化，整篇文的时代性是它的特色，也是它的局限性。",P
0,Lessismore,2024-03-11 13:51:31,浙江,用很写实的手法描绘了那个时代一个村庄、一个家族的故事，反映了那个时代人们的思想，善良丑陋的都在其中。总是很喜欢书中对于人们心理还有风景描绘以烘托事件和人物情感的部分。,P
0,子非鱼,2023-12-20 19:13:12,重庆,这不仅仅是70年代末的小说，现在21世纪的我，也感觉深处其中。只不过不一样的是，交通是发达的，思想是开放的，生活是幸福的，不论对离婚或者大龄人都有很大的包容度，党的现在的建设很好。很让我带入的是生为子女的我们在父母老的时候，身在农村的我们该如何照顾，如果远走他乡讨生活，父母注定在家是孤独的。有人说有网络可以打视频，但是，视频远远代替不了真正的陪伴在身边。,P
0,若兰,2022-06-16 11:29:17,,许老汉不需要花，他需要的是粮食、是货币。虽然他已经积攒了一点，但他却依然老是觉得空荡荡的，好像一只老母鸡，除了偶尔下蛋的时候蹲在窝里一会儿，整天的工作就是在草丛里专心致志地觅食，对于雄鸡的多情的呼唤，对于草丛间开放的野花，对于一切都不在意，如果发现了一只蚱蚂，那它必将奋起直追。,P
0,不在线大型鸽子,2022-09-30 10:56:42,陕西,感受那个时代的人物，对当今很有启发,P
0,林大仙,2021-10-03 10:35:37,,7分。在火车上一口气读完，故事很吸引人，好几次都以为许秀云能真正起来反抗，但结果没有，或许这才是许秀云一众真正的命运吧？结尾似乎什么也没交代，或许是生活还在继续，哪有什么结尾吧？,P
0,皮甘,2025-06-15 23:19:53,广东,许秀云两次跳水真的太绝望了……许家的女儿们怎么都这么命苦，说到底还是时代的推波助澜。生活是最全面的教材啊。,P
0,oncerest,2023-10-07 23:02:52,上海,人物样板化，好坏过于分明，许茂转换太过突兀，但考虑作家的时代局限性，可以一读,P
0,我不是苹果派,2023-09-01 20:59:35,广东,故事结束得好突然。,P
0,局外高空解体,2024-01-03 20:17:55,辽宁,不太敢评分 故事本身不是很吸引我 看得就比较粗糙 到此一游标记,P
0,追番少女,2023-07-22 18:58:49,北京,如果说这本书阐述的是农村故事，我能打4星。但如果想反应文革影响，只能打3星。书中关于政治事件影响的叙事极弱，纯靠旁白说结果。而且很多人的情况都没有介绍清楚，比如许茂是经历了什么重大的事才变成自私自利的样子。着重写的是四姐的故事，挣扎着活下去，为自己争取幸福生活。,P
0,LQ,2022-06-25 10:29:53,,在那时代的漩涡里，每个人都有自己的不幸，但是他们仍然坚持着努力着期盼着春天的到来,P
0,读书改变视力,2022-07-10 12:43:25,,说教意味有点重，但主人公们都有其可爱之处，结局平淡得刚好。,P
0,精神科阮主任,2021-01-25 21:02:21,,"我特么也就不懂了
离过婚的女人 又没出去强奸猥亵他人 有什么伤风败俗 伤的什么鬼的风 败的是哪个傻逼家的俗
幸亏结局还是个好结局
不得不承认“舌头地下压死人”这句话的真实 从古至今对女性的“道德”游说就没有听过
幸亏四姑娘战胜了自己 不然真的是……
也恰巧表现出来 要想过好日子 需要对抗的是千百年的所谓的“父权性教育”",P
0,时间旅行者,2024-05-16 21:59:21,上海,第一届矛盾文学奖获奖作品。小说创作于1978年，在那个时代背景下，以四川某地的一个农村为故事环境，描绘了当时农村的人情风貌。小说的语言非常简朴，人物形象也很朴素，在如今看来，这似乎都脱离了现实，然而，在那个特定的年代，也许现实中的人们确实就是这样的。许茂老汉的女儿中，老四、老七和老九的形象还是塑造得丰满了，在小说结束时，读者也似乎都看到了她们的未来，而那也是在那个时间点看上去中国社会的未来。,P
0,随风潜入梦,2025-03-02 15:15:09,广东,很好地反映了运动动荡对人们在物质和精神上的影响，最后虽然充满希望但动荡。角色的性格塑造也很反应现实。,P
0,陈景初,2023-01-27 22:30:52,北京,鲜明的时代特征。,P
0,蝉鸣声不停,2022-08-20 21:42:07,海南,看多了这类型题材的作品，觉得还是太薄了,P
0,雨打芭蕉,2023-12-20 10:39:31,浙江,"里面有很多描述环境的文字，感觉用来积累写作素材挺好的。背景是“文革”后期，可以看出那时候的混乱，人民的坚强，一些被打压的“干部”（暂且不知道怎么描述）的坚持，对家乡的热爱以及希望改变现有状态、造福民众的心。

看完以后，觉得整个人的生活都是阳光的，充满希望了。",P
0,小邱呀,2024-03-08 19:09:05,山东,最后结尾好仓促，也不知道葫芦坝建设的咋样了，也不知道几个闺女最后的境况，戛然而止,P
0,别舍不得,2023-08-30 14:41:37,辽宁,经典战斗檄文,P
0,小蜗牛,2024-12-31 00:04:52,重庆,"文字很朴实 读着很畅快 
约五十年前的文字描绘出那个年代独特的风景、乡土故事及思想中的信仰
让我想起张桂梅所说的，共产党是没错的，错的是里面的一些干部，党的宗旨一直都是全心全意为人民服务。
无论寒冬如何，只要有坚强的支部，定能带领大家走出寒冬，迎接春天的到来",P
0,芒果加点冰,2021-12-23 19:42:43,,"在物质匮乏的年代大部分人把苦难转变成了斗争，然后在精神贫瘠中涌现出几种坚定，后来就成了处事之道。
记录：四十岁这个年龄，是人的一生中复杂而又富于诗意的年岁。当金东水跨过这一微妙的年岁时，过往的记忆、未来的途程，都是十分清晰的。壮志未酬，而容颜渐老，未曾磨灭的青春的力量，与初见的白发，是那样尖锐地矛盾着。",P
0,沧笙踏歌,2022-04-08 20:17:01,,"我一度怀疑那个年代茅盾文学奖的评奖标准是不是只有反思文革这一条。
政治纲领性太强了，没有看出什么东西来还烂尾。",P
0,青春无畏,2023-07-10 21:23:58,江西,这是最后一次了，从此以后再也不要挂记着她。命运既然给你们俩安排了不同的生活道路，你们就各奔前程吧！你要努力克服心中的不畅快！,P
0,La Retro_xuX,2022-12-29 21:57:15,山东,"自从初高中被逼无奈读《平凡的世界》后，我变得不喜欢看农村题材的小说，尤其是涉及土改、人民公社这样的变革。从赵树理到陈忠实的《白鹿原》再到现在刚刚读完的《许茂和他的女儿们》。好的作家，真的很会塑造人物，把控情节的，无时无刻都牵动着读者随人物一起喜怒哀乐。这些作家作品正在逐步化解我的误解。
在改观下，再来看这部作品，作为伤痕小说，它真的伤在我身痛在我心了。通过善良人受害的情节模式，调动了悲剧特有的情感功能，揭示极“左”带来的扭曲与不幸。小说中，将时代的悲剧聚于许四姑娘许秀云、许父许茂身上，而在历史的长河中，究竟还有多少人活在现实的悲剧中呢？",P
0,西湾河liudat,2021-03-17 19:11:55,,朋友说这封面设计像脆香米,P
0,carrie 🐎,2024-10-20 23:30:20,四川,读小说的意义在我是可以从作者的视角去看各种人性。在《许茂与他的女儿们》里，周克芹笔下的“许茂”：贪利自私却未失内心深处的柔软；“七姐”虽然看穿了几任男友的自私本性，仍然无法改变心里对名利的追求和渴望；结合贴近生活的故事情节，我一口气就看完了全书。不过，细致琢磨觉得书中主要人物的性格塑造得过分绝对，即好人处处好，比如“四姐”，坏人处处坏，比如“郑百如”。故事情节虽然吸引人，但即是茅盾文学奖作品，我觉得就还差一点细节，比如郑百如之前的劣迹交待得不够详细。作者是成都市简阳人，书中有很多成都方言，让四川读者读起来很有亲近感。全书故事的历史背景应该和作者在60年代任村干部的工作经历有关，结尾处工作者的被迫离开写得较真实，想要干好一件工作不仅需要努力，更需要协调各方面的关系。,P
0,谁怕,2024-11-07 15:45:46,江苏,"让我想到了《我的前半生》的后半部分，
年代久远也不是浅显、漂浮和高分的理由啊。",P
0,十里,2024-01-18 16:45:14,甘肃,对郑百如的惩罚也太轻了些吧,P
0,小刘同学💫,2022-06-29 23:37:03,,第一本,P
0,kimemi,2023-10-28 16:34:35,浙江,2023.10.28 金色港湾  一本书看了两个月  啃得很难,P
0,無关✘緊要,2022-06-02 01:29:07,,虎头蛇尾，很多事情没有交代清楚,P
1,李妙森,2023-06-29 19:02:32,韩国,"读的意犹未尽，总感觉书中各个人物的生活还在继续，还能继续写下去，但又感觉或许将读者送到这儿也不错。
       那时候的生活写照很贴切，没有很痛快的感觉，心里会闷闷的。对于我的现实中的生活经历以及接触到的人或事，不足以能让我很确切感受到小说中一些人物的思想和行为，但又有中总能在网络上感受到，小说中所描写的人。",P
0,angelzfddd,2024-01-17 22:07:39,江苏,这部作品可以获茅盾文学奖，时代的产物吧,P
0,柠檬白开水,2023-10-11 14:31:25,四川,了解历史的读物。,P
0,行素,2024-06-11 20:38:24,四川,"故事很简单，人物很朴实，语言很自然。在成都待了一年多，看到文中的“摆龙门阵”和各种带“坝”的地名以及黄角树这种植物，都会让外地人的自己觉得“啊我就是在文中说的四川啊”，作者的家乡简阳和龙泉山也算是去过了的。

很欣赏颜少春和许琴以及金顺玉对党的忠诚与热爱，她们让我看到了老一辈革命者的信仰的高度，让我联想到了红军那一代人，也是激发我亲自写一份入党申请书的源泉。

故事背景是1975秋冬，文化大革命步入尾声，葫芦坝和四姐期待的好日子就在路上了。看到金东水他们干劲十足，在工作组离开后特别担心一切会恢复如旧。文章写在1978年，定稿1979年8月，还好作者是看到了十一届三中全会的召开，迎来了家庭联产承包责任制。像路遥的《人生》，很适合拍成年代剧。",P
0,huan唱,2025-03-10 19:58:52,重庆,“祝生”，想看到葫芦坝的春天到来。斜坡上河边上土坎上小水沟里，到处开满了花。红的、紫的、黄的、白的、粉红的，满坡遍野，放开眼界望去，活像一片彩霞。那些野海棠、野蔷薇、木芙蓉，桃花、李花、梨儿花、金丝娘等等，金钱草、金针菜、夜娇娇……,P
0,Yuulu,2024-01-18 03:20:50,北京,一颗追求幸福的心,P
0,如适,2023-07-06 15:20:50,广东,全文最佳。在这粮食不足、需要“瓜菜代”的年月里，多么美丽的花朵，也顶不得一斤白菜。老汉不需要花，他需要的是粮食，是货币。虽然他已经积攒了一点，但他却依然老是觉得心头空荡荡的，好像一只老母鸡，除了偶尔下蛋的时候蹲在窝里一会儿，整天的工作就是在草从里专心致志地觅食。对于雄鸡的多情的呼唤;对于草丛间开放的野花，对于一切都不在意;如果发现了一只炸蚂，那它必将奋起追击。,P
0,花花拼不过惹,2023-10-23 13:27:57,安徽,20世纪70年代，共产党带领全国人民探索和建设社会主义道路。由于一些“官僚主义”“伪共产党”“利我主义”的存在，农民生活苦不堪言，党和劳动人民之间的矛盾日益增长。全文以许秀云的凄惨和不幸为故事发展主线，投射出这个偏僻山村的政治风暴。文中关于许秀云的心理描写细腻入微，从最开始对离婚后新生活的渴望，到听说工作组要来的盼望，再到误以为工作组和郑百如是一条船上的绝望，直至最后查明真相、清算郑百如、推行远景计划的希望，她的心里路程反映出了党建设社会主义，发展农业，引领人民群众奔向幸福历程的艰难和坎坷。工作组的到来使葫芦坝发生了翻天覆地的变化，让努力生活、对土地心怀热情的农民们看到了未来的希望，也让劳动人民更坚信共产党能够引导他们走上幸福之路，看完脑海中浮现出一句——“你永远可以相信中国共产党”。,P
0,孤舟何自横,2021-12-08 21:07:56,,时代局限的作品，但在那个年代算是一部不错的的作品。对文革反思的深度，维度都不够深刻，尤其结尾，属于套路。但在那个年代，也只能这样去写吧。,P
0,木感情的打工人,2023-12-04 21:18:12,北京,那个年代的女性是真的超乎寻常的隐忍，四姑娘居然能把郑百合那些丧心病狂的行为一直藏在心里难受自己，最后颜组长走后可能郑百合会东山再起，但我相信四姑娘不再是曾经那个女人了，思想已经崛起；关于郑百合这样的人，似乎每个环境都有类似的厚颜无耻还过得十分快活的，其他安安分分脚踏实地的人能被这类人气死，但是我们发现所有领导几乎都这样！,P
0,momo,2022-02-10 19:32:55,,写出了文革时期农村社会的黑暗与人们的痛苦以及人们为共产主义事业的不屈奋斗，太无聊了，不是很理解,P
0,七酱alubabiq,2022-06-19 12:06:06,,"茅盾文学奖第一本
一家人 经历了时代的变迁 从一个人到一个地方的变化
人从充满希望 到被生活打倒 再到充满希望
有的人投机取巧 有的人为了人民寒夜中奔走
人民啊 真是让人热泪盈眶 土地让每一个人都学会了在生活中寻找活下去的理由",P
0,赤赤赤渥,2021-03-05 17:45:31,,可读性较强，从造谣四姑娘与金东水往后的故事很精彩。在反映文革的小说中，这部的感情算是比较平和的，没有那么强烈的批判反思与悲伤色彩，甚至在严峻冷漠的社会背景中还有较多美丽温暖的乡村田园景色图景。,P
0,fieryphoenix,2024-05-24 23:14:04,上海,故事情节不好，思想太简单,P
0,吃饱了（逃跑版,2024-07-31 18:15:08,江苏,谁都没有着落的结局也许是最好的..,P
0,豆友183211739,2025-02-16 19:00:18,浙江,对许秀云来说，沉默不是金。,P
0,-将饮茶-,2024-01-15 08:31:54,安徽,2024年读完的第一本书。全书展现了当时的农村风貌，在大时代的背景下我们只有努力做好自己事情，把握住自己的方向，不被洪流冲刷走。,P
0,细剪金英,2022-08-27 22:50:14,上海,文风和内容跟《平凡的世界》有点儿相似，作者会时不时跳出来抒情，啊啊啊地朗诵。不过我喜欢那个年代农村的故事，人们终于等来了新生活，新希望。,P
0,安蒂不安,2023-12-31 14:10:10,山西,时代洪流下个人的命运该何去何从，背负这样那样的流言，是否还能好好生活下去，隐忍踏实的劳苦大众只能依靠工作组来拯救吗？,P
0,XA,2024-04-27 10:59:46,贵州,"人们的苦难是一直都存在的，只不过别人的故事你无所得知，别人也不会轻易对你讲起。

只有文学作品大部分才关注底层人民，现在的影视剧都是顾左右而言他，虚假的繁荣，辞藻的堆彻，进而也反应了庙堂对于民生的态度。

许茂和他的女儿们的故事不止一处发生，只是人们苦难生活的缩影。

人啦，为各自的目的而生存着，事不关己的多，感同身受的少。",P
0,矿泉水,2022-12-28 21:59:08,北京,与平凡的世界有一定的差距，对比同样是写中国女性，许秀云与田润叶比较少了一些个性，当然可能也是因为知识的原因吧。,P
0,儲漢文,2024-08-23 01:23:23,湖南,如果冬天来了，春天还会远吗？,P
0,忆天尘,2024-03-14 21:38:40,江苏,简朴纯真的语言，和葫芦坝的小世界很搭配，故事简单，但在那个年代能写出来殊为不易,P
0,张二,2021-01-30 23:28:41,,悲剧不仅不会让人消沉，反而让人更憧憬美好的生活。生活不是一潭死水，春风在人们心中荡漾，人们从来没有丧失过希望。           最好一个下午，一个晚上一口气读完，是顶级的小说。也让我对现在谁会上的超市大妈，一些我门认为不好的现象有了一层了解，不经他人苦，莫论他人非。,P
0,su,2024-07-19 23:33:29,湖南,正经且老套的故事,P
0,Summer Apple,2022-07-27 12:21:25,,这个应该是2022年第一本正经读完的书，希望自己可以拾起有规律的阅读的习惯，加油💐,P
0,好想失忆123,2025-05-31 11:25:33,重庆,"因为是方言写的，一下子就特别有亲切感
讲的仿佛是工作组来的前后短短一个来月时间的故事，到这里面透露的人性、顽疾却是很多
人性究竟是一个怎样的东西，许茂的九个女儿，个个性格不一，对待事物的看法也不一样，个人追求也都完全不一样。
感谢如今的社会，那时候追求自由都不是一件容易的事情",P
0,豆友5nkUSHTc-g,2024-07-16 20:22:14,四川,不喜欢。讲了一个共产党员在农村拨乱反正，带领农民致富的故事。故事框架本来就有点歌功颂德，再加上作者的描述上总是有太多的“画外音”，通过作者强加的心里，情感很让人出画。第二张图看看就明白了。小说最好的就是想活着，骆驼祥子那样，将人物塑造饱满，让读者自己去体会，感悟，而不是告诉读者要怎么看待这个人物。,P
0,北山,2024-02-19 20:30:03,云南,2024年2月18日读完第一遍，社会虽然在变好，人性却始终不变,P
0,智慧的飞呀,2023-07-29 21:47:27,湖北,《许茂和她的女儿们》，作者：周克芹，对各种人物形象刻画细腻，环境描述与人物心情相得益彰。对于90后、00后的年青一代，应该去了解他们的父辈、祖辈们，是怎样开天辟地，造福子孙后代。,P
0,豆友zq_rbNsR0U,2023-06-09 08:21:22,天津,全书反映了那个年代的农村全貌，有鲜明的时代特征！,P
0,刘氏芦森好读书,2024-11-03 15:29:23,菲律宾,看茅奖名单时，被首届获奖的这部小说的名字吸引，以为会像电视剧《乔家的儿女》那样精彩。不过，也确实比较精彩，通过小家庭反映大时代。作者寓情于景，每章节的景物描写都很出彩，且饱含隐喻。唯蛇尾仓促，结束匆匆，未读到“郑百如”这种下流干部的报应略遗憾。,P
0,写给鲁乙的信,2022-10-30 21:45:41,山东,除了特定时代的价值反思，故事还是流畅的，只是感觉还有好多可以写出来的。,P
0,活鱼,2022-09-03 09:39:13,福建,怎么说呢，讨厌的人是真的很讨厌，讨喜的人是真讨喜。很适合翻牌成电视剧，但生活永远比电视剧还狗血！,P
0,Wang_旭敏,2024-03-28 12:53:50,广东,2024.3.28,P
0,芝到鸟,2022-03-15 16:09:13,,"#读书打卡
新年读完的第一本书，故事结尾四姑娘的生活终于变好了，这是不是也预示着我的2022年也是否极泰来，和倒霉的2021年say byebye呢！
很喜欢书中这样的描写“爱情这个东西，越是遭到灾难和折磨，却越是浓烈得刻骨铭心！”、“在勤奋、智慧、吃苦耐劳等方面，中国这支伟大的农民队伍可以和世界上任何一支劳动队伍相媲美。”",P
0,Zoey,2023-12-02 15:40:53,湖南,印象最深的是许四姑娘,P
1,风来,2022-07-22 18:50:32,,读的时候我还是怕许茂和许秀云真的game over,P
0,thatsyleen,2021-08-31 00:17:50,,谣言足以摧毁一个人,P
0,佩琪,2023-12-24 23:06:22,安徽,个人的幸福和时代的背景难以割裂，有点纪实文学的味道。我很希望每个人都有明确的结局，比如烂货郑百如受到制裁，许琴许贞吴昌全都能有自己的幸福。许秀云结局不算太糟糕，她是那个时代农村女性真善美的代表，勤劳能干很能隐忍，还好她抗争过！,P
0,从前慢,2024-03-01 12:29:52,新疆,小家庭反应大社会，从许茂能看出来时代思想的倒影，九个女儿九种性格，只是结尾太突然,P
0,豆友HChQ0ixDsc,2024-05-27 04:22:24,浙江,去死吧郑百如,P
0,xfan,2024-04-17 19:41:52,浙江,读完真的希望好人有好结局。,P
0,西西发发,2024-01-30 22:25:22,上海,一个家庭的缩影，一个村子的缩影就是一个时代和一段历史的缩影。许家的女儿和许茂老爹都跟着时代的进程起起伏伏，他们中有人曾经赶上过好时候，比如许茂；他们中有人正赶上好时候，比如许琴；他们中有人在时代里挣扎，比如许秀云、许贞、许秋云，有的为了基本的生活，有的为了出人头地，有的为了自身一直追求的幸福。全书忍不住想锤人的就是郑百如、郑百香和齐明江，恶人和蠢人害了多少人！,P
0,马里亚纳海,2022-12-12 22:21:09,云南,一个时代有一个时代的悲剧，一代人有一代人的痛苦，但我们都在生活，茶米油盐，爱恨情仇，有人的可爱，也有人的可恨，人，超越不了自己，因为超越不了时代。,P
0,Giselle,2022-11-23 18:12:09,北京,剧情真的太无聊了,P
0,阿敏,2022-09-17 15:14:04,山东,在流言蜚语，在各种困难之下，金东水还是没有放弃怎么改造、让这个坝变的更好，四姐还是在追逐着她认为的爱情，而许琴也从未放弃过对人生的思考，颜组长更是舍小家为大家，瑞雪兆丰年，最后葫芦坝的生活也慢慢变好了，徐茂这个老人也慢慢的恢复他原来的面貌。这不怪他们，生活太苦了。,P
0,是七月啊,2022-10-12 21:39:18,江西,生活的苦难终于过去，秀云终于跨过生活的那道坎儿。可惜没能看到郑百如得到应有的惩罚。,P
0,豆友A2eebT1Pug,2024-03-10 20:37:16,新疆,人物刻画的都非常鲜明。,P
0,钟离姽婳,2024-02-17 15:25:26,北京,久违的开始看的第一本书  无论生活在怎样的生活中 都不应该放弃向上生长 以及要和家人多沟通 家人的支持是力量的源泉,P
0,alFiRa,2024-01-24 15:49:11,山东,📖//分享印象深刻的两句话：“所有正直忠诚的人的痛苦，都能引起忠诚正直的人的同情。这是一种伟大的、心心相印的同情。”“所有的好人，哪怕受委屈了多少磨难，终归会幸福的。”,P
0,豆友271311195,2023-06-19 18:22:37,,那个时代真是一个吃人的时代。看完之后好像慢慢的对父辈的那种自私自利的作为有了一些理解，或许他们曾经也是很善良的吧！只是，人活着为什么这么难啊，为什么要把孩子生出来呢！,P
0,辣条六毛一斤,2023-10-09 13:04:09,北京,"草草的结束了？
无论是哪条线都没有交代清楚？
作者的环境描写很细腻很美，人物还是有点简约，基本上没有啥波动的大反转",P
0,薄荷味的书,2023-02-24 09:32:03,安徽,会变好的,P
0,乔妮娜小羊,2023-07-13 02:00:14,山东,乡土与革命,P
0,红沐沐,2023-10-24 08:07:18,湖北,中间有些片段非常感人，喜欢文章的场景描写。美丽的乡村，善良的人。,P
0,要你命3000,2023-11-11 20:42:19,江苏,不论是书中要批判的还是要歌颂的，都有很强烈的时代烙印，不过也正因为这样，以这个时代的眼睛看那个时代的事情才能有更强的差别感。故事也的确的让我气愤感动，很难想象那个黑暗的十年是多么的疯狂与扭曲，想更多的了解那个时候。,P
0,Winner,2023-10-29 21:07:50,重庆,这是什么垃圾玩意,P
0,Cute滑稽鱼,2023-12-19 15:34:51,河南,对我这种知识方面一穷二白的人来说，算是让我对那段时间有了大概认识。文章读起来比较顺畅,P
0,星期一吃粉,2023-01-26 21:49:27,海南,除了男性凝视overload，其他还行，除了三姐夫和龙庆，其他男性角色都极其讨厌，自私自利，只顾自己。,P
0,餘客,2021-02-24 17:37:57,,记得当时读完，几乎难以找出两个以上不那么固执到可憎、愚昧又麻木的人物，读完之后甚至有一种“终于结束了”的庆幸。,P
0,小爷,2024-03-26 18:40:01,北京,"2024.03.26
故事背景应该是上世纪60-70年代
记录了大时代里的小人物 
最后算是一个好结局 感觉自己的日子也要跟着许秀云一样好起来了
就是不知道人民的好干部 颜如春同志 最后的结局是什么样",P
0,可乐,2024-04-06 18:54:10,山东,"作者七十年代完成创作，在揭露着文革带来的巨大伤痛的同时，也包含着对未来的美好憧憬和希望，当然这种希望中也参杂着一丝担忧。这是必然的，那时候的人被裹挟在时代的洪流中，几乎没有人能跳出来看清未来的方向。所以作者在结尾，留了大片空白，而我们站着现在，已经为他的空白写出了答案。
“生活绝不是一潭死水，春风在人们心中荡漾”",P
0,豆友quNnniqwMg,2024-06-16 10:52:32,浙江,看多了茅盾文学奖，这本书有点审美疲劳了,P
0,啾啾栖鸟过,2023-01-23 21:32:32,湖北,农村的农民，从热情的积极的合作社组长到消极的自私的转变。一家几个女儿的婚姻变化。景色描写很好的衬托了文章。但是结局有点仓促，有些细节没有交待清晰。,P
0,豆友e8mmZX9owA,2025-03-30 07:00:39,广东,虽然某些人物有点标签式，好与坏太过泾渭分明。但还是为书中小人物在特定时代的悲剧人生而难过，为人心的善良而感动。,P
0,海棠,2025-03-27 17:15:36,上海,朴实动人的乡村故事,P
0,东木,2025-06-20 15:15:24,江苏,能够感受到希望和力量,P
0,秋海棠,2024-07-11 11:01:12,江苏,打算把矛盾文学奖系列丛书都看一遍！,F
