点赞数,评论者,评论时间,评论位置,评论内容,评论类型
1,唐门幼主,2023-06-02 20:26:36,北京,【2023/45】这书看的忍不了。老三老九这两个傻大姐，宁肯相信一些个辣鸡也不相信自己的亲姐妹，简直难以理解。看到最后就为了看郑百如有没有狗带，结果居然来了个黑不提白不提，最后许家人就像什么都没发生过一样，一起在葫芦坝过上了幸福快乐的生活，简直忍无可忍。要说过的最幸福的还得是郑百如，强暴了两个黄花大闺女，害得老金家破人亡，到处兴风作浪，最后您猜怎么着，人家进了个学习班！嘿，那叫一个地道！,P
0,朝闻道夕死可矣,2019-11-08 13:41:09,,新中国70年70部长篇小说打卡02,P
0,陈西宁,2022-04-04 22:08:01,,很朴实的语言。,P
0,褂子,2024-11-12 07:45:04,北京,很多伟大的文学作品写的都是普通人的故事，这本也不例外，可能会比普通家庭好一点，也比普通家庭事情更多一点，每个人都在慢慢释怀，每个人都在慢慢变好，时代在进步，希望更好的生活越来越近。,P
0,苗润李,2023-03-18 15:08:03,北京,喊口号喊的嗓子都哑了吧？,P
0,雨田,2020-11-05 18:56:26,,很细致得在观察生活，人物对话基本上串起了这本书的结构，可终究还是少了些什么。,P
1,王奋斗,2020-07-05 17:22:34,,把人性的压抑和心灵的扭曲归罪于文革，完全是作家们在书斋中的闭门臆想。是后文革时期，亦步亦趋地紧跟宣传，是没有独立思维没有独立人格的另一种形式的表现。那个时期，文人笔下的人物怪异、扭曲，现实中的百姓却以正常的情感快乐地生活，即使在文革中也一样。,P
0,小隋,2020-08-01 09:02:59,,文革过后的我们竟然还在指望着比贪官污吏更高一级的清廉体贴的官吏来为我们谋划，为我们平反。可见大家还是逃不开。,P
0,YS,2024-09-22 18:46:51,天津,有时代性，不打分了。人物脸谱化，颜组长一出所有问题解决，处理得太过简单了。但如果不反感那个时代的语言风格的话，也还是个可以看看的故事。,P
0,Smart,2025-03-18 17:36:59,福建,看上去平平无奇。,P
0,等待野蛮人,2025-05-27 15:18:12,北京,只不过是一场农村生活实录,P
0,啄盐,2023-06-13 16:53:31,广东,个人的生活正反映国家的面貌。作者的高明处就在于隐去了人物的命运，他不是让我们去嘴去评说，而是要用眼睛去看，用头脑去思考，看国家社会变化，看个人生活命运。,P
0,FoaiXui,2022-07-04 07:18:13,,非常细腻，尤其在描写葫芦坝上的景色和人物内心丰富矛盾的心理上,P
0,晴空千堆雪,2025-05-20 16:39:04,山东,嗯，对比其他获得茅盾文学奖的小说，这本书显得有点单薄了，但这就是万万千千当时农民的境遇，个人的遭遇完全取决于环境、国家、社会的大的变动，相比这些，人如同小小的蝼蚁，但我们仍要好好生活，因为我们才是最最基层的人，正是千千万万个我们创造了历史。,P
0,叶修（世冠版）,2023-07-08 09:35:06,山东,周克芹很擅长塑造人物，环境描写与人物塑造和故事发展相得益彰，但对于四姐的描写还是不够立体感觉是具有一定的时代性在里面。我真的好恨郑百如，结局的开放式描写竟然只是让郑百如上了个学习班😇真的好心疼四姐,P
0,锦瑟流年,2022-08-27 23:32:20,,具有鲜明时代特点的农村题材作品。通过许茂和他的女儿们的故事展现了1975年农村的面貌，那时的思想。万马齐喑前的沉默爆发！,P
