点赞数,评论者,评论时间,评论位置,评论内容,评论类型
3,流星蝴蝶饭,2015-09-06 17:58:27,,唯愿其有，但愿其无,P
1,天选之喵,2012-05-09 12:21:02,,小时候读的书,P
2,今夕何夕,2020-05-07 02:24:09,,改成三星。还是那个时代，仍是那个主题。混乱时代过去后，历史在自我修复，国家在走向正规。,P
1,姜鲤。,2022-02-28 17:35:35,,有一定的时代价值，但没什么历史意义。,P
0,橙子味棒棒糖,2022-10-29 01:02:21,湖南,想打三星半，四姑娘的转变太突兀了，留白太多了,P
0,花儿,2023-03-09 04:01:26,天津,书和电影不相上下的作品,P
0,瓷恩,2019-03-20 20:02:12,,在《当代》或《十月》上看的。记不起内容了只记得许茂有好几个女儿。,P
0,一池萍碎,2023-06-25 12:16:49,广东,补标。时代原因，写的很差，但就算不考虑时代，大概率也是写成垃圾作品。,P
0,阿钱888,2023-06-17 23:58:03,贵州,第七章弃，真是看不得如红专文了，大篇幅的政治和无聊的乡间景色描写也太啰嗦了,P
0,吃多了不好消化,2022-09-05 11:57:23,甘肃,补记。,P
0,Answer Lu,2024-07-25 19:24:16,上海,如水,P
0,木子晓青争,2024-02-25 14:43:53,辽宁,仇人的拳头和亲人的冷眼，二者相比，后者更难受得多。认识一个人，本来就不容易，认识自己也同样困难。,P
0,小路,2025-05-20 10:20:06,广东,"许茂九个女儿，最悲惨的是大女儿，丈夫因文革受到迫害，导致她穷困潦倒而死，父亲还见死不救；最揪心的是四女儿，作者用了相当于主角的笔墨描写这个典型中国妇女的十几年，感觉比芙蓉镇中的胡玉音还让人不忍；可爱又可恨的是三姐，也是典型的农村妇女，心地善良却受传统思想的束缚。

美中不足的就是小说一开始已经预示了曙光的初现，这让整个故事不够揪心，缺乏压迫感。",P
0,▫,2023-08-26 16:01:26,福建,额，看不进去,P
0,1gg4,2022-04-18 03:33:50,,"这本书是时代的产物，是中国凛冽寒冬最后一个冬天，也是最“寒冷”的一个冬天，但是葫芦坝上发生的故事已经能看到春风的开端了。
在激烈的斗争中，务实派已经开始得到大家内心的倾向，虽然务虚派依然拿着鸡毛当令箭大搞形式主义，但一切虚无终将被光明驱散，土崩瓦解。就像书中说：“小平同志出来主持工作了”就这一句话，就知道希望即将到来。
虽然故事是由许茂一家延展开来，由小见大却能看到当时之中国，不管是农村还是城镇都在经历着什么，但是中国能一直顽强的向上，原因就在于中国有千千万万的肯下苦功夫，能踏下腰来做的人民和领导班子，他们无论在何种环境下都能扛得住，顶得住，耐得住。
未来国与家一定会有更多的波折和磨难在等待着，且向正确的方向看，耐心的走，一切的寒冬都会被漫山遍野的小花取代。
绚烂人间。",P
0,Suddenly...,2017-03-24 23:15:02,,五星给许茂,P
0,王蹦蹬你个蹦蹬,2020-06-05 16:40:30,,"“爱情的悲剧并不都是生离死别，应该说，冷漠，更是爱情的悲剧。他感到他们之间隔着的墙壁越来越厚，各人的道路不同，这是毫无办法的事情！好比天冷天热，那是人们没有办法控制的。

他们终究是站在不同的思想立场，估计是很难走到一起的了。”",P
0,绍怀,2020-08-31 08:02:58,,写得好，热烈醇厚,P
0,被放逐的流浪猫,2020-03-20 17:39:09,,矛盾文学奖是过誉了。,P
1,逐鹿者，不顾兔,2019-10-22 20:33:37,,把文革的责任推卸给郑百如，这种思想，和古代的小人有罪，皇帝无罪有什么区别？,P
0,王奋斗,2020-07-05 17:21:23,,把人性的压抑和心灵的扭曲归罪于文革，完全是作家们在书斋中的闭门臆想。是后文革时期，亦步亦趋地紧跟宣传，是没有独立思维没有独立人格的另一种形式的表现。那个时期，文人笔下的人物怪异、扭曲，现实中的百姓却以正常的情感快乐地生活，即使在文革中也一样。,P
0,FermeFaon,2019-09-07 21:05:40,,再读。心疼四姑娘，婚姻和爱情表现政治冲突，刻画人物脱离不了僵硬，但其中又带着点生动，读得入神。,P
0,小喵丽莎,2019-02-15 10:36:22,,人物性格鲜明，很有时代特点，四姐姐终于学会了勇敢，老爷子也想通了，形式变了，思想跟上，投机倒把的人也刻画的入木三分,P
0,吴老板,2018-08-31 18:29:12,,特别的红。,P
0,完全自由,2021-07-12 22:42:23,,描写的足够诚恳 能够触动到我的心灵,P
0,西郊有密林,2024-06-15 17:38:12,广东,太红了。,P
0,阳光,2024-05-29 05:56:44,天津,"5分吧
主要讲的是几个人的爱情，兼顾一些社会风貌",P
0,wise,2025-03-11 10:43:58,广东,有一定历史价值，反思文学,P
0,罥烟眉,2024-10-18 17:19:45,浙江,补。乡土文学写来写去就是这点东西。,P
0,2木卫,2022-02-11 17:27:07,,一个朋友推荐的,P
0,沈君安然,2015-04-01 22:09:35,,小的时候并不懂故事背后的意义,P
0,冰阔落,2019-06-15 06:01:22,,看完之后久久不能平静，整个人好像早已经深深陷入那个年代，被那里的人情世故人性真纯所感动,P
0,ccttone,2011-07-27 15:17:41,,在旧书摊上淘到的版本,P
0,陈先生的温柔,2024-11-03 18:25:57,湖南,简介就挺好笑的，用云鹤同志的自辩来回答吧，我和101是完全对立的关系，结果被你们捆绑营销，不愧是总设计师，太会设计啦,P
0,Archie,2018-01-16 22:32:57,,（3/6）读故事要了解故事出版当时的时代背景，作品写于1975年文革末期，社会仍处于动乱，但已经有不少人开始反思文革给人民带来的灾难，本书就是这样一部作品，受到历史的局限，作者写不出改革开放，只能写出“今后会越来越好”，如果是当年看一定是一部鼓舞人心的作品，但放到现在来看确实有一点过时，人物塑造不立体，过多的强调意识形态和歌颂中共，看着确实有点烦，但总体还OK，四星吧,P
0,我叫小猫腻儿,2016-03-06 09:47:53,,读起来十分顺畅，很是舒服。虽然书中的矛盾不断激化，但是高潮并没有预想中的精彩。,P
0,齐物,2016-01-13 00:37:40,,小学之我爸为了我一心向党也是蛮拼的,P
0,自在行走,2016-06-10 18:53:03,,去年看的，那个年代的应景之作，强忍着看下去的，如果上初中的时候看应该会喜欢吧=_=,P
0,tangku,2022-06-24 21:57:11,,时代不能回避的伤痕，烙在那个时代每个人的苦楚，都让我们动容。那个时代有无数的四姑娘，有无数的郑百如，有无数的许老汉，每个生动鲜活的人物背后都有无数个人在那个时代痛苦且心生向往的活着，可是不是每个人都有好的结局，这才是小说和生活最不同的地方。,P
0,铁马小风铃,2022-07-21 07:39:32,,遗憾的是刻画人性时说教大于自然展开，风俗画也沦为观念的载体。不过难得是作者遵循了现实逻辑，并没有给出一个光明的尾巴。,P
0,李果,2011-04-08 22:44:45,,记得很有意思，但是不记得内容了。初中的时候看过。刚才问了爸爸才知道书名。。,P
0,匕禾,2017-03-14 19:35:10,,读起来好揪心。好书，又好失望，中国农村人的心理状态时至今日依然那么焦灼着，相互理解的宽容心连80年代都不如。而能够做到理解都不能，旁观者清但无己无用。再多的良心作品也难唤醒民族性的恶习。,P
0,茉子,2020-06-29 21:51:25,,"以前读的，既然看见了，便随手标记上。历史的足迹。我有时不明白自己给的“推荐”是因为文学还是因为一段历史。
小人物在时代面前的悲哀！",P
0,炕上大猫,2013-10-16 15:13:16,,,P
0,Puffy,2021-03-28 22:35:44,,不同时代背景难以共鸣,P
2,我仍在起网名,2020-06-03 22:08:23,,直到四十多年后的今天 小说里的人物——“不择手段禽兽不如的郑百如” “思想僵化谄上抑下的齐明江”等等……在现在社会上依旧普遍存在 原来  无论在什么时候 群众里面依旧都有坏人啊！,P
0,慕容无若,2024-02-01 15:42:53,陕西,对改开后生活的憧憬,P
0,花魂海,2021-03-11 08:49:36,,大学时读过这本书,P
0,树影,2022-08-18 23:17:15,,有点意思 比较简化的手法 人物很鲜明 就是部分动机生硬 看到一半大概就猜到结局了,P
0,不要理想,2011-09-04 20:56:11,,上初中时从亲戚家偷来的这本书，觉得是本好书，但真的不想提茅盾奖,P
0,匿名的好友,2021-10-31 15:22:17,,读了三分之二，弃之,P
0,远舟,2023-03-29 15:15:50,湖南,心理描写和环境描写很突出,P
0,广院明信片,2012-03-15 21:41:20,,除去那些带有那个时代烙印的抒情话语。,P
0,CLC,2018-04-02 18:36:06,,共产党人应该有共产党人的样子！,P
0,birdie,2018-02-17 09:46:07,,让人看了虽然产生希望，但我一直在想，这个故事完全是在一个人左右了结局，现实中是否真的一定会有这个人，如果没有又将是怎样的结局？我不敢想。,P
0,A王二胖不想胖,2022-07-03 20:52:08,,不是我想要的结尾。我以为所有的一切都会尘埃落定。偏偏留下了空白的悬念。或许这就是生活吧。是我太理想化,P
0,摩天大楼的狸猫,2021-09-11 16:03:04,,生活是一本最全面的教材。,P
0,皓水莫负,2021-12-10 10:26:31,,前几天有个新闻，一对夫妻去世，留下七个孩子，一到四个孩子是女孩，第五个孩子是男孩，但不幸有缺陷，五和六是一对双胞胎女孩第七个孩子是男孩，只有几个月大，但是夫妻俩却去世了。,P
0,peter金,2022-01-19 19:32:03,,政治性肯定有，文学性还可以。,P
0,momo,2024-03-26 08:20:49,北京,很多时代背景下的缩影，每个人刻画的栩栩如生，个性鲜明。,P
0,老狗闯世界,2020-08-03 17:50:43,,因为是四川 多一颗星,P
0,舟游记,2023-07-22 14:25:36,浙江,特定的时代背景下的作品，对于现在读来多的是悲悯和感慨，很难代入理解了。,P
0,寄居石头的森林,2017-03-29 20:08:12,,不能忘记，四姐深夜里无数次的无助。深刻记得，九妹迷茫中点滴前进的清澈目光。时代，那是一个时代，是回不去的过去，是改变不了的岁月长河。许老先生，用他的文字，让我和书中的人物共情感，同进退。也许这也是尝尽他人人生喜怒哀乐，悲欢离合最为有效的途径吧。千滋百味的人生路上，更要坚定脚步。,P
0,B,2022-02-11 15:11:16,,这部书读起来真正吸引我的并不是对于那些年代的叙述，而是许秀云，许琴，许茂这样的普通人在那个初见微光时代的变化，对于人生不同的理解，真实的喜怒哀乐，一个个平凡人波涛汹涌的内心世界，虽然作者在里面加入了很多主观的想法，但大多都是质朴的呼喊对于时代的个人反思对于人物的同情，或许是因为个人的缘故我热爱土地渴望着这种朴素的田园诗般的生活。,P
0,佟飏,2023-07-31 21:46:50,贵州,可以当寻根和历史来看的书，很多的方言非常亲切！,P
0,心急吃豆腐,2023-05-25 22:04:33,广东,那个时代，这样的作品就是顶尖的,P
0,属兔的牙尖儿怪,2023-01-29 18:55:01,四川,有年代感的书，挺不错的。,P
0,过来让我打一下,2023-08-28 05:04:21,湖北,时代强加于个人的苦难，靠理想、信念、希望，以及爱去战胜。,P
0,小河,2017-06-22 16:39:19,,其实是本好书，文革时期的风俗画，地道，原汁原味,P
0,Danny,2017-09-18 22:26:33,,这本书用三天的时间读完的。挺吸引人的。读完后有几点感触：1这本书以文革时期为背景，很深刻地描述了当时政策在基层的落实情况，以及政策被扭曲理解的现象，而这个扭曲理解行为下的条条框框对于普通百姓来说的恶劣影响是可见的，还有一个领导班子的重要性。2个人幸福在大背景下的微不足道，无人关心,P
0,闻听,2020-05-08 12:45:18,,好书啊，最爱看这种特定历史时期的乡土文学了。,P
0,伪文人,2021-03-05 20:31:52,,较普通,P
0,豆友o_xO6Z14yg,2024-12-02 22:43:07,黑龙江,历史风格很厚重的一本书,P
0,豌豆黄,2021-11-21 19:45:41,,封面真好,F
