点赞数,评论者,评论时间,评论位置,评论内容,评论类型
25,[已注销],2013-03-26 22:14:39,,最感动的是结尾标注的时间,P
11,看庭前花开花落,2011-12-11 04:37:01,,读的时候，已经潸然泪下。先看过了《第二个太阳》，再看这本书，都是写军队高级干部，风格完全不同，文学造诣读者一目明了。 物是人非事事休，欲语泪先流。那十年啊......,P
12,爱林,2011-10-25 11:29:10,,文革风格，但是将文革的历史简缩成一队坏人和一队好人的勾心斗角，未免单薄了吧,P
9,扬子居,2020-04-06 14:45:38,,印象最深的是结尾落款，“一九七六年三月四日至六月二十六日冒死写于文家市。”,P
12,中年喝茶遛牛,2015-05-13 17:26:17,,？？？？这种语言？？？这种文风？？？读了第一章就读不下去了 居然有7.5的分？？,P
5,阅微草堂,2013-09-22 04:21:05,,文辞之粗鄙让人难堪,P
1,Cambrian,2013-07-20 23:22:40,,懒人听书，王刚朗读版，考虑到年代，比周大新还是强十万八千倍，两星半,P
2,2月30日,2007-01-24 10:51:21,,实在太长了，好在努力读完了。没有经历过那段时光的我们算是幸运。,P
3,鱼钓一寸秋,2014-10-26 23:07:33,,我觉得其实还好吧，第一眼看到“邬中”这个名字我就猜到会发生什么了，无忠嘛，人物形象塑造不是很真实，有一种符号化了的感觉，大概不是我会喜欢的那种类型。我想我以这个角度去看这本书是有一点不妥了，毕竟这本书的精义不在于此，但撇开它想要讲述和记录的东西不说，我觉得就是“还行”的一本书吧。,P
1,阿莫 AMO,2013-03-09 20:57:39,,故事很有感染力，很有力量。但是可能是因为有点年久了，所以表达上总有种奇怪的感觉么？,P
1,晴茗,2019-11-07 12:30:22,,"不能忘记的沉重的历史，记得是为了以史为鉴，更好地向前进。
时代的悲剧和时代的错误断不单单是哪个人的错误或者是哪个人造成的。人性总是有阴暗所在的，只是特定的环境让人性的恶都显示出来了。",P
2,韩记园,2018-08-25 21:57:45,,实在是读不下去，结尾落款，冒死写于文家市，感慨颇多,P
3,有邻,2019-10-05 23:05:44,,"只写到知识青年上山下乡前夜，就不要再标榜自己冒死写作。读完这本书，我意识到一件事。从事文学创作的思想者，若不能真正触及灵魂地写出真相，探寻真理，那便毫无区别，亦不必毁誉。",P
1,啁啾,2020-02-15 23:09:24,,写在当下的一部小说，准确记载了那可怕的年代。,P
0,流星飞绊,2009-01-30 18:55:12,,虽然人物有一点脸谱化倾向 但不失为一部反映文革的水准之作,P
2,兔A,2013-01-02 14:00:17,,文革到底是什么？当失去一切的时候，你是不是有司令员的那份心态，我原来不过是个独自活在山上的烧炭的。,P
0,且听风吟,2006-05-28 18:29:26,,电台听出来的故事,P
0,姜戈,2012-12-12 14:01:23,,特定历史背景下的故事，读完完全没有印象了。。。,P
0,加盐,2010-03-25 10:40:28,,在最正式的时代背景下做相对真实的叙述，不褒赞也不讨伐，这种态度很适合用作描写文革。,P
0,Rochest,2013-04-12 16:32:54,,这是一本反映文革的书，记得当时应该是熬夜读完的。,P
0,天涯倦客,2015-04-19 16:50:42,,“”,P
1,郭郭,2008-12-11 23:26:23,,我一直认为文化大革命对中国有着及其深刻的影响,P
0,hellolindsay,2012-07-09 22:02:06,,目前为止不喜欢 王刚的连播声线真恐怖 让人觉得冲着茅盾奖看书就是纯坑爹 …这结论真对不起白鹿原……,P
0,水颜,2007-12-12 22:15:13,,文革时上层的生活状态，没有太大的触动,P
0,大鲸,2008-11-02 23:15:49,,很难看啊，估计就是冲着那个冒死写的才给看的吧,P
0,穿裤子的云,2012-04-12 22:07:28,,垃圾中的垃圾。垃圾中的极品。,P
0,小黛,2011-06-20 23:06:18,,开始的部分没意思，后面三百页让我入境了。我讨厌文革，也讨厌看文革题材的作品。文革=非人。文革的不堪我不愿多回首。书的尾声很悲惨凄苦。难怪白人总是批评中国没有人权，事实上与文革脱不了干系。我无法想象如果自己身处那个年代会怎样。莫应丰是有良心的作家。,P
0,匪我,2013-07-02 23:09:28,,真他妈的狗杂种,P
1,mercury,2010-04-26 11:25:35,,刻画人物不够丰满 心里描写不够深刻 可看可不看 所谓触及灵魂就是丧失人性里最后一丝善良,P
0,若耶溪水,2012-10-04 23:50:57,,读的时候还不知道文革是个什么东西~,P
0,空山,2018-11-16 16:55:10,,彭其跟赵开发在医院那个场景有点感人。哎，人都是被时代潮流推着走啊，走不动就只有被淹死。,P
0,雨林,2022-02-22 22:30:53,,本来想通过此书了解文革时的历史氛围，而彭其跌落进玉带河的风雪之夜却那么深的印在了脑子里…,P
0,射声王,2022-11-13 20:50:50,辽宁,太古早了，文笔也太硬了，人物脸谱化太严重了，也没有写完，刚刚看到一点点曙光就结束了。有些作品，你只听别人说好坏是无法判断的，要靠自己的亲身经历。嗯，雀食不太好。,P
0,hdc,2024-03-25 11:43:55,广东,本意是好的，只是下面实行错了👍,P
0,银河邮递员,2023-06-29 23:19:09,陕西,👺,P
0,洪大,2023-06-24 07:23:57,上海,这个作品当年一定分量十足，毕竟76年就写好，等到79年政治风向一变就能立刻发表，作者勇气可嘉。但感觉作者不是才华横溢的人物，有些时候写的很别扭。有一点儿什么意思呢，就是作者知道什么是好作品，但是他没能力写到那么好。总体还行吧，感觉还可以写续集，不过写了也没那么期待的感觉。,P
0,褂子,2024-12-04 22:18:27,北京,文革类的书感觉好久没看过了，也好像一本也没看过，没有讲具体的故事，但也感觉讲了很多故事，我总是很疑惑为什么这么多军人有枪有炮的为什么会害怕一些造反者。,P
0,雅痞郑,2023-03-10 09:10:56,重庆,内容不错，文笔中正偏老派,P
0,无声,2012-06-01 05:46:18,,茅盾文学奖作品每部都是精品！！,P
0,libisthanks,2012-05-12 19:01:24,,文化大革命的缩影,P
0,豆瓣酱|心营造,2019-07-29 00:23:14,,越认真越荒诞，越认真越虚妄，越认真越受伤！认真经历过文革的人，都受过伤，现在或都还受着伤。持续十年的风暴，刮乱了清晰的世界，刮透了结实的房子，刮倒了高位的人物，让人意识到他们并不安全，刮散了温情的关系，刮跑了生存的希望，也刮凉了许多人的心，让人意识到他们无所依靠，无所遁逃！参加过文革的那批人，至少都50岁了，不知他们在怎样地对待着自己和这个世界？,P
0,好有才能,2015-12-21 05:44:43,,那个特殊的年代，太多可怕的事情，人的凶残比野兽过之而无不及啊,P
0,苦行僧,2011-12-15 14:48:26,,张利敏送我的小说  高考考完后的那个暑假阅读   也是第一次觉得长篇小说还挺好看的,P
0,星期五,2012-11-30 17:05:12,,江醉章实在是太坏了 放在解放战争肯定是特务 放在抗日战争肯定就是汉奸 眼瞎了让他进组织当部长 滚他妈的蛋！,P
0,ES_TresCepas,2016-06-05 16:15:32,,可能写的过于仓促，文笔什么的就不讲究了，只是凑前来看一看爱憎、公理、人心、纪实。权当看了一场纪实电影。,P
0,鱼传尺素,2018-01-27 18:23:46,,写于文革未结束时，这种气魄还是应该称赞的，但是人物形象还是比较单薄，还是局限于好人与坏人的简单斗争，对事件的认识不够深入，但相信是作者内心的真实表达，考虑到创作事件和当时文坛的大环境也是可以理解的,P
0,秘制酸鱼汤,2012-11-20 18:49:10,,迟来的正义 不是正义。,P
0,zrrxiaodou,2014-05-10 23:36:39,,不知道说什么好…,P
0,陈小夭夭,2018-11-28 13:51:36,,彭其被关在山里的那一段让我震惊了，久久不能平静。,P
0,Barry,2011-12-06 13:59:58,,这个这个,P
0,陆十一,2021-02-25 13:41:41,,三星半,P
0,Zane,2020-02-11 22:05:14,,是大学时代读的吧,P
0,ghostRE,2012-09-16 00:29:48,,现在只隐隐约约记得几个情节了,P
0,Sansa,2018-03-05 23:29:17,,粗糙之余也有几分感动～,P
0,钟笑乂,2015-08-13 21:16:49,,这都能获奖。。。,P
0,mortal,2015-03-10 15:22:58,,看过一半，主要将文革时期，三位将军遭到迫害，以及造反派的一些无理取闹跟风的行为。文革时期的那么多凶手现如今为何还大摇大摆的，没有得到法律的制裁？,P
1,一颗美丽发财树,2018-08-20 18:05:16,,我几乎要对所有描写改革开放前的文学作品避让了 我的心承受不了那个年代的苦难,P
0,顾白苔。,2015-07-23 09:43:43,,不都是斗争的把子，保皇派和造反派都是把子。,P
0,皮卡围巾斯基,2021-02-05 09:35:12,,还原历史,P
0,水墨川泽,2015-02-17 06:03:37,,小人当道的日子从古至今都有，群众的眼睛也不一定是雪亮的，我多么庆幸自己不是活在那个时代。,P
1,一只订书机,2021-01-06 22:46:39,,纵然时代的影响，但每个人的路是由自己所选择的。一部将军吟，一部将军的挽歌,P
0,味良,2020-05-11 20:39:33,,矛盾收了钱,P
0,认真的豆妈,2020-02-23 18:06:19,,"三位将军虽个性鲜明，都属于刚正不阿类型不懂得自保，不懂政治，不会以其人之道还治其人之身术。文中最终结局算好，大家都有所保全。
文章选材人物局限，涉及人员最悲惨的也不如真实的情况，笔者有所保留",P
0,Chris-tin-a,2012-06-18 12:54:52,,吟一段心路，一曲悲歌，一部血泪史。,P
1,🐯🐯🐯,2012-09-06 20:50:58,,这样流水一样的作品，我完全欣赏不了怎么就会得奖。,P
0,Annisa,2019-11-08 11:37:27,,前半本读得非常困难和费解，人物关系一直搞不明白，几乎要弃书，后面越来越好看，最后是深深的感动。,P
1,神锋无影,2011-09-02 10:49:26,,一个时代的迷惘,P
0,无敌超人,2017-08-30 00:34:42,,在英雄的眼里，一个人躺倒在地上就如一只工蚁丧失了做工的能力，而同时有大量的工蚁正从窝巢里诞生，用得着唉叹惋惜吗？,P
0,清浊书房,2021-01-25 20:11:46,,我们从来习惯忘记苦难的历史，尤其是让国人尴尬的部分，才几十年而己，那段历史已经模糊。据说作者写完初稿后把书稿埋于地下，因为浩劫并未结束。永远不能低估人性的恶。王刚老师的演播近乎完美。,P
0,默存,2016-12-15 10:31:29,,也许是看过太多关于文革的文字还有电视剧，所以对这本书中所叙述的故事并不觉着稀奇，但仍可以想象在成书年代还有发行时这本源于生活的作品给广大读者带来多大的震撼。,P
1,希望,2020-05-13 14:22:30,,时代的大变动下，每个人都难以置身事外。理解那些识时务的俊杰，更敬佩那些不畏强权的英雄。书虽然不是很出彩，也缺乏一定的反思。不过还是挺佩服作者的，敢于在那个时代记录历史。让我们知道了文革时军区的点点滴滴。,P
0,云中巡抚,2024-10-04 23:09:18,山东,让人觉得过瘾,P
0,罗希,2024-11-24 15:30:45,江西,特殊时期的故事，共鸣较少,P
0,远树,2024-12-16 18:30:19,广东,出乎意料，保存了林副主导的激进思潮在军队的起落，以及运动对各年龄、层级人的考验。查阅知网，发现对小说和作者几乎没有研究，当代文学研究界在干嘛？,P
0,向阳逐光0811,2024-10-28 01:41:08,辽宁,在洪流中找到了一面镜子，读完之后心中翻江倒海。很多事情只有自己经历了才会懂，以史为鉴才能知xxx。,P
0,iniyTtwte,2021-08-16 22:56:55,,没看完，文风和语言看不进去,P
0,梦的痕迹,2012-11-21 12:29:22,,文革和焚书坑儒是中国文明最惨烈的毁灭,P
1,鲍勃,2018-08-22 00:26:51,,最后“冒死”两个字就值了一切！,P
0,山居子,2012-12-12 13:26:17,,小说中的文革,P
1,张点点使劲嗤,2019-12-15 23:33:01,,主题沉重，结局貌似也不好，敌人太坏了。看题目还以为吟是歌曲，看完才知道吟是呻吟，是怒吼。,P
0,柳广槌,2021-02-17 00:24:03,,"在文革期间写文革。可贵。人们只是时代的炮灰，没有人可以超越时代的。虽然说独立思考能力难能可贵，但是从众能力是人的社会性无法逾越的鸿沟。",P
0,乐孚伦,2013-07-14 17:21:28,,我只想说超棒的书,P
0,incognito,2014-12-21 22:00:20,,红色洪流：盲从太可怕or政治太可怕？,P
0,能本能,2020-05-26 08:10:14,,【将军】这一孔武有力的意象，和略显脆弱的【吟】搭在一起，家国的重担无法将一个硬骨头压迫至此，但权力的剜割却足以使每颗心泣血。开放式的结尾，留下江醉章的纠结独白，可他说的不是【完了、完了】而是【隐患、隐患】，不是作者不让这个弄权者玩火自焚，而是翻遍历史都无法给这种谋术家定论。【舆论的延长线就是群众的隔命行动】,P
0,simon回家吃肉,2022-07-09 08:08:29,,人间清醒陈小炮,P
0,Eeco,2015-02-24 02:18:23,,感觉非常真实地展现了文革中不同人物真实的思想状态,P
1,Archie,2018-01-19 22:27:46,,（4/6）同上个月看的那本《许茂和他的女儿们》一样，文革末期的作品，书写完的时候文革还没结束，作者最后“冒死”两个字可不是开玩笑的，这本书其实就是正面写文革，背景就林彪提出“揪军内一小撮”之后，文革灾难向军队蔓延，内容还算真实，但我觉得表达方式略平淡，高潮也没有很激烈，不过考虑到作者的创作时间和社会背景，能写成这样真的已经不容易了,P
1,wannabeygtq,2018-12-20 21:43:23,,这种题材，写出来，获了奖，令人震惊。而作者最后的落款，文革结束之时，冒死这下来，更是令人敬佩。没经历过文革的人了解得更多，经历过的人感触更深。,P
0,文山,2016-12-24 15:55:02,,看的心痛无法呼吸,P
0,轻易,2016-08-07 17:31:55,,彭，陈，李三将军，江部长，文革我永远不会懂，后面我实在看不下去了,P
0,悟空&憨豆,2014-08-04 10:59:34,,以文革中的老干部为主题的长篇小说向来稀少，这篇“冒死写成”的作品更加难得。,P
0,Jean,2009-05-02 22:49:05,,文革地方中级领导层百态,P
0,飘渺游侠,2011-12-05 20:59:55,,在那个动乱的年代，多少对中国做出贡献的人结局悲惨，多少心底纯洁的青年被卷入道德的漩涡。,P
0,惜春妹妹,2018-03-07 17:51:17,,看到作者最后的冒死写于文家市。,P
0,一格,2013-01-17 21:53:55,,对那段历史刻画的很入骨，也很细腻。,P
0,踏平不列颠,2016-10-08 00:20:46,,真实有力，有节有秩,P
0,lldd888168,2021-09-19 18:10:11,,我这高三的时候读过，至今还记最后一句，冒死写于文家市，在文革时期，要把自己融入到时代的大风暴中啊,P
0,我叫小猫腻儿,2015-08-04 23:23:08,,与其他反应那个时代的著作相比，本书的整体色彩并不沉重。每个人物都有着鲜明的性格特点，故事发展既理所应当，又出乎意料。即便在第一届茅盾中也属上品。,P
0,柳杨,2010-07-11 14:34:40,,曾经成为最感动我的一本书。,P
0,普通人,2018-01-28 02:17:38,,结尾收的太急了，但是仔细回味一下这本书，好像更着笔墨在林彪整个集团的凶狠残酷上，造反派和群众都变成了类似好人的人。,P
0,什么都没有发生,2019-08-21 22:26:34,,结尾有点仓促,P
0,北风之神,2007-07-17 07:44:51,,可以一口气看完,P
0,三兌,2019-10-24 08:57:37,,人性論喪的年代又如何？衹要保持樂觀的心態，靠自己的雙手，就會等來陽光燦爛的那一天,P
0,听雨轩,2013-04-05 15:47:27,,一口气看完这本书，感觉很压抑，很难过，心口象被什么东西堵住一样，我为那个时代和那个时代的人感到悲哀，被洗脑洗成那样，悲催呀！,P
0,许默存她爹非要,2007-01-14 18:58:18,,没有读完，原来以为是文革后的反思文字，看了一部分就否定了,P
0,lucky,2018-12-23 12:25:39,,本书是文化大革命时期军人内部斗争的事，没有生长在那个年代，每次看到都让我震惊，不可思议。这部语言平实客观描述了事件本身，三个老红军被打倒迫害，他们的命运走向以及在这个运动中其他各种不同级别，阶层的人的成长。最让我印象深刻的是胡连生和陈小炮，前者不懂权谋只知是非善恶，不畏强权。后者简单不单纯，野蛮成长，不管遇到什么惊涛骇浪，她都能够挺过去，让日子好过起来。我想这才是人和人不同命运的关键所在吧，逆境谁都会遇到，重点是如何面对它战胜它，挺过去顺境就会到来。还想多看看客观描述文革时期的书，想要多了解一些。,P
0,西番梨,2021-06-28 10:32:39,,熬夜读完了。集中描写运动高潮时期的那几年，作者在书中塑造的如彭司令员、陈政委、江醉章、赵大明、范子愚等这类人物各自性格特征鲜明，所以他们最终的命运也因此而改变。然对于环境以及一些场景的描写较为隐晦且浅白，或许读者还需要深入了解这段历史才能有所体会，或许可能也与当时作者冒死写下本书有关。,P
0,翻腰,2020-08-02 11:40:06,,"那十年始终是中国人无法忘怀的伤痛，而描写那个年代的小说从某种意义上说来似乎更受欢迎
但可惜本书故事性并不强，情节的大概发展心中有数，什么节点发生什么事已然有了预测",P
0,斯迈,2017-01-26 19:08:26,,极其鲜明的文革风格，从题材到语言。一路看下来，这种时代特色都让我觉得不舒服，直到看到最后落款时间和“冒死”两个字。在文革期间，就敢如此正面描写文革，大概确实是冒死吧。精神值得感佩，但就文学本身而言，坦白说并不喜欢。,P
0,九斗,2012-02-09 19:49:19,,难得记得这本书的名字,P
0,John萧阳1991,2022-08-12 01:56:41,,听的王刚的有声小说,P
0,球型口袋,2020-06-27 16:50:33,,写作时间和故事内容真的让人佩服 只是个人不太喜欢这样的内容和文风。用来了解那个年代的斗争和人性还是有些收获的。,P
0,上帝的厨子,2013-10-17 16:19:04,,又是动荡年代的一瞥……,P
0,耶律萧,2018-08-23 23:15:01,,感受那段历史......,P
0,进击的Chic,2014-04-12 12:44:26,,一段辛酸的历史，不知不觉让我看到深深夜...第二天看完才起床，感叹历史不能忘。,P
0,醉染霜林,2010-03-18 16:26:45,,描写了文化大革命中空军某兵团司令彭其受迫害的过程。,P
0,CLC,2018-12-25 10:04:00,,人性刻画比较单薄，好人太好，坏人太坏。,P
0,阿西,2017-06-14 01:11:03,,可怕的不是浩劫，而是浩劫过后的自我标榜。在罪恶的时代，每一个人都是罪人。,P
0,热心市民孙小姐,2018-03-12 21:51:05,,泪目,P
0,李夫子看历史,2018-06-16 14:23:36,,这部小说写的很生猛，正面直接的写文哥，不带一点儿余地的妥协，正面的进行反思，后人值得借鉴，不在发生这些动乱，革命已经过去了，不要再嫌折腾了～,P
1,luyong3435,2012-04-18 23:52:26,,只要那最高的权利是由人来赐予，就永远存在狗一样摇尾乞怜的人。要想取得赐予别人的权利，先得得到别人的赐予；要想得到别人的奉献，先得奉献别人。这就是赐予制的原理——亘古不变。,P
0,逢捷,2019-04-08 23:10:43,,故事情节很完整，很紧凑。,P
0,师傅叫我红领巾,2020-03-29 16:30:29,,这是一个能让我不睡觉的书,P
0,子非我shadow,2017-02-18 13:53:05,,李康自杀，彭其被总理叫到北京，陈政委对江醉章的阴谋也已经知晓，决定和他对抗，但江主任却因为有靠山肆无忌惮，而且决定除掉彭其,P
0,Carlvalier,2016-07-18 09:38:48,,佞臣当道、黑白不分、是非颠倒的年代。,P
0,小葵花儿,2016-02-22 17:48:14,,看的怒火中烧,P
0,短暫,2023-08-10 06:04:25,山东,第一届矛盾文学奖确实实至名归，,P
0,铁克,2016-02-12 16:40:40,,平铺直叙，语言平实。节奏拖沓不能引人入胜，但不失为文革时期军队高层生活的细致反映,P
0,北纬36度11,2016-12-17 22:50:19,,文化大革命的缩景，一个牛鬼蛇神的时代,P
0,豆友62259734,2012-09-01 11:51:12,,这部小说给我最大的感触是，普通民众对文化大革命的那种懵懂态度。随大流、搭便车的民众心态在文章中显现的淋漓尽致。在那样一种历史背景下，老百姓根本不知道什么是对、什么是错，他们拥有的仅仅是无知的狂热。,P
0,MMMMMMM,2021-02-01 19:35:04,,比《许茂和他的女儿们》和《东方》的语言犀利、流畅很多，思考得很深，包括剧情也是，有压抑有反抗，看的人心情随之跌宕，是目前看的几本里面最喜欢的。,P
0,PerfectStorm,2010-03-01 19:58:55,,又,P
0,阿川,2023-01-16 08:15:26,北京,再现那个混乱时代下，打江山的老革命们的遭遇，信仰与荒谬的冲突，理性与野蛮的对峙。不得不说，作者对人物的描写，性格突出，笔力深厚。,P
0,Jack Lee,2023-03-18 18:29:40,山东,值得一读，增加一些关于文革的背景知识。,P
0,string_lau,2018-02-19 09:11:32,,"看了季羡林的《牛棚杂记》了解大知识分子在文革中的遭遇，再看《将军吟》知道老将军们也难逃厄运！
文革，那一代人的噩梦啊！",P
0,一梦浮生,2021-08-13 10:02:07,,该书主要描绘了文革期间某军上至司令、政委，下至普通士兵、卫生员等人的命运跌宕。突出表现的是部队中将军人物受到运动伤害时的悲怆、愤懑，在中国式政治运动中的无力、无奈和无语，查了字典知道“吟”字也有呻吟、叹息的意思，这就不难理解书名的含义了。这本书至少让我对那段不堪的历史又加深了了解，比想象更加不堪，真实的历史也一定更加不堪。让我想起了一段话，“个人的成功固然离不开自身的努力，更要考虑历史的进程”。但那个特殊时点的荒唐又显得一切的努力都是那么苍白无力。结尾段落战斗机尾随将军的专机起飞后，仿佛将我们的眼睛带向了远眺历史的天空，一切都是那么真实，一切又显得那么不可思议。,P
0,桔朗,2016-01-29 10:27:43,,通过文革对三个将军的迫害，既表现了文革时期的大混乱，也考验了三个将军的感情，凸显了他们的性格。,P
0,树上的柯西莫,2016-03-16 14:49:54,,彭将军，大家应该都懂。只不过现实中没能等到拨乱反正。,P
0,忘演遇川,2016-02-03 01:12:28,,<txt 48 W>专门写文革的。并不觉得作者的立意和写作手法有多高明，坏人坏事倒是写得让人咬牙切齿，好人被诬陷又是那么无奈，束手无策，或许这就是文革了，要是我，活不过一次运动浪潮啊,P
0,陶乐人_Miracle,2019-08-27 08:55:40,,能在1976年写出这样的作品，值得满分，不仅是伤痛文学的鼻祖，也是官场小说的祖师爷了。,P
0,你在耍火,2018-01-29 10:47:39,,“无论大风雪来势多么猛烈，它只能逞凶于一时，只有阳光才是永恒的。”,P
0,挥师北上,2020-04-06 18:28:43,,人性的恶一旦被释放出来，便有如洪水猛兽，不仅摧残肉体，更毁灭灵魂。我们在哀叹那个黑暗时代的同时，更应该警惕人性之恶。,P
0,不见长安见晨雾,2023-12-27 17:20:29,北京,非常好的一部作品,P
0,子依,2015-08-17 22:57:11,,中国开国六十几年 虽有跳梁小丑权倾一时 但部队终是国家正义的中流砥柱,P
0,咸鱼黄,2014-12-11 19:35:28,,简直惨,P
0,怪瘦小原,2016-04-30 17:00:58,,后续给人已留白 彭司令到了北京能见到周总理me,P
0,曾照彩云,2011-07-20 22:22:46,,首先，陈境泉政委在里面表现得很软弱，而彭其和胡连生则是铁铮铮的军人形象。范子愚是文革斗争的牺牲品，赵大明是一个串联所有情节的主线人物。看这部书的初衷，主要是为了探讨文革时期及之前那一段岁月中国人的思想变化，看完这本书，加上之前看的那部张国荣主演的《霸王别姬》，才知道文革时为什么每个人都拼命地揭发周围的人，在那种环境下，人的思想就会扭曲，无论是父母兄弟，妻子儿女，都不可信。那样的环境，身不由己，你不害人，人家不能不保证害你。,P
0,星运,2025-03-02 20:12:35,宁夏,2025.2,P
0,ixueyi,2017-09-24 04:15:48,,很难想象这么一篇小说竟然获得了茅盾文学奖可能也是时代使然，主题使然吧。当然，直面文革的小说本来就十分稀少，尺度的把握自然也会束缚作者的写作，能写成这样也是难能可贵。人性的丑陋与善良，正义的伸张与埋葬，从来都不是一个轻易可以分辨的。脑子的热度可以烧毁一切，所以多读书才能不被世人欺。,P
0,sword,2008-05-27 22:10:47,,特殊的时代，展现将军的风采。,P
0,大春,2023-07-29 22:27:06,广东,"人物刻画鲜明：胡处长的直肠子但不是没脑子、赵大明的少年老成、陈政委的隐忍
真实记录：对没有经历过文革时期的人来说，通过对当时环境的描述、人物心理过程的刻画，重现了当年的浩劫。
时代大潮：个人在历史潮流中是多么的渺小，历史潮流，起源于某个大人物起念，经过小团队的私欲鼓吹，变成群众的跟风，形成人民群众的麻木。",P
0,小吏张,2020-05-19 15:32:36,,我们要保持清醒，有感情，最好有点行动,P
0,松花酿酒,2019-08-20 21:42:24,,短评真的傻逼无数，我不知道这本书的文笔有哪里不对，粗鄙？你肚子里的墨水也就只配得上傻逼二字，不喜欢可以不看，不要诋毁，脑残,P
0,树妖魔仙,2010-02-13 16:52:58,,还可以,P
0,谁呀,2021-01-12 11:03:26,,“一九七六年三月四日至六月二十六日冒死写于文家市”,P
0,七七,2010-04-26 11:22:21,,"刻画人物不够丰满 心里描写不够深刻 可看可不看 
所谓触及灵魂就是丧失人性里最后一丝善良",P
0,屿妤,2020-05-09 14:53:26,,军旅,P
0,海天孤雁,2023-10-23 09:15:20,重庆,人人都可以革命。,P
0,小兀,2021-11-29 01:21:24,,这矛盾文学奖，真不知道是怎么评的。可能在那个时代有这样的发生，实属难得吧。原谅我的浅薄。读过，不深刻。,P
0,Renaissance,2018-03-22 14:07:40,,有反思，但感觉人物很刻板,P
0,如烟,2016-02-01 22:39:36,,现实主义的小说，书中人物个性都很鲜明，在那个跌宕起伏的年代，每个人都在那场运动中成长起来，或者说更真实的认清了自己，在苦难的生活中找到了奋斗的意义。但是在人物个性鲜明的同时，又感觉每个人物过于脸谱化，人性的复杂表现的张力不够。,P
0,3点1415926,2015-10-26 01:11:02,,作者带我们从军界的角度回顾了一下那段历史，让我对文革的思考又多了一个角度。生活不易，且行且珍惜吧。,P
0,69.7,2020-02-20 18:50:46,,很好的一本书，比较客观、有历史厚重感、责任感，也有些压抑，还有惊醒的较深刻的历史意义。只是以后怎么样，书里没有给出明确答案，却也暗示了应该作的答案,P
1,心梦,2016-09-02 15:02:01,,正在读的书，喜欢获得矛盾文学奖的书！,P
0,幻夜,2019-10-25 18:15:29,,最大的不足结局烂尾，从最后面的跋能看出，这本书写的时候和完稿的时候局势还是很不明朗，所以最后结局里面也写的比较隐晦。但总体上写出了在那样环境下人性的丑恶、愚昧，但是也将小炮和赵大明徐秘书这些小人物的善良和人格刻画的有血有肉,P
1,剪刀手赵炮炮,2016-05-11 23:50:10,,并没有看完。。。实在读不下去。。。,P
2,自闭倒计时,2020-05-03 17:36:22,,一直不喜欢标记书，因为总觉得书是一个世界，合上了就是和那个世界告别了，再无其他话好讲。但是这本书，总让我觉得，或许不应该早早与世界挥别，对当今形势也总要有些思考，是对是错自己都需要经历，只是要以史为鉴，千万小心。,P
0,王法极,2017-03-19 17:27:31,,彭老总还是你彭老总,P
0,凉蝉,2015-09-03 21:42:27,,看了太多文革的小说，所以看到某些场景又好气又好笑。前半部分拖了些，整体还是比较扣人心弦的。结尾为什么就那样结束了，感觉还没吃饱,P
0,blublu,2006-06-06 16:58:12,,更准确是听广播小说来着,P
0,べ尐孓の贼嘢,2010-02-03 18:55:35,,很好看的。都获茅盾文学奖了哦~~,P
0,陌上,2015-09-29 09:06:36,,最近重拾小说后读的第一本小说。此书贵在对文革的思考，但反派角色过于脸谱化。毕竟是小说。,P
0,西红柿吵蛋炒饭,2020-03-22 23:16:06,,激荡，激愤，久久不能平静,P
0,白开水,2008-06-20 16:48:32,,好看！,P
0,山无酒易林思,2019-02-02 18:46:20,,能得茅盾文学奖，可能更多的与时代批判文革的需要有关。文革是一面镜子，把每个人人性的丑恶照出来，所以人们才会不断的批判这段历史，其实更大程度上，反映了自己不能正视自己的恐惧。造反派，保守派，吃瓜群众，没有人能代表正义。权力真是个潘多拉魔盒，一切罪恶都由他释放出来，所以必须有一套科学的制度去约束，才能减少其带来的负面影响。,P
0,喜欢数学的女孩,2018-06-02 14:53:07,,"看完无问西东，看到西南联大，想到了《南渡北归》，看到批斗，想到了《将军吟》……
这书还是初中读的，而今却越来越世俗了...",P
0,一片空白,2019-01-19 10:48:40,,一个时代，一个人,P
0,Ju,2020-03-22 20:00:00,,读的过程中觉得这本如果拍成电视剧会很精彩，读完发现，拍成电视剧或许会毁了它，还是在心里上演吧。,P
0,宋亿无敌超自恋,2021-01-11 13:20:09,,"只属于中国的文化大革命，没有经历过当时的任何事情，只能从影视剧里了解一二。看着看着书里各种情绪都出来了，对一代英雄将军的可悲，对基层干部的玩弄感到愤怒，对执掌的阴谋家感到憎恶……最后落笔时间文革还没有结束，那个时候写出这种作品得扛着多大的压力才能完成
！",P
0,飞翔的猫叔,2016-04-05 21:42:07,,写的是文革中一位将军遇到的事情，但是觉得写的一般，否则也出版不了吧？,P
0,风行也,2019-06-15 01:35:00,,叶子的呻吟，风会听吗？,P
0,毓,2013-12-16 01:11:33,,每次看书看到只剩几页，心里总十分舍不得，看将军吟也是如此。但当看完最后一个字，却感觉这不是大结局，怪我觉悟低，猜不出作者暗示了什么。文革还没有结束，彭其最终怎样？江青垮台也是好几年后的事，总会有新的江醉章出现，谁能告诉我？,P
0,折枝,2015-12-01 00:25:28,,没看完，内容比较有深度，但我有点……受不了这文风。,P
0,Rotkäppchen,2018-08-25 01:49:44,,官场文学,P
0,溉汲,2021-05-09 16:36:51,,关于文革的作品读起来总是小心翼翼，怕直面那个惨烈的特殊时代。但这部小说读来并不压抑，能感受到的是面对时代困境时坚定的希望和必然走出去的信心。几位将军坎坷的境遇和将军女儿们被迫的成长，让人看到人性的坚韧力量。反派人物的冷漠自私没有感情，也让人看到人性的脆弱和不堪。,P
1,小前儿也好看过,2015-10-20 13:58:49,,这本将军吟让我印象最深的是其中的说话之道，作者定是个有丰富生活阅历的人，对很多人物的心理描写特别详尽，对我来说就是解释了为什么要这样说话，该怎样说话的道理，这是我的收获。,P
1,豆友139535261,2018-06-06 00:28:01,,看着落笔的成文时间，真的很佩服作者，冲着这个五星没毛病,P
0,树的前世,2021-08-10 14:51:05,,通过军队里的变化让人感受到那个年代的疯狂和无助～,P
0,菠萝蜜多,2013-07-06 01:58:03,,条码相同，封面不同。,N
0,王大伟,2013-03-08 12:22:18,,大学入学那年暑假，我住在把兄弟的学校（我复读一年彼时他已入学）玩了很长时间，临走 他怕我在大学里不谙世事，送我上下两本《将军吟》。近10年过去，我仅在开头的日子里（比如苦闷的军训和没有方便网络的大一）看了上册了一小部分。至今这两本书还在我旅行箱里躺着，抽时间把它看完吧。,N
0,鲸元宝,2019-10-02 14:45:03,,看了一半没看完？？？？？,N
0,ihelen™,2011-02-22 15:10:50,,茅奖,F
0,congdaliu,2022-10-23 14:23:03,湖南,兰,F
0,苡迷,2019-05-29 00:50:06,,博复提到的。,F
0,Debby,2013-05-13 13:54:57,,﹟茅盾文学奖 讲文革的，@卉子嘉静 推荐的,F
0,唐吉坷德,2016-02-24 06:58:31,,文革,F
0,i汪欢喜,2008-04-20 18:25:47,,"曾经有过这本书,看到一半,掉了",F
0,木小山,2014-11-19 09:36:43,,"正在委托，委托失败。
需要申请",F
0,三二一捉迷藏,2018-12-21 14:09:21,,文革,F
0,mutou,2007-08-13 14:51:18,,再读,F
0,羊肉串,2017-04-26 09:50:14,,想读,F
0,傻脸娜,2015-08-18 03:53:52,,豆瓣怎么看书？,F
