点赞数,评论者,评论时间,评论位置,评论内容,评论类型
0,绍怀,2023-08-13 11:21:32,浙江,在人物刻画上高处《东方》不少了，年代感很强。,P
0,陶思,2023-12-10 22:53:28,山东,2023.8.31,P
1,傻博士,2009-08-24 22:47:29,,"虽然没有经历过那个年代，却以为书中的描写最真实不过了~
只是觉得结尾有些仓猝，戛然而止-----确实是意犹未尽、回味无穷-----但它真是无穷的过分，过分的无穷~~~   -_-#",P
0,窗外有蓝天,2019-05-14 18:24:35,,在这部书里真实的了解了那个年代。疯狂，但也不失为另一种炽热。要想深沉而持久，必有一段炽热又狂乱的时光。,P
0,闲贤,2020-03-24 08:26:04,,这本书写的是文化大革命期间我空军某部的事情。当然以司令员为主线，穿插一些正反两人物。故事情节很流畅，也很吸引人。人物刻画也立体。但意识流的描写就差太多了。另外，我个人觉得不如亮剑好看。,P
