点赞数,评论者,评论时间,评论位置,评论内容,评论类型
0,David在成都,2008-12-07 12:09:35,,获茅盾文学奖，我上大学时从学校图书馆借阅过。,P
0,无趣,2022-08-01 11:32:17,,上下两册全,P
0,TobeSharp虫子,2019-11-03 00:44:48,,略显繁冗但故事主线真强,P
0,低头不看你,2020-02-18 12:46:21,,难得看到此类的书了吧,P
0,解空,2023-05-15 19:27:23,吉林,历史的洪流裹挟着人们不由自主地向前奔去，但永远不要忘记人是应该有人性的。,P
2,安徳烈,2016-04-19 15:58:38,,对人物描写还挺不错，彭一直惨，最煎熬的是陈了，夹在中间，纠结无奈，赵算得上理智，跳出火坑，范跳梁小丑，最后被逼的自杀，江最可恶，引导了舆论就影响了人心，邬中两口子真是为了向上爬不顾一切，忘恩负义，口口声声为了革命，实际只不过是颗棋子，那个年代中，一切都是复杂的，谁是谁非？,P
0,律政佳人,2010-02-04 13:05:29,,"已经是去年的夏天了。
我在延安中路的西西弗买书，已经不记得买的什么书了。
我站在政治军事那一排，从左到右，手指轻轻滑动，却没有我想要的。正转身，一个老爷爷轻身叫住我，原来他找一本书“中国将帅名录”，没有找到，想要我帮忙。
看到他，我想到我的外公，似乎眼前这位老爷爷就是我外公的影子。
外公是一个解放军战士，小时候我常问：外公，你打过仗吗？他总是微笑着说:打过呀，解放XX地方的就是我们的部队————————。于是我心理对外公的敬佩就更多一些，到后来，我觉得外公是英雄，他部队的战士是英雄，参加解放战争的所有解放军战士都是英雄，所有的中国共产党员都是英雄。
外公，有支气管炎，经常咳嗽。有时候腰都咳弯下去，可是只要不咳嗽的时候，他的腰板总是挺的直直的，还有他总是穿着军装，",P
0,yzzviva,2021-06-17 21:04:41,,文革初期世代的故事 挺心酸的,P
0,威如,2019-04-08 16:41:50,,十年，血色的“浪潮”,P
0,没用的痴人,2021-09-10 08:16:31,,三位工作40年的将军在文革中举步维艰，时不时热泪涌上。讨论下原型问题，陈将军原型是彭绍辉将军吗？(独臂，湖南)彭将军是彭德怀将军吗？(湖南，庐山会议),P
0,手作抄手,2021-11-25 16:05:09,,伤痕,F
