点赞数,评论者,评论时间,评论位置,评论内容,评论类型
0,闪闪发光的居延,2022-05-31 17:39:23,,★★★★☆ 时代的一粒尘埃，落在个人身上就是一座大山。,P
0,小 惡 惡,2024-02-19 15:59:05,云南,文筆好生動，這本書就像他筆下的陳小炮一樣，雖然有苦難，但永遠活潑，熱情，充滿希望。,P
0,青年阿牛,2016-05-20 15:56:57,,这都能拿奖，背景真厚,P
0,hehe.,2018-02-21 22:11:24,,"[茅奖作品补完计划01]
难以适应此书文风，粗略翻了翻",P
0,通叔,2017-07-27 22:21:49,,这种书，我总是看的很辛苦，好人遭难，社会扭曲,P
0,hjkhffj,2018-10-24 20:32:34,,高中没看完，垃圾,P
0,朔风匹马04727,2022-01-06 07:41:42,,对文革的描写相当逼真。杰作。,P
0,云影,2023-05-05 21:29:39,,"江醉章能否走到文革结束真的是个奇妙的问题。结合那段历史，1976这个敏感的时间，我总以为作者在影射四人帮，江很有可能就是四人帮的人。
至于彭其又将如何更是一个大大的问号。也许永远不会回来，也许明天就会回来。
但无论如何我都期盼彭湘湘，赵大明，陈小炮等人能够走完那十年。也许彭湘湘会和赵大明一起成为一个普通的工人，也许还会有一个幸福的家庭。",P
1,肋骨,2024-09-28 21:11:08,天津,围绕空军某兵团司令员在“文革”中遭受迫害，将军们不同的命运，反映了现实生活中极其复杂的、尖锐的矛盾斗争。彭其、陈镜泉两个老战友，只可惜最后没有介绍江醉章一伙的结果，但也可以想象到[吃瓜],P
0,🏝,2018-09-30 21:43:03,,令人唏嘘,P
0,三周華不注,2019-11-24 18:47:24,,今天在湖南革命烈士陵园发现了此人的墓。,F
