点赞数,评论者,评论时间,评论位置,评论内容,评论类型
5,@,2023-03-26 18:44:45,内蒙古,全书结尾之落款，令人唏嘘。只用三个月便写完此书，令人惊艳。全书最大的遗憾就是对于领导层的描写，缺乏了中间摇摆派，直接过渡到两大阵营的对垒，未免简单了些。其次是范子愚的转变未免太仓促，稍显不够饱满。而且书中的巧合似乎多了些，少了点真实感。不过三月而作此书，还是值得肯定的，首届茅奖可堪之。,P
2,Lincoln,2024-07-04 23:00:39,山东,“一九七六年三月四日至六月二十六日冒死写于文家市”,P
1,寒山远火,2024-07-23 07:32:25,北京,"留下文  革记录。
文末那句“1976年…冒死写于文家市”让人动容
希望历史不要重演",P
0,kingspring,2022-04-09 09:40:55,,"魑魅搏人应见惯，总输他，覆雨翻云手……
（福田图书馆）
（No.0195）
（2019-05-17）",P
1,子回头又望,2024-12-21 16:59:16,甘肃,"忘不记 原不谅 愤恨无疆
肃不清 除不尽 魑魅魍魉
幼无粮 民无房 谁在分赃
千年后 你我都 仍被豢养",P
0,Dylan,2024-04-03 10:11:38,山西,大国胸怀大,P
0,一囗一,2024-12-09 15:59:19,天津,读得我都有点抑郁了 最后一看写作时间就理解了,P
0,东门兔,2024-12-17 19:28:37,北京,为啥，其中的人物会因为忘带身份证住不了店啊。穿越小说吗？穿越作者写的吗？,P
0,班波特,2024-12-29 19:08:48,湖北,所以彭其最后的命运如何了？江醉章背后的大树是江青吗？,P
0,两块钱,2025-01-22 06:33:57,上海,越到后面越扯，周恩来管得了部队里的事情？,P
0,十点睡觉,2025-02-02 17:27:52,北京,中国人自己的纪实恐怖小说,P
0,Dendup Phentok,2025-02-08 01:06:04,云南,2025.02.03普洱,P
0,五花,2025-04-27 15:30:18,湖北,反映了文革期间的一些荒谬，尤其是一种各怀鬼胎的局面，暴力是泛滥的。读完后有一点感想：人的丰富性，喜怒哀乐不应该是被规定的；人应该过得有松弛感。,P
0,一天和五年,2025-04-29 15:46:08,浙江,作品完整度和艺术性都有明显瑕疵，好在反映“文革”中的造反、斗争比较立体。,P
0,浮尘,2025-03-12 00:19:57,陕西,难得的细致入微描写那段历史的小说。且又比较客观、理性，不是充满愤懑怨念的写，是带着自己的思考的。,P
0,098,2020-02-06 22:02:06,,彪炳的老将军，曲折的后半程戎马岁月。,P
1,一线吃瓜群众,2017-08-12 10:48:50,,排版不错啊。一番恶补后，这是近几年头一次读国人的小说，期待(눈_눈)并不是太好看，情节磨磨唧唧的,P
0,圣灬华年,2022-09-30 21:59:09,海南,“这是一段多么重要的历史啊”，身在如此高位尚有这么惊心动魄的经历，革 命 家也一样在后面落得如此惨烈的下场，战争的延续就是内部的决斗吗？处心积虑，落井下石，不择手段抹杀一切吗？如果身在其中，我会是其中的哪个角色？现在觉得这些行为不耻，真的发生在自己身上，还能坚持自己的原则吗？这么一段重要的历史，是不是也值得现在的人去学习和研究一下呢？毕竟这样的事情在历史上发生了不止一两次，而且现在是不是已经有一些这样的苗头了呢？越想下去越危险,P
0,zy,2025-02-15 14:15:12,北京,最喜欢陈小炮，大大咧咧的性格内是有着为人处事的大智慧的，人就该这么通透又豁达些。结尾看的意犹未尽，不由浮想联翩，庆幸大明的改变，感觉到作者对大明的偏爱，希望湘湘一家在经历如此大的磨难后能过的幸福。,P
0,萤灯,2025-06-14 18:15:44,北京,这类作品看的不少，这本也不错。,P
0,豆友0dmjWG7nW8,2025-06-12 22:43:54,上海,"莫应丰发表于1979年的《将军吟》 是“伤痕文学”中最早问世并产生了较大影响的长篇小说，也是早期公开否定“WG”的重要文本之一，1982年12月6日获得首届茅盾文学奖。
小说里两个名字取得饶有意味，富有明显的个人感情色彩。“江醉章”，应该就是“江最脏”的谐音吧；“邬中”，应该是乌龟、中生（宗桑，即畜生）的意思。一个阴险狠毒、老奸巨猾、故弄玄虚、处心积虑、不择手段；一个心地龌龊、见风使舵、见利忘义。
关于WG的历史及其教训，不好说、不便说、不敢说，但不应忘却、不敢忘却，更需警钟长鸣，因为，它会随时重演……",P
0,faith,2023-03-27 23:59:45,安徽,大时代大环境下的军队人物遭遇，不管你是将军，还是普通士兵，在那样一个黑白颠倒的世界，保持乐观向上的态度，真的是莫大的幸运。小说各色人物塑造的有血有肉，越读越有兴趣，后半部分一口气读完。江，刘，邬之流，任何时代都存在。,P
1,至尊那个宝,2024-12-19 01:35:28,吉林,惩前毖后，治病救人。,P
0,爱马士,2019-03-19 23:50:17,,2019年3月19日 购于 汕头·京东,N
0,蛙蛙04,2021-11-01 23:18:42,,天津8317,F
0,豆友brPf34iVmA,2024-02-19 20:49:55,陕西,1960文革时期,F
0,Yuen,2025-05-04 21:02:07,广东,小红书推荐,F
