点赞数,评论者,评论时间,评论位置,评论内容,评论类型
19,jason,2021-12-15 09:05:31,,"这是我读过的反映wg的最真切最具体最生动的一本书，原本以为是高大上的宏观叙事，却是生活的点滴、思想的演变、人性的扭曲、正义的长存。人物不多，但是个个鲜明，情节不复杂，但是非常反映人性。一些对话和情节，极具政治的敏感和人性的幽微。时代的尘埃啊，落在个人身上就是一座大山，里面每个人都被裹挟，身不由己。最悲剧的在于 ，阶级性大于了人性，人去化了感情，所以但愿这样的时代永不再来。该书写就于一九七六年三月，这样的时间作者是有着非凡的勇气，这样的书在当年被评为茅奖，说明当局的开明和有勇气。好书好评。
PS: 絮云同志啊，真是个人物。",P
7,精神的角落,2022-03-21 19:26:06,,不知道这算夸张还是写实还是收着写,P
3,影书,2024-08-24 14:35:52,河北,真担心这本书那天会被禁掉。这是一门专门写文革的书，之前看过太多写党政机关遭受文革重创的书籍，很少看有关军队的，这本是专门从军队入手，以文化大革命为背景，通过空军某兵团司令员彭其的视角，讲述了他在文革中遭受迫害的经历等，十年浩荡，不能遗忘。,P
1,风风风,2023-06-23 10:34:34,浙江,这书胜在内容，文字处理能力一般，剧情发展也是。所有的星都给内容和作者的不容易。,P
1,DDW,2024-11-16 22:03:53,广东,“时穷节乃见，一一垂丹青”,P
1,黑的雪,2024-11-04 14:48:07,江苏,"反思文革的小说很难深刻起来。
大量的意识形态风格对话（即便是想反映那个时代的举止状态）显得臃肿。",P
8,珀斯,2021-04-11 23:48:19,,官做的大或小并不重要，重要的是人是不是正直，是不是善良。人无法选择命运，但可以选择面对逆境的态度，前者决定了人生历程的长短，但后者决定了历程能否继续前行。,P
3,李夫子看历史,2022-02-13 01:51:11,,伤痕文学的代表，左倾是个很残酷的东西…,P
2,开荒守拙,2023-03-15 07:21:49,北京,1976年冒死写于文家市。钦佩,P
0,小飞侠,2023-06-02 17:14:18,陕西,20230602,P
0,心心人人chd,2023-05-20 09:15:42,上海,那个年代的作品，值得一读。,P
0,大米粥,2023-12-02 18:07:25,广东,没有伟光正、没有空泛的呻吟和空洞的批判，而是落到具体的人物描写，在这巨大的历史旋涡中，每个人对每个细小的危机面前的所思所想所作所为，细致具体的刻画出来，人物形象比较立体。但觉得子女那条线没什么必要，三个子女除了不懂事的咋咋呼呼，哭哭啼啼，让人看起来很烦躁以外，没有推动故事发展的不可或缺。,P
0,郁闷中,2023-10-28 20:43:25,北京,将定义为探索就很没意思了,P
2,易暝君,2022-11-28 23:44:53,湖北,这仅仅是那个时代的一粒尘埃,P
0,斯德哥尔摩的海,2023-02-02 13:58:08,上海,描写了文革时期几位将军面临的困境。盲从的、狂热的、阴险的、无奈的、清醒的，各种角色在舞台上轮番登场，场面十分可怖。,P
0,陈小憨˙Ꙫ˙,2023-02-09 16:23:28,湖南,人类在繁衍过程中总是由上一代决定下一代的命运；下一代人被驱使到早已安排好了的命运之中，想改变它，要付出多大的代价呀！历史是一条漫长的道路，道路上跑着一代又一代接力赛跑的人。上一代的不尽职会给下一代留下过重的负担；上一代走错了路，下一代还要绕回来。长辈人的身上担着多么重大的责任呀！再怎么没有心肝的骗子也只能在同辈人中间行骗，难道可以欺骗儿孙辈吗？自己已经上过当的，就不要再叫儿孙们重受上当之苦了！应该告诉他们，留给他们一份真有价值的遗产。这是一段多么重要的经历呀！在儿孙们前进的路上，从此又多了一块赫然醒目的巨碑。它告诉人们，不要再花费精力做不必要的冒险了，祖辈的探索应是有意义的，应把这重大的意义变成财富才对。,P
0,以梦为马,2023-01-01 11:24:32,四川,混乱的时代，总有人是牺牲品，无论是将军的女儿还是工人的儿子。能在事件还未完全盖章定论之前出版该书，也算勇气可嘉。,P
0,Mei,2023-01-11 13:55:25,广东,庆幸没有生活在文化大革命时期，好书，值得推荐,P
0,无限粒子,2023-08-24 14:50:28,河南,3.8,P
0,kkkkk_,2023-10-03 21:22:58,广东,空军某……兵团？,P
0,陀,2023-10-08 03:19:07,山西,"2023#reading#57
伤痕文学永远有其存在价值。",P
0,卧刀宿,2022-08-30 22:19:12,上海,起初的阅读心情是矛盾的，文字浅白感和平铺直叙性让我在第一二章差点放弃。后听到王刚老师的朗读版本（与原著比有删减出入）如醍醐灌顶，如身临其境那个年代的辛酸悲苦。书本后半段尤其辛辣不忍睹，结尾落款观者落泪。——他们不曾怕过战死沙场，却在流言中黯然自戕。,P
1,努力努力再努力,2022-07-10 09:31:08,,"文革时期的兵团军队的
写照
将军也免不了
被斗争
被迫害
时代下的三个将军
在这时期的生存
被斗争
选择死亡
被迫
选择压迫 忍气吞声
直言的
被斗争
迫害
三个将军女儿
在这文革初期的
成长
小炮的性格也太让人喜欢
乐观  直言直语  爽快
行动力强
有自己的主见
不依靠父亲的官职
勇于表达自己的想法
炮语连珠
明天大难来临
今天该怎么开心就怎么开心
乐于享受眼前的快乐
不杞人忧天
靠自己的双手
建设自己的未来
葱郁的树林
在幽深的路上
有着司令员的
小楼一座
对于兵团的大门
总有这样的想象
葱葱郁郁
满是生机",P
1,不懂电影,2022-06-12 16:54:22,,大震撼，是属于电子版看完要回头再去找来实体书收藏的程度，那段时期常年笼罩阴霾，但幸好还有这样的书这样的作者愿意记录愿意说明。虽然难以评判这是否能划分进纪实文学，但那个时期的人和事，如：前天我做首领带头造反，明天我就成为被批斗的对象。诸如此类，皆令人心生颤动。几个角色实在是塑造得生动，一生刚硬的将军，虽然看到最后也没说到底是自杀还是从桥上掉下去，但那场灾难对人的折磨和摧残，感觉最后一页依旧未能完全写完。将军还有遇到好心的几个小兵，互相替他掩护，还有多少尸体藏在这片洪流下呢？还有被卷入灾难，又从灾难中成长的赵子明，那个时代虽然如滚滚长河一样卷走吞没许多人，但也淘炼出了闪闪发光的金子呀。ps：回头一看才知道这是茅盾文学奖第一届（1982）年的作品，原来结尾那句冒死写于文家是真的哇！！！更震撼了…,P
2,危影,2022-06-20 21:17:22,,看到最后，1976年作者冒死写下的故事。平易近人的笔锋，逼近真实的描述。,P
0,未读,2024-04-12 16:05:17,内蒙古,在介绍南北战争时林达曾说，战争是有它自己的发展规律的，当一场战争的火药被点燃，你要再想把它捂灭，就几乎是不可能的了。文革运动又何尝不是一场战争，而其中的勾心斗角、尔虞我诈，即使是在今天也并不陌生。（虽然有老一辈写作中直给感慨过多的缺点，但看到最后落款的“冒死”二字还是心生敬佩）,P
0,唐门幼主,2024-03-22 08:42:32,北京,【2024/29】如果不是因为想把茅奖看全，我是肯定不会碰这本书的。不是讨厌这本书本身，而是讨厌那个愚昧的时代。但是看着看着忽然觉得，其实我们需要的正是这样敢写的作家和敢说实话的作品，就冲这一点，我觉得茅奖给这本书实至名归。,P
0,张彬,2024-01-18 18:44:32,浙江,"“自己已经上过当的，就不要再叫儿孙
们重受上当之苦了！应该告诉他们,
留给他们一份真有价值的遗产。这是
一段多么重要的经历呀！在儿孙们前
进的路上，从此又多了一块赫然醒目
的巨碑。它告诉人们，不要再花费精
力做不必要的冒险了，祖辈的探索应是有意义的，应把这重大的意义变成财富才对。”",P
0,firesale,2024-03-06 16:44:28,天津,被最后的，冒死写于文家市这几个字震撼到了！,P
0,蓝染,2024-01-11 14:28:16,河北,"倘若有一颗坚韧向上而正直的心，纵然大环境会改变人的命运，一个人可以被毁灭但不会被打败。
不暇自顾而使后人哀之，后人哀而不鉴之，而使后人复哀后人矣。
彭司令没有被打败，他用行动给我们树立了榜样。赵大明的成长之路给了我们警示教育。
整本书给人很压抑的感觉，每读一段用完停下来歇息歇息，就像一次次斗争后的喘息，放下书本着眼当下，路还很长，日后当效仿彭司令行得正坐得端！",P
0,homeee9,2024-01-02 23:42:23,英国,沉痛，简洁，富有音乐性，人设非常领先而有意义,P
1,zebaoa,2024-01-09 10:59:22,北京,早期关于反思文革的文学总有一个问题，就是好人永远是好人，坏人永远是坏人《芙蓉镇》同样如此。早期文学作为，需要直面文革的问题。如果能写出那十年对于人的改变就好了,P
0,金刚钻,2024-01-06 18:30:35,天津,"看了不少伤痕小说，我认为这部是把运动的残酷表现得最突出的，但同时它又能在字里行间透出点积极的希望。真正的勇者是能在残酷的现实中寻找光亮的，莫应丰就是这样一个勇者。
（茅盾文学奖获奖作品12/53）",P
0,懒残僧,2024-02-04 08:06:39,上海,出卖算计彭老总的是笔杆子，给彭老总翻案的一样是笔杆子，所以武七感叹道：干大事还得是艺术家。,P
0,不可期,2025-03-13 12:59:18,广东,"重点描写1966至1968年的军队情况。反映那个黑白颠倒的时代，那段艰难困苦的时期，结尾留下了希望。
后来这出戏终于在现实中有了结尾。值得我们思考的，除了培养明辨是非的能力，还有如何在逆境中生存和成长，磨炼自己的意志，愈挫愈强。",P
0,豆友u08jN6dzNM,2025-04-13 21:13:20,甘肃,白发苍苍将军吟，人民艺术为人民！,P
0,行勝於言,2025-05-27 20:45:15,江苏,通过这部小说把我们带回到那个动荡的年代，但这仍然只是那个时代的冰山一角罢了，后来人再怎么也不可能完全理解，或许只有经历者才能明白发生过的一切……但愿我们这个多灾多难的民族不再经历这种灾难！,P
0,唐子胥,2025-01-21 23:50:47,浙江,《将军吟》的内容是相当“粗”的——一种大鸣大放的粗粝。冤屈、困惑、愤怒被裹藏在对于斗争口号的复刻之中，似乎只有用和批斗相似的方式予以进攻才是刻画历史最好的选择。所以这本书读起来是相当痛苦的。读者不仅要抵御文本再现历史所带来的震撼和胆寒，还要抵抗和消化作者无法克制的、只能宣泄在文字之中的悲愤和几乎要坍陷的痛苦。这种时候，试图对于人物或者情节做任何精细的深描和铺排已几近不可能——历史以超越文学所能承载的暴虐和非理性方式呈现，最后残存的文本便难以含蓄、温情以及带有反思意味。一切就像大广播，永远隆隆地、隆隆地轰鸣，带着震破鼓膜的莽撞和无情。,P
0,子丑,2025-02-07 13:45:49,山西,看到最后“冒死写于文家市”，真的不忍心再指摘任何了，另：受冤的将军大雪天晚上绕着纪念碑跑，看到上面的名字好多他都认识，活着的自己却倍受迫害，真是讽刺，人们把死去的英雄捧的高高的，活着的英雄却不被爱惜，难道英雄唯有功成身死才是圆满？现如今，纪念碑依旧，可上面的名字多少人记得？又记得几个？,P
1,睡橙,2022-12-29 13:25:16,甘肃,血淋淋的无奈。只要那表示最高利益的权利是靠个人赐予，就将永远存在着狗一样摇尾谄媚的人。似乎每隔几十年就有一场人祸，过远的历史记录的不详细，自己亲身体验是这样。发展，走偏，纠偏，矫枉过正，反纠偏，发展，循环,P
0,Tenacity,2022-08-15 00:08:55,,反映文革的书太少了，我看得很认真。,P
0,思旭,2024-05-07 22:52:25,重庆,愿历史的悲剧永远不被重演,P
0,Ching_87i57,2024-06-13 19:00:04,重庆,同届最佳！后半部全是热泪！往后几届应该还有类似题材，跟这相比绝对隔靴搔痒。四个月写了快四十万字，而且写得这么好，腹稿打了得有十年。落款的“冒死”二字……致敬作者！！！,P
0,王大爱西瓜,2024-05-27 23:24:36,广东,一场扭曲残忍的政治运动，人性的丑恶与光辉被无限放大，做一个正直光明的人比什么都重要。书中的人物刻画有些模具化，正反面人物都缺少些复杂性。,P
0,翘楚,2024-06-01 11:27:01,河北,"错误的时代没有对的人，泥泞里面不会不染身，唱戏投入进感情，歌曲终了人走散。要走到这部戏结束，要不惜一切代价站立到最后，要去看到这部戏的演员何去何从，要给这部戏的所有铺垫者一份光荣。
风里雨里飘荡数载，
曾几何时?
遥望最初。
更会多时!
眺望远方。",P
0,Dylan,2024-04-03 10:11:10,山西,文化不能被政治完全束缚。自杀的人也是不够坚强，活下来的才是勇士,P
0,马靖钧,2024-05-09 12:59:42,黑龙江,好书，反观人生，有所感悟。,P
0,Aim_qi小赖儿,2024-10-21 22:18:16,黑龙江,断断续续将近三个月终于读完了这本书，中间无数次气愤的读不下去需要缓解心情。《将军吟》讲述了某空军兵团几位从红军时期走过来的老将军在文革时期面临的困境与迫害与挣扎。戎马一生、不畏牺牲的从革命和战火中走过来的老将军，没有倒在敌人的枪下，却屈辱的倒在和平的年代，倒在自己人的笔杆下，血淋淋又无奈，但更可怖的是，在那个年代，现实更加的荒谬与扭曲！这不仅是将军的低吟，更是一个时代与一个民族的悲歌。一直对讲述文革时期的作品望而却步，如果不是因为想从头读茅奖作品，这本书我也不会去触碰，因为太痛太气愤，又有着深深的无力感。那个黑白颠倒、遍布牛鬼蛇神的年代，政治斗争高于一切，人心中的恶被无限放大，一切是那么的荒唐。,P
0,是小辰星啊,2024-10-19 21:01:50,甘肃,象征意义大于文学意义，没那么好看，也没那么难看,P
0,丼麗,2024-11-09 22:00:57,上海,值得反思的岁月,P
0,好运Salmon,2024-11-21 00:35:30,江苏,政治太深，作家真勇。落款时间点睛。,P
0,午夜_蔷薇,2025-04-24 16:31:54,山东,每个人都应该读到这本书！关于那个时代！每个人应该都来了解！,P
0,绿色筹码,2025-04-08 20:54:37,北京,单薄了点,P
0,little P,2024-11-07 09:42:31,上海,"作者大义大勇！1976年成文，何等气魄，完全是冒死而著。
整本书看完非常憋屈，可能10年浩劫，所有人都是这样憋屈的，江醉章集团没有写到如何覆灭，坏人没有一个受到惩罚，所有善良的人都在受折磨，真的难受",P
0,疯狂的农村人,2024-12-06 11:48:45,广东,补标,P
0,东门兔,2024-12-17 19:13:12,北京,七十年代写的六十年代的事，是怎么出现身份证这种东西的？,P
0,豆友LPAFRyMNwk,2025-07-03 23:20:20,北京,感觉像是完完整整参加了一场运动，细节如此清晰，我只想说。相对于文革的残酷性，还是太保守了。真怕那几个女孩遭遇不幸。这本书只能说点到为止，令人发指的情节还都没有，最令人动容的就是结尾篇，作者在76年冒死写于家中。,P
0,无归,2024-10-19 13:37:13,重庆,"这是一场触及灵魂的革命。
哪里有这么多黑黑白白的事情",P
0,乐悠Li^_^u,2024-05-10 14:41:46,湖南,读的第一本伤痕文学，震撼很大，对那个特殊的年代有了更清晰的了解。,P
0,石头鱼,2024-11-17 17:35:45,陕西,彭其，彭德怀刘少奇，江醉章，江最脏，邬中絮云，无中生有？,P
0,豆毛妈,2024-05-29 09:08:34,上海,本书完成于1967年，真真是冒死完成了。很难想象在那个年代我会是怎样，一个邪魔的十年，但依然有温情在。无论时代怎么变化，人性从来没变，有些人性和人品是与生俱来的，但我也坚信邪不压正。本文作者偏向于写心理，大量的心理描写，写得细腻，作者也善用比喻，写得生动。,P
0,雨打芭蕉,2024-01-01 16:17:16,浙江,"中间一度读得我想放弃，因为那时代的人真的好悲惨哦，实在不忍看到更惨的彭其了。但还是咬牙给看完了。最后看到了作者写的1967年3月4日-6月26日冒死写，真的很有勇气。
很庆幸，现在的我不是生活在那时候，左倾真的很恐怖哦",P
1,Jasmine,2024-08-05 18:40:09,浙江,1976年写这些东西胆子还是太大了，没看到江醉章的倒霉结局还是觉得少了点什么……,P
0,堡循环奇男子,2023-10-24 14:06:55,北京,"作为对那段历史存有好奇的人，在阅读本书期间，我受到了很大的震撼。
从时代背景讲，在那样的时日里，人们被裹挟着，躁动而无法思考。进京串联、斗争会、因玩忽职守以致被台湾地区的飞机剃头... 这些久远年代的场景通过小说加以呈现。
从人物上讲，彭其、赵大明、江醉章等角色个性鲜明。其中尤其赵大明的迷茫与成长触动人心。在特殊年代下的人们，总在外在和内在的权衡判别中寻求出路。
再者，结尾戛然而止，留下待起飞的“工蜂”，使人浮想联翩。而最后作者落款写下“冒死写于文家市”，更令人感慨。
总的来说，管见本书的时代性特色极其明显，甚至其时代性色彩要高于文学性色彩，是一部读来不会后悔的长篇小说。",P
0,lindaesxy,2025-06-19 15:49:50,湖北,没有经历过那个年代的人看后只能是震撼，只能希望这些为了国家做了巨大贡献和牺牲的最可爱的人们能否健康幸福的生活，无论是以前还是今后的,P
0,曹溪寺,2025-05-31 00:38:46,内蒙古,我依然读不懂那段历史,P
0,不当胆小鬼,2024-11-19 19:22:57,广东,"我想那些年的教训就是法治社会以及教育对法的敬畏的重要性。不然，经济受困资源有限的后果就是灾难重演。
对于个人而言，主动性是最主要的动力源泉。",P
1,我只是笨而已,2022-03-09 15:05:36,,文革，望而生畏的词语，联想到路遥的文笔和亮剑的最后,P
0,啃不动的小蜗牛,2023-04-21 19:25:38,黑龙江,语言平实，感觉比起其他一些获奖作品文学性稍差一些，但是对当时的时代背景反映得很好，读着让人很感叹……,P
0,千与千寻,2024-07-23 11:39:27,安徽,文革应该是很多人不敢提不愿提不能提的一段往事，作者让我们了解了那个年代的疯狂和悲哀，点赞！,P
0,邵氏符号,2023-05-15 09:16:40,山东,对于想了解文革面貌的我而言，这本书比许茂和他的女儿们，比芙蓉镇过瘾,P
0,cassiel,2022-10-02 00:22:42,山东,前半部分进题太快，太跳了，结尾部分震撼，四面哀歌那一章非常有画面感，切身感觉到一团乱麻，高潮迭起，真应该有一部电影,P
0,不苟同,2023-05-29 10:50:08,重庆,悲惨的年代,P
0,大和尚,2022-11-12 21:27:39,辽宁,"挺不错的，坏人如江醉章邬中刘絮云范子愚等，读的时候就对这几个人很生气愤怒，好的像彭其胡连生等老革命、赵开发杨春喜朱大娘等工人农民战士、迷途知返的赵大明、将军子女陈小炮彭湘湘李小芽等，还有陈镜泉较难评价
美中不足的是小说结尾略显仓促，以周总理通知彭其飞北京作为结局，没有交待江醉章邬中刘絮云等人的下场(其实很期待恶有恶报的)，不过看到作者“一九七六年三月四日至六月二十六日冒死写于文家市”，也不能要求太多",P
0,Lessismore,2024-04-08 13:42:22,浙江,围绕着彭其这个人物展开续写文化大革命背景的故事，感觉笔触还是很生动的，故事没那么繁琐，人物刻画的也不错。,P
0,小宇,2020-07-22 15:00:43,,湘湘、小炮儿、小芽三位将门之后再经历家庭变故后的那份从容、彭其将军在被“打倒”后依然对生命生活那种乐观向上的精神打动了我。无论发生了什么，都要去从容的面对，波澜起伏的人生，逆境能够打倒一个人，更能磨砺一个人，在于怎么选择，取决于自己。,P
0,注定捣蛋,2024-02-06 19:30:43,河北,浅浅地深深地,P
0,狗子,2023-03-10 21:30:08,安徽,与自我斗争，批判或辱骂，践踏他的一切，让他陷入自我怀疑，思考后再次挺起腰背，继续迎接新的批判，是不被时代非自然“死亡”的诀窍。,P
0,计哥,2023-12-21 00:18:44,北京,结局是啥,P
0,随风潜入梦,2025-03-29 11:16:21,广东,历史教科书，人物刻画充满人性，很体现时代对人的影响,P
0,黑色大猫百特曼,2024-11-19 00:00:48,广东,中途因为很多wg的zz口号看不下去 但不能否认后续这部作品的好,P
0,赤名莉香的微笑,2024-04-25 14:58:45,四川,革命不是请客吃饭,P
0,精神科阮主任,2021-01-07 15:29:49,,"看的时候已然如此的不舒服了
当年经历过的人又是怎么样的呢
好难受爷爷去世的那么早
唉",P
0,豆友214243607,2023-05-30 12:20:24,上海,以前只是偶尔听说，看了这本茅奖书，觉得更加的了解了这段历史。,P
0,若伊.Mia,2022-11-21 00:11:44,河北,这本书看的很是心痛，因为这本书让我对历史开始感兴趣，也第一次直面“改革”。,P
0,春天里的太阳,2021-05-27 20:49:14,,茅盾文学奖,P
0,李妙森,2023-09-08 11:35:22,上海,不易提起的时代。。。,P
0,Faittle,2024-07-01 17:39:09,浙江,这算是我看过关于文革最详尽的著作了，之前在余华的兄弟中也看过，底层人民关于文革的挣扎及无力，但只有几节内容，却叫人深刻。但这部全篇都在讲文革，而且还在那样敏感的危险时期，哪怕站的再高战功赫赫，依然会被抱有私心之豺狼虎豹踩在脚下。看完我特意去搜索了这本书的写作背景，作者写这本书时，正遭受着这样的迫害，难以想象，作者躲在怕人发现的小格子里，是以怎样痛恨无助又抱有希望的心情完成的。写完只能用木板当封面封起。三个月作品即成。好歹这部著作面世了，茅盾第一届文学奖。作品是伟大的，作者是伟大的，时代也是伟大的。,P
0,Melody,2021-12-12 01:42:07,,还好吧,P
0,沄影视,2025-06-26 14:25:33,安徽,有着强烈的时代背景，希望能不再有这样的日子～,P
1,不想熟的山楂,2022-05-29 09:34:20,,《将军吟》感觉结束的非常突然，让人感觉故事讲了一半就结束了，这可能也是特殊的时代背景导致的吧，毕竟那个时代也不可以过分露骨。总的来说和《一百个人的十年》相比，这已经算的上非常温和了，毕竟在部队的背景下，还是有所节制的。但是作者是塑造的人物特点真的是十分鲜明了，每个人的人物逻辑都是合理的，而且通篇都是一致的，陈一直是犹豫的，赵一直是挣扎的，思考的，最终认清了这场闹剧的置身事外，而彭一直是坚定且强硬的，人物的性格真的是立体的。,P
0,fieryphoenix,2024-04-27 00:34:22,福建,很一般的书，人物好的很好坏的很坏，没啥合理性。而且把彭将军塑造得太好了，有点离谱，看来十年里面尽靠意淫爱党了。,P
0,💫雾锁瑶台 💫,2025-06-28 14:36:38,广东,历史的巨浪中 将军起起伏伏 将军的女儿们 擦干眼泪往前冲  阴暗的反派没有把将军打倒 困境中仍旧坚守本心 保全自己 是智慧的,P
0,布冷先生,2025-05-08 18:03:25,广东,将军犹在，吟叹世间，曙光终显？？,P
0,小鱼,2024-08-20 09:33:24,湖南,已听,P
0,老枪,2025-02-28 08:33:14,广东,"于动荡中洞察人性于时代
以军队视角切入，展现“文革”风暴对其的冲击。
 
战功赫赫的彭其将军，因反对吴法宪惨遭迫害，被绑架、批斗、囚禁、撤职，身心俱损，却如钢筋铁骨般顽强抗争。陈小炮于众人狂热迷茫时，保持清醒，坚守正义，以微弱力量对抗黑暗。赵大明从狂热造反派到幡然醒悟，内心挣扎转变令人动容。湘湘在父亲安危与男友错误选择的痛苦中成长，见证时代下年轻人的无奈坚韧。胡处长爱憎分明、脾气火爆，为彭其发声，是黑暗中的正义之声。
 
《将军吟》有遗憾，坏人未得惩处。但这或许更显真实，特殊时代正义伸张不易。想象中坏人的结局，给读者留下思考与希望，让人坚信正义虽迟但到。它不只是小说，更是时代与人性的史诗，虽有缺漏，却值得细细品味思索。",P
1,无人机设计师,2024-11-23 18:38:14,四川,花了好久看完了可以算得上漫长的《将军吟》，但其实知道，这不过是那个时代可以言说的极小部分。,P
0,阿星,2024-12-12 10:29:41,山东,不错,P
0,Zoey,2023-12-25 09:29:45,湖南,第一次正面了解文革！,P
1,lailai_9006,2023-08-06 12:51:55,浙江,"依次看了许茂和他的女儿们，芙蓉镇，将军吟。
恰好是这一场浩劫带来的农村、城镇、部队高层的面貌。。。
我只能说真的是一段光怪陆离的时光",P
0,Sakana,2023-03-18 22:16:38,内蒙古,大多小说写到文革那段历史都讳莫如深 三缄其口 历史书上也只是蜻蜓点水地叙述一下 只有余华的《兄弟》和莫应丰的《将军吟》让我真真切切感受到心痛 看完这本书似乎有很深的感慨 但只能写出来这些,P
0,顽皮小狗,2023-10-24 11:16:39,江苏,一部文革历史时期生活的真实写照，值得一读。,P
0,豆友V0gFT006zg,2023-08-23 16:39:11,福建,人性复杂，历史没有真相,P
1,38℃能热╁疯,2024-03-29 10:30:19,河北,读过一些书，发现文化大革命是一段绕不开的风雪横抑在中国历史上，它吹到平凡世界里的黄原，吹到庄重的穆斯林葬礼，吹到神秘的白鹿原，吹到雪山大地，吹到额尔古纳河右岸，但是，这些小说只是吹过，没有直面风雪的冷酷，《将军吟》不一样，它在风暴中睁大了眼镜冷静地观察，直面扭曲的人性，它应该被更多人看到，引起更多的警醒。,P
0,小可爱真可爱,2022-09-27 23:59:26,浙江,讲了文革时期 大将军被迫害的故事，作者蛮敢写的，据说写的时候就非常不容易，整本书看完让我觉得很难受愤愤不平,P
0,haruharu,2023-12-29 15:30:02,陕西,将军这个称号是集贡献、荣誉于一身的称号，而文革时期的将军们不再是“将军”。,P
0,豆友x7k-3z_nHY,2023-09-02 09:50:30,广东,一般吧，真觉得文笔一般,P
0,豆友vZi6NlBLVQ,2024-09-17 20:50:38,广西,文革真的是时代的山洪，气势磅礴，泥沙俱下，顺之者昌，逆之者亡，多少人被携裹着，身不由己，口不对心。,P
0,piu,2023-07-12 21:30:45,重庆,看的时候常常觉得，这是可以说的吗？这个名字是可以提的吗？这些事情都是真实发生过的吗？再就是作者对人物和场景的描写，出神入化，边读我的脑子里边在演紧张的谍战剧，跟随人物一起紧张，一起激动，看得非常投入,P
0,Pancho,2023-01-11 22:22:17,广东,小说不是小说，而是那个年代的写实，看的压抑，如身临其境一般，想从文学的角度了解那10年可以读一下，前提是前面你能读进去，开头写得并不好，不失为伤痕文学代表作了。,P
0,马腾,2025-02-01 14:54:49,山东,第一次读文革类作品，对那一段历史不太了解，但是此书让我知道那段历史的真实情况是复杂的，并非一句话可以概括的，也不是一句话能够定性的。,P
0,绝世大猛一,2023-08-02 04:59:34,广西,矛盾第一届,F
0,ethel,2022-10-01 13:13:33,浙江,读书群,F
0,渡我旷野,2022-10-18 18:21:09,江苏,有,F
0,灵均,2023-02-23 05:57:03,山东,“有些人，抱着那点黑材料，等着秋后算账呢”。,F
