点赞数,评论者,评论时间,评论位置,评论内容,评论类型
1,布布布考斯基🍬,2022-05-05 11:03:47,,小时候，大概是初中吧，辗转从我大姑的小叔子家里“拿”的，是我读过的第一本茅盾文学奖作品。,P
0,果樹,2013-01-19 10:13:35,,看过的文革小说不多，大多是借用了时代背景，并没有正面展现文革斗争的细节。这本小说填补了我对文革认识的空白。很不错的现实主义作品。,P
4,舒歌,2010-09-08 11:29:08,,投机者。,P
0,古越淳风,2023-08-12 12:23:05,江西,一个时代有一个时代的文学，作为反映文化大革命对军队冲击的角度而言，这部书值得细细品味！,P
0,小路,2025-06-01 08:02:25,广东,"彭司令总让人联想到彭大将军，而憋屈的陈政委应该就是周总理吧。
一个唐唐司令都被人这样玩弄于股掌之间，普通人就不用说了，可怕的人啊！更可怕的是，早请示晚汇报，控制舆论，用文斗，用灯照着不让睡觉…一切都是那么熟悉。
范子愚和邬忠一眼就能看出江最章是最大的反动派，为什么彭和陈要到后面才看清他的面目呢？歌唱家内心纠结，几度反复，为什么彭在医院里又突然能慧眼识人呢？一点都不合理。
斗陈斗李斗后勤处长斗夏主任，甚至斗范的场面都是几句话带过，斗彭的场面倒是着实描写了一番，却出了个知恩图报的士兵，带动了一群人在帮助他，只能说作者太善良了，而结果就是恶被掩盖了。",P
0,Jaui,2009-04-13 18:46:27,,作者的笔力是够的，某些描写也很好。但缺了点什么？[1993秋],P
0,FABL1,2021-12-14 03:36:47,,旧评：2.5，和丘可夫斯卡娅的索菲娅·彼得罗夫娜一样是“写于那时写于此地”的作品，但艺术性上差太多，无论是对势力纷争的简化还是人物对白的粗糙、不加裁剪都非常影响阅读体验，后者是直接影响，前者是越了解越影响。PS：勇气程度也不如，这本里直面“那时”的段落太少。/很多心理描写很细腻，但还是稍显冗余琐碎，同一届也写伤痕的冬天里的春天运用了意识流手法看着组织得更好。,P
0,陈先生的温柔,2024-11-03 18:21:01,湖南,逢迎文学,P
0,LXS,2023-09-12 09:41:53,广东,记录下来一个时代，人不人鬼不鬼，你不你我不我,P
2,惨绿青年,2020-08-19 22:29:59,,文革题材，军队高级将领当时受到的冲击。文笔现在看来很过时，大量对话，而那些文革式对话又毫无滋味，跟吃屎差不多，不明白为什么能拿矛盾文学奖，直到看到文末一句话，“一九七六年……冒死写于文家市”，凭这句话这篇小说的地位可以拔高十倍。,P
0,浅浅,2023-08-21 15:23:43,浙江,没看完，文笔不符合我的阅读习惯，每个人都好矫情。,P
0,坦途,2021-02-10 11:21:11,,我不太好评价,P
0,无言丶落寞,2025-06-23 16:03:49,四川,人物描写非常好！,P
0,bft235,2020-08-17 22:49:37,,过于脸谱话，非黑即白,P
0,皓水莫负,2021-12-10 10:27:34,,文革十年值得我们好好回味，并吸取教训,P
0,peter金,2022-01-19 19:33:49,,凭他直面军队文革，我给打八分,P
0,光之翼,2020-04-08 00:02:44,,这不是长篇小说。呵呵,P
0,伪文人,2021-03-05 20:33:41,,印象不深,P
0,樱桃小旺旺,2024-04-27 14:36:42,湖北,725,F
0,苗儿,2025-03-16 19:32:47,内蒙古,矛盾文学第一届,F
