78,乌有,2012-03-18 18:20:23,,文学史价值大于文学价值,P
65,女孩和三文鱼,2017-09-28 19:23:25,,挺粗略的，把一切问题归于四人帮，而我们就获得了对文革的观看和批驳的权力，可以借此置身事外，洗清自己身上的罪恶和伤痕，获得自我救赎。,P
56,饭夫斯基,2011-05-10 08:32:37,,好好的故事，最后效忠什么党，什么奉献，荒诞的是，最后的结局不是《我们》式的反讽，她是认真在这么表忠心的。,P
22,fcysgys,2011-12-13 21:44:42,,时代过去了，泪点也过去了。,P
16,独角仙,2018-09-20 05:01:11,,说什么结尾变态，如今的粉红连这都不如，人家至少还能感觉到自己确确实实受伤了。,P
9,Anthony,2019-10-20 16:06:54,,站在图书馆一楼看了展览的手稿版和文汇报发表版。非常普通的一篇大一学生习作，无论是“文学价值”还是“文学史地位”都来自特定的意识形态。卢新华除了这篇几千字之外再无拿得出手的作品，也是一个旁证。（这几千字也不怎么拿得出手……）复旦中文系走出的作家，卢新华和卫慧分别有力代表了八十年代和九十年代中国的主流意识形态，然而同时还诉说自己是“自由而无用”。,P
4,某芯禾,2018-05-16 22:52:54,,严重的思想内伤 充满恐惧衍生出来的那种被动的 难受的服从。,P
3,Booking2023,2016-03-19 18:32:00,,当代文学新时期开篇第一书。用家庭感情替代了国家的宏大叙事。,P
2,🍊🍅不足斋,2024-07-22 17:55:59,山东,"有意思的是，“伤痕文学”是从书写干部家庭开始的，不然就无法坐实f4反d+迫害老gm，它本身就是一种奉命文学，然后这面旗子就被目田接过去了，再用人性话语填充以后重开。
不过是胜利者摆出受害者的样子惺惺作态罢了。困在反修楼的人们，哪有机会留下什么文学？",P
4,Lilibet,2022-11-24 21:18:42,湖北,读到最后一页笑出声儿了，前面还痛心疾首地问“你说革命者会是一个完全没有感情的人吗”，后面又突然感谢害死妈妈和自己十年青春的罪魁祸首，决定紧跟党中央了……堪称滑稽。,P
2,Endless_Summer,2014-11-26 13:44:09,,简单的内在逻辑，不过也的确是那代人心境的写照。结尾处理不好，却也在情理之中。,P
1,伟大的乌鸦大人,2024-03-08 11:57:03,黑龙江,小苏的存在应该证明了或多或少的在批评晓华的没情感，但大体而言还是在帮晓华们减轻精神上的担子，把晓华塑造成被欺骗了的好青年。受众大概是同样心理知道自己有错，但又不肯面对，谁能帮自己摘出来便是伟大的晓华们。语言澎湃而造作。看似是反思文革的作品，但骨子里仍是一股子文革味，风格思想也被文革浸透了…到《枫》那样的作品才是真正开始反文革了,P
1,哪吒,2011-07-11 10:16:03,,时代造就。,P
1,张晓,2012-12-16 11:34:49,,一个时代的标志。新篇章的开端。,P
4,小晴读书后花园,2019-08-22 11:21:15,,"了解的史实不多，只说自己简单的印象：
把错误简单的归为历史使然，是否合理？
历史一直在推进，可相同的错误，在当今社会也一直在重演，是否需要反思？",P
1,淡淡的潜水艇,2019-04-14 13:22:48,,在同代伤痕文学中情感写得细腻，结尾的政治话语如当今电影结尾必加的字幕。,P
3,和平小智,2022-02-27 19:01:39,,什么样立场的人，打什么样的分数,P
4,ashu,2019-02-09 07:23:08,,出现的时间上的历史意义大于文学价值。最后落脚点又只是把所有过错往四人帮上推，肤浅了，但也是时代的局限吧。,P
0,milvaro,2011-04-13 22:24:40,,看封面它應該是連環畫啊，而且是上海美術出版社的，下面的標簽用錯了吧。WHATEVER，反正咱只會隨便看看電子版,P
2,蒋乔南,2020-04-18 21:02:07,,说实在的，这里面三个人物都刻画的很假，作者为了套一个主题强行编制一个剧情，里面不合常理或者说不通的地方太多，妈妈做了什么女儿完全不知道？男朋友可以提前陪在女朋友妈妈旁边？怎么联系上的？女儿说断绝联系就断了？说了平反就马上重燃亲情了？好假。,P
1,烏鴉的雪夜,2012-11-27 14:45:43,,学校湖边玻璃窗，坐暖气上读的,P
0,饭Henji,2009-02-26 12:58:22,,短文一篇,P
1,正正子,2011-11-18 12:12:53,,寫得不錯的作文，有點懷念那種小學的語調=o=雖然還沒有發展為長篇小說之類的，更像提綱。如果說淚流滿面的問題，我見到她媽媽死的那段略傷感，可能我一見文章里死人就傷感...它還是當時戳中的大家痛處吧，在那個神奇的年代...然後我對作者已經興趣全無了。over,P
1,九月,2011-04-27 15:41:43,,为什么现在看起来觉得很雷人……,P
2,青澄,2013-03-15 03:47:24,,触动人心，可是结尾的一抹红真是煞风景,P
1,生猛游水海伦伦,2016-03-08 20:49:12,,读的是网上的版本，读完之后，一声叹息。正所谓伤痕文学，哎！,P
0,Godzilla皮皮,2015-03-16 15:10:48,,看了卢新华的访谈再看这个会比较好理解,P
0,危地马拉食蚁兽,2010-09-19 23:13:26,,伤痕文学,P
0,寒色,2011-06-06 20:34:10,,我居然把这个书也看完了...,P
0,一苇.,2019-09-21 21:46:33,,体制下中间人的徘徊与挣扎,P
0,图图,2022-03-28 02:33:17,,文学史价值高于文学价值,P
0,kissmedeadly,2022-03-10 10:12:40,,《伤痕》,P
0,游园惊梦,2022-03-05 20:49:40,,这个结尾，我不知道该哭还是笑…,P
0,momo,2022-01-26 23:05:03,,时代的伤痕挺让人感动的，就是意识形态过于重了,P
1,Lightness,2021-12-08 22:29:34,,当时风头还没过去多久，能从漫长的洗脑中挣脱出来或者说抵御住这种洗脑，勇敢地表达已经很不容易了。,P
0,兰藻,2021-11-28 19:54:57,,网上找的电子版，结局略显突兀。想起家中经历过那个年代的亲人也曾发表过类似言论，或许生活本来就很荒诞吧。,P
0,。,2022-05-20 09:18:50,,结尾升华主题太生硬了吧,P
1,Falscherfisch,2022-11-15 16:27:51,北京,这结尾直接把我扔黄浦江里了。,P
1,Treacherous__,2022-11-16 20:30:06,广东,被压制的怨,P
0,一粟,2022-11-16 19:50:20,广西,"伤痕文学的诞生。其中经历了不少修改的过程，但是又有什么可以谈的呢?
我们总是对这批文学报以批评态度居多，庆幸还能这样，否则就剩下歌颂，不就更为奇怪吗?",P
1,百舌鸟,2022-12-02 23:39:59,吉林,我首次理解到了什么叫做历史价值的高于文学价值，写的实在是太次了，他的其他的部分都没什么，但是写的太次了，尤其是最后那段 妈妈呀，妈妈 实在是把我看得笑了，笑的肚子疼。,P
0,momo,2022-05-02 00:07:41,,是什么力量让骨肉不像骨肉，结尾的三句话着实多余。,P
0,雨眠,2022-10-27 02:18:29,湖北,恕我审美能力有限，我反而觉得黑白线稿版比油画版的这版好,P
0,Katryn蛋,2022-11-01 16:53:25,江西,更多的是关注特定时代下的个体，情绪化十足，但是局限性也很明显,P
0,波德代羊,2022-10-13 10:37:57,江西,伤痕文学的先声，斧凿痕迹过重，人们将未了的愿望在文本里实现更显得现实生活的残酷。看到百度百科里写的悲剧精神，我想，这是重新撕开伤疤的血淋淋吧。,P
0,顽皮的板儿牙,2022-10-17 15:08:15,天津,1978年发表，在暗合当时political discourse的意义上，是主旋律文学。,P
0,ImnotKoko,2022-04-19 11:22:37,,比《班主任》稍好，虽然依然是套路化的情节，却能在文本里触摸到时代的脉动，想起小时候听到那个时代的人讲述自己故事。,P
0,源心,2024-01-26 15:20:44,浙江,主旋律的，太主旋律的,P
0,仓鼠非鼠,2023-12-30 23:19:49,黑龙江,《伤痕》,P
1,生活百般滋味,2023-09-09 10:44:20,江苏,看到一个社会学观点（被打压的传统精英往往会以更生猛的姿态重新伸张他们的社会主导权和地位权里）才来看这本书的,P
0,不破之泪,2023-08-24 00:39:24,湖北,时代的伤痕也烙印在这篇短文里。当年审查的干预与现在不分上下，滑稽可笑的意识形态文字，是文革后遗症的佐证。,P
0,枕秋潮,2023-10-07 16:54:45,重庆,读起来很顺，描述了女主（王晓华）在母亲被打为叛徒后选择断绝关系退学下乡，但她发现这还是深深影响她的政治身份，包括影响了和他交往的男生（苏小林）的迁升。之后母亲平反，不等她们享受天伦之乐，母亲便去世了，好在她和苏小林重续往日之憾，重新在一起了。讲述了文革对人们关系的影响和对心灵造成的创伤。,P
0,林窗,2024-04-16 16:52:13,德国,文学史价值,P
0,小熊坛二,2023-11-18 19:34:27,广东,伤痕文学代表作，文学史价值远大于文学价值。,P
0,懷沙,2023-01-03 16:20:06,广西,2020年10月左右在讀。,P
1,Fabian,2023-04-20 09:55:11,福建,一个年轻人，无意间一脚踹开了伤痕文学的大门。挺有意思的,P
0,别季,2023-08-12 21:26:38,北京,晓华，你说革命者会是一个丝毫没有感情的人吗？,P
0,CURIOUSSO,2023-10-28 00:38:51,四川,泛泛。。。,P
0,雨山区大皮孩,2023-12-10 23:27:16,安徽,“黄浦江的水在向东滚滚奔流。她猛地一把拉住了小苏的胳膊，朝着灯火通明的南京路大步走去。”,P
0,各站停靠：,2023-04-06 17:26:52,安徽,这个结局……这很难评。文学史价值大于文学价值，我很难喜欢起来那个时候的大部分文学作品。,P
0,C332,2023-03-25 21:54:54,云南,文史意义通常盖过文学性。对70年文体最不适的地方就是xx高于一切，永远不会忘记谁戳下的伤痕还要为一个口号奉献终身。遗憾在反思的天花板就是把错误归给某类群体肃清组织队伍这套说辞了。,P
0,白浩墨叫清扬,2019-04-19 15:43:20,,当年为历史意义打5星，现在还是改回它应有的位置吧,P
0,Harrison,2023-01-16 15:37:52,黑龙江,烂,P
0,不语,2023-01-12 00:27:27,江苏,难评,P
0,想有一条狗,2024-09-23 10:10:20,安徽,辛美,P
2,acucodni,2020-02-26 19:54:26,,"一开始我不懂为啥晓华转变那么快，以为是技法太粗劣，或者强行拔高，表现出对党对国家的爱，结果人美心善的老师为我们提供了另一种可能：主人公是思想已经被扭曲，被洗脑，被同化的年轻人，她还说：“你们也可能是这样的人，在时代中犯过错，最后把全部错误推给少数人的青年。”
是啊，所谓乌合之众，就是我们。",P
0,南亩那儿扬花,2021-04-07 19:05:22,,文学价值..,P
0,kitaroguazhou,2019-04-03 17:42:01,,为“伤痕”出处找来看，然而这样的文字的确令人有一丢丢失望。,P
0,Q,2019-08-22 11:31:52,,中国当代文学作品选,P
0,灿烂千阳,2012-08-09 22:37:26,,如果这就是那个年代的顶峰之作，那么我为那个年代感到悲哀,P
2,旺旺碎冰冰,2020-03-31 15:19:09,,从对四人帮的批判到最后女主突然宣誓般说到效忠党，有点突兀。,P
0,。企鹅同学,2011-06-06 17:54:37,,狗血。,P
0,小木独钓寒江雪,2017-04-09 14:48:51,,肉体的鞭笞和精神的荼毒,P
0,PABLO,2014-11-10 22:03:35,,这个马起来方便点,P
0,木千山,2017-01-01 16:47:48,,这个结尾我也是醉了,P
0,宥、,2016-09-08 10:14:45,,不太懂伤痕文学的路子,P
0,蓝湑樛,2019-11-09 16:04:52,,文学史意义大于作品本身,P
0,野原新之助,2016-12-06 13:57:28,,伤痕文学,P
0,夏本儿,2019-07-23 19:41:20,,不如班主任。个体情感的重返。,P
0,blue,2014-02-14 15:13:55,,心灵的伤痕与归来的歌,P
0,天天愉快,2019-08-22 00:15:24,,补标,P
0,雪婴,2020-07-13 00:10:10,,一般网络小说的水准吧 还要高一点   至少比刘心武的班主任好一些 有文采一些 政治我真是不感兴趣٩(๑òωó๑)۶,P
0,披着狗皮的猪,2020-05-14 10:36:17,,非常认同这一点：文学史价值大于文学价值。虽然都说精分，不知为何在我读来却好像是读来让人心惊肉跳的讽刺。这可能和文本接受有关，文本所处的语境变化了。也可能，就是我的理解不到位吧。/我又再读了一遍，我懂了，我觉得我的读后感很危险⚠️,P
0,🍊,2021-03-04 01:43:35,,2020年的秋季学期,P
1,繧,2018-10-19 15:01:03,,“妈妈，亲爱的妈妈，你放心吧，女儿永远也不会忘记您和我心上的伤痕谁戳下的。我一定不忘党的恩情，紧跟******，为党的事业贡献自己毕生的力量！”（？）,P
0,冬青树,2018-06-05 16:11:53,,小学的时候，从三轮车旧书摊上买的小人书。其实，长大了再看，妈妈没有女儿做的梦里想的那么可怕，都是女儿自己想像的，反而可怜的很，瘦骨嶙峋的。那个一切都颠倒了的时代啊。,P
0,flaneur,2020-02-23 14:32:52,,现在看来很普通。虽然想要批判，但是缺了愤怒、尖锐，是被驯化出来的特有语气。背后还有被改稿的内幕。文学史意义。,P
0,蝙蝠與告別者,2018-01-30 00:46:43,,「傷痕文學」以此為名。盧新華隱去歷史真相的殘痛面，對「苦難」本身都蜻蜓點水而過，而著眼於母女之間的感情波折。對母親「愛」與「恨」交織的曉華表面毅然決然，內心卻擺檔不定。但盧新華把此段歷史照應寫得「不痛不癢」，曉華到最後也沒有真正去「回頭認識」，缺乏深入的自我反省和思考，流於表面。,P
0,天空之蓝,2019-09-12 01:39:43,,高耸入云的浪漫舞台效果,P
2,耙耙柑,2020-03-11 08:55:13,,"抱歉这两天非常暴躁……我开始了

真他妈的一好好的故事母亲被迫害死了最后弄了个“我一定不忘党的恩情，紧跟党中央，为党的事业贡献自己的力量”。这竟然是从母亲的死中得到的启示?真他妈的文革给人洗脑，不仅是里面的晓华，还有作者卢新华，还反思伤痕?结果最后又回到了歌颂党中央?",P
1,FermeFaon,2019-04-15 22:32:48,,重读 颠倒黑白的年代,P
0,拙贝,2016-04-05 16:51:01,,召唤家庭的亲情，人性论,P
2,言兼之,2019-11-09 19:27:20,,这是只有年轻人写的出的文学,P
0,三周華不注,2019-02-17 01:37:40,,印数30w嘞。,P
0,tuna7,2021-03-26 09:22:27,,虽然被感动了，但是感动的点在于一位母亲对女儿的爱和女儿最后的悔悟。但不管怎么说，写的有点虚伪。,P
0,april,2019-12-17 11:25:25,,有美化伤痕的感觉，过去的并不是随随便便都能过去的,P
0,麦克默多的浮冰,2019-03-19 20:54:51,,"""妈妈，亲爱的妈妈，你放心吧，女儿永远也不会忘记您和我心上的伤痕谁戳下的。我一定不忘党的恩情，紧跟******，为党的事业贡献自己毕生的力量！""",P
0,观千月,2021-03-26 16:27:20,,...唉。还不及《班主任》。,P
0,蓝精灵🍓,2020-10-21 21:14:59,,不评,P
1,Farolito,2019-03-28 19:02:22,,"好久好久，她抬起头来。她的苦痛的面庞忽然变得那样激愤。她默默无言地紧攥着小苏的手，瞪大了燃烧着火样的眸子，然后在心中低低地、 缓缓地、一字一句地说道：""妈妈，亲爱的妈妈，你放心吧，女儿永远也不会忘记您和我心上的伤痕谁戳下的。——《伤痕》
我坐在园中靠椅上，品茗阅报，有百花相伴，暂且贪享人间瞬息繁华。美中不足的是，抬望眼，总看见园中西隅，剩下的那两棵意大利柏树中间，露出一块楞楞的空白来，缺口当中，映着湛湛青空，悠悠白云，那是一道女娲炼石也无法弥补的天裂。——《树犹如此》
不同政治下两段截然不同的伤痕。",P
2,堂吉诃德砍风车,2018-05-21 21:06:00,,这个短篇让我想起，邓小平评价一系列伤痕作品 ‘哭哭啼啼，没有出息’。,P
0,小蒋啊,2019-11-05 20:12:31,,以阶级定罪一直是我最看不得的主题之一，仅此一点，便已伤痕累累。,P
0,momo酱,2021-03-29 14:02:17,,"她默默无言地紧攥着小苏的手，瞪大了燃烧着火样的眸子，然后在心中低低地、缓缓地、一字一句地说道:""妈妈，亲爱的妈妈，你放心吧，女儿永远也不会忘记您和我心上的伤痕谁戳下的。我一定不忘党的恩情，紧跟毛主席，为党的事业贡献自己毕生的力量～""
夜，是静静的。黄浦江的水在向东滚滚奔流。忽然，远处传来巨轮上汽笛的大声怒吼。晓华便觉得浑身的热血一下子都在往上沸涌。于是，她猛地一把拉了小苏的胳膊，下了石阶，朝着灯火通明的南京路大步走去……",P
0,Maeve,2021-04-22 10:49:38,,结尾突如其来的恨意却被对党的衷心盖过去了，这种不符合一般人思维模式的强行歌颂党的做法，让人失望,P
0,komo,2021-03-28 08:05:45,,隔了时代 感动变成了什么呢,P
0,松木梯子,2020-02-14 23:43:49,,将错误归咎于“四人帮”，依旧维护抽象存在的正义性。并未有真正的反思，停留在了迫害与被迫害的表层，即使母亲活着，裂痕也难以消弭。——不但是事实层面的，也是意义层面的。,P
0,起松声,2021-04-24 14:58:32,,最后两段－⭐,P
0,珞英,2021-05-10 20:33:34,,是文学史价值而不是文学价值，心上的伤痕，时代的心灵印迹。结尾认真的“一定不忘恩情”是构成某种政治的反讽,P
0,沉默如海郭芙蓉,2019-05-05 11:18:08,,妈妈去世了，女主角这么难过，最后还是要充满希望地走在南京路上，真是一条光明的尾巴。,P
0,雨天的蚯蚓,2024-06-11 01:23:49,河南,信任文革的王晓华因为母亲的政治问题，被阻断了发展渠道，与之决裂，最后醒悟那不过是造反派的污蔑，然而为时已晚。反思文革，也反思国家机器对家庭情感的伤害。问罪四人帮，但并未触及问题的实质，只是在表面进行了控诉。结尾留下一个光明的尾巴，歌颂体制，用改革开放阻断对文革更进一步的反思，由此完成在主流秩序中的身份建构。,P
0,暖雪,2024-09-11 12:59:15,江苏,这结尾真是把整篇文章提升到了一个本没有的“高度”。“我一定不忘记x的恩情，为xxxx事业贡献力量！”——荒谬而幽默。,P
0,Phoenix777,2025-03-16 13:42:48,北京,母与女，一声叹息,P
0,Koryol,2025-05-11 01:11:40,四川,现当代的伤痕,P
0,六等星,2025-03-26 15:39:49,福建,比《班主任》好。这些伤痕小说给我的感觉就好像卢新华开幕描写的那一帧：镜子中的黑眼珠不自觉地滚过点点泪光，却要马上神经质地环顾四周，害怕被人注意到。想审视伤害和疼痛，却不敢大声地呼喊，只好顺着时代的声音宣泄，再装作若无其事地写下那些积极昂扬的“新口号”。,P
0,Facetten,2025-04-23 11:02:29,浙江,人被牵着往自己痛苦的黑暗一面走去，真是恐怖。怎样的时代，人被教导要恨父母，远离一切，与长久以来的儒家思想完全的违背，从开始就逐渐背离的五四精神。文学史价值大于文学价值,P
0,刘朴岩,2025-05-19 18:06:33,广东,别的不说，这种雷人的亲情叙事甚至延续到了世纪初的影视剧作品中,P
0,serendipity.,2025-05-15 23:45:40,浙江,伤痕文学是非常具有时代性的一种思想潮流，可我觉得至今除了文学史意义以外，还可以有共识性的一些外延。,P
0,Giselle,2025-07-02 10:22:08,河南,"《伤痕》
《高洁的青松》",P
0,和田玉,2025-06-18 21:32:49,浙江,"很多人说烙印重、表忠心，但这样的闭环更能体现一种病症：活生生的人被伤害，活生生的人只能忘掉伤痛跟着时代走。其实基调是不变的，主题还是得叫“伤痕”。你被迫忘记了——你受了伤，潜移默化变得更麻木更随波逐流——但你只好被迫忘记。
别说是那时的书写，哪怕是自诩有高见的此时的批评，又还能怎么写。",P
0,刺桐野鹤,2020-12-25 14:01:48,,怕是被改得面目全非了。,P
0,钱列宪要发言,2021-04-20 00:23:05,,文学史价值大于文学价值,P
0,金鱼k.,2019-04-25 16:41:29,,虽然是很套路的剧情，但还是有些令人感动，也很大程度上可以反应一些历史问题。,P
0,诚实可靠小郎君,2011-03-01 21:57:23,,我没有经历过，好在，我的父母经历过。,P
1,亦溦,2020-03-18 09:10:24,,感觉到的更多是情绪的莽撞和语言的幼稚，但是在粗糙的表面之下，能够看到文学先锋者在试探禁区。,P
0,Mojito,2025-03-21 14:08:46,浙江,"最早的伤痕文学本质谄媚文学，结果却被几十年后的人们当成批判文学来评价，属实是讽刺
某些人认为的伤痕文学：使劲抹黑某段时期，把这段时期说成石器时代
实际上的伤痕文学：不忘党的恩情，紧跟党中央，为党的事业贡献自己毕生的力量",P
1,淮海张三,2022-01-08 11:00:30,,上山下乡就是迫害，就是受苦，那几亿农民算个啥？知情受苦的前提是农民活该受苦，河殇派源头之一，特权阶层的无病呻吟，中文圈的傻缺真多,P
1,～,2019-01-10 22:45:23,,徐文丽那么喜欢的卢新华，他们那么崇拜的《伤痕》呀，那句他们一遍又一遍重复朗诵的激昂的句子，可能只有经历过的人才懂那伤痕的烙印－,P
1,Seher💭,2020-03-05 00:00:47,,"""妈妈，亲爱的妈妈，你放心吧，女儿永远也不会忘记您和我心上的伤痕谁戳下的。我一定不忘党的恩情，紧跟毛主席，为党的事业贡献自己毕生的力量！""
开篇《青春之歌》的痕迹太明显了，然而模仿有限并不深刻，在于本来《青》也落入了俗套；姑且不谈小苏的设定有多奇怪，晓华实在是一个我见犹悲的“女同志”，大义背亲，个人决定主动让路放弃与苏的感情，看不见形象有多光辉，最后的高仰基调更是令人诧异。这到底是在“伤痕”什么呢？苦痛于自己的思想觉悟还不够高吗？无用的反思。",P
0,乌鸦炸酱面,2022-08-30 23:11:03,北京,历史意义大于文学意义，情节推进依赖巧合（e.g.无意中看到爱人日记，现在二流网文也很少用的狗血了啊喂），整体结构和语言形式没啥新意，但最后母亲死亡那个地方确实伤到我了,P
0,Hortensia,2018-05-07 15:08:14,,难以忘却，难以平复，写的真情动人，好好警惕那个时代。,P
0,reloadream,2018-02-20 14:35:02,,叙事方式很喜欢,P
0,波克,2024-11-08 22:03:56,浙江,短片小说。开启伤痕文学，在那个年代喊出了当时青年的内心矛盾与痛苦。,P
1,黑犀牛瓜子,2022-03-09 23:05:48,,结尾有点突兀,P
1,Mélodie,2017-11-21 10:37:49,,血统论(母亲成了她的原罪)，与叛徒妈妈断绝关系上山下乡，家庭枷锁连累她的入团和她爱的小苏，等平反后妈妈因心脏病去世，临走没来得及见上女儿一面，戏剧性的悲剧和一代知青的伤痕，亲情(家庭伦理)、人性在革命名义下的被摧残与泯灭。政治伦理优先于道德伦理，很难说谁是彻头彻尾的好人和坏人，就像芙蓉镇中满庚哥在对党说真话的同时又辜负了自己的女人。母亲的信中感情(想见女儿)＆理智(冠冕堂皇的政治保证)的分离。光明的尾巴：男朋友在政治前途与爱情中选择了爱情，伤痕中的另外一道伤痕，削弱悲剧力量(＆鲁迅《药》结尾的花环)。,P
0,郭彦华,2020-01-30 15:18:50,,"流着红白之物的伤口，痊愈后，是个树瘤,雕上花，是个艺术品。",P
0,金风玉露一相逢,2021-03-20 14:12:55,,结果最后还是在歌颂,P
0,黎温,2022-03-04 00:22:22,,网页上评论区还在科普为了能出版做了什么努力，到了软件里就剩下内容不可见。这是1978年的春天。,P
0,胜,2021-01-02 20:27:14,,就史论事，很真实地反应了当时人复杂的心态。,P
0,缓缓过河,2021-11-09 11:08:30,,同样的，文学史意义远大于其文学意义。我个人并不喜欢这样的情节走向和结尾设置。九年的撕裂纠缠，痛苦不堪，轻飘飘被“粉碎四人帮”定案。母亲九年受折磨间接殒命，女儿九年的复杂情感，这期间多少爱与恨，恩与怨，最后却都归结于与她们的生活毫无直接交集的帮派上？至于女儿，将其放在大历史环境下，我们无法对其进行评判。但是作为时代之外的局外人，纵然我能理解她害怕被瓜葛而远离母亲，也始终无法认同。为了所谓“名声的清白”而把生养你的人置之身外，九年不曾联络，能有这样铁石的心肠，想必不全是时代的过错。在母亲的遗体前，不知晓华能否抛开借口，有对自身行为的悔过。,P
1,无,2020-03-12 13:28:43,,短短的小说 女儿因为“叛徒妈妈”逃离家，逃离她，为什么自己没有一点思想，女孩可是父母捧在手心里的珍珠，因为政治问题.......这个是大概是时代的悲剧吧。亲情在阶级斗争面前是如此的不堪一击，到后来，女儿回去见母亲，错过了，在病床边的哭喊，九年的分别再见已是永远的别离。伤痕，那个时代，历史带给我们的伤痕。,P
0,[已注销],2020-01-06 11:06:48,,,P
0,泽山,2017-05-22 16:31:21,,结局的歌功颂德实在不和谐,P
0,老天使,2020-07-12 16:17:28,,"王晓华的母亲在文革时被四人帮污蔑叛徒。王晓华与母亲断绝关系下乡改造。后来母亲被平反了希望与王晓华相见。王晓华迟迟未动身，最终赶到上海时，王晓华的母亲已经去世。王晓华发誓效忠党。
（结尾我感觉是个败笔）",P
0,短亭别酒,2023-03-04 15:31:15,江西,从网上下载的一个电子书，具体是哪个版本并不清楚。用微读看，排版确实杂乱。龚合国的命运似乎是历史的必然，作者作书似乎不是为了怀念，也不是为了指责，而是为那些坚持正义的人而发生，助燃中国的火种。我也不知道我理解的对不对🤔,P
1,落璃,2018-06-19 10:30:52,,一个时代的文学。,P
0,冰雨滂沱,2021-04-20 20:35:25,,都已经过去了，但不能否认它对那个时代的意义，其自身的缺陷就恰如其分地反映着主题本身。,P
0,分裂,2016-12-06 12:51:35,,连个故事梗概都算不上,P
0,绿影扶疏意味长,2019-02-23 13:19:57,,从文学作品角度来讲，这实在不是一篇优秀的小说，叙述甚至有些幼稚。但这篇小说和刘心武《班主任》又确实为中国当代文学的发展捅开了一个缺口，一个可以开始大胆诉说时代对人的巨大伤痕的开始。文学史价值还是不应被忽视。,P
0,落。,2013-04-15 16:38:41,,短篇。都很一般，不过是伤痕小说的代表。读完觉得诧异，痛心，悲伤。,P
0,大屁王,2014-06-25 11:43:07,,看过问个的文章，会觉得没有灵气，像一沟死水。唯有《伤痕》之处，感觉到了意思情感与灵动。但总体而言，问个时期的文章，自己是实在不喜欢。,P
0,Estellee,2013-08-12 08:58:24,,就事论事的话很一般就1星吧。鉴于伤痕文学加一星。,P
0,吞云吐雾狮子兔,2024-04-17 13:38:51,新疆,伤痕文学的开山之作。,P
0,0+い鈊︷o聲,2011-05-05 11:56:31,,那些回不去的地方。。有一个你永久无法弥补的过错。。,P
0,二六转流水,2019-04-09 23:57:28,,非理性的时代,P
0,安之安之,2019-11-01 14:26:18,,"既有伤痕，也有""爱是不能忘记的""。",P
0,我城,2024-07-06 22:50:47,广东,看完有点惆怅，看了眼这篇写作背后的一些故事，更愁了，真是伤痕呀,P
0,我是猫猫,2023-03-05 00:55:51,辽宁,奠定了伤痕文学的两大基调：将文革的错误完全归咎于“四人帮”；确定了历史的主体和主体的历史。这样以来，文章结尾就不难理解了。,P
0,MIZU,2019-11-12 19:41:38,,无语！！！母女的感情这么容易割舍吗？太容易被耍了(;•͈́༚•͈̀),P
0,Екатерина,2021-04-11 10:09:41,,"3.8分
时代印记",P
0,川烨,2020-06-15 17:11:51,,当时在新院院庆时图书馆展览里看的1978年8月版的《文汇报》，发现一个冷知识:报纸原本用的是二简字，从1977年12月20日开始试用，到次年9月废止使用，《伤痕》刚刚赶上了这趟二简字的末班车，好在二简字非常好认，并没有影响阅读。,P
0,书梨梨,2022-12-18 21:14:38,重庆,(2020.7.3),P
0,盗贼阿渡,2019-04-10 12:35:11,,结尾令我哭笑不得,P
0,你好忧愁,2018-02-07 09:31:29,,把结尾当讽刺看的话其实挺好看的,P
0,吴妮玛,2018-03-07 23:45:05,,时代印记,P
0,星回十四,2022-03-07 20:50:09,,看得我痛哭流涕，我对母爱的作品真是泪点超低。讲的是王晓华因为有一个被打成叛徒的母亲而与家庭决裂，独自上山下乡，九年不归家。在辽宁省的农村遇到了心爱之人小苏，两情相悦，但又因为自己的家庭自卑怕影响对方而分手。九年后，四人帮终于被打成右派，妈妈也被平反，王晓华也读到了九年来的第一封信。当她满怀期待想投入妈妈怀抱时，却发现妈妈受尽了身体和精神的双重折磨，支撑不住，竟然就在前一天晚上去世了。看完之后，深深的共情，作者的文笔流畅，写出了感人至深故事，这边主要是从家庭情感上讲四人帮造成的伤害，让原本最亲的人反目成仇。四人帮对人民造成的伤害是永远都无法抹除的，永远不要忘记“伤痕”是谁造成的！,P
0,制作花束的欲望,2021-03-27 10:46:41,,那晚 我们聊到的伤痕文学,P
0,漏水盒子,2023-10-24 17:59:00,湖南,比班主任好一点,P
0,应物生,2023-08-05 16:30:04,北京,只能说是伤痕文学开山作，从中可见伤痕文学的大貌以及式微的原因。,P
0,行行重行行,2021-03-17 09:13:39,,看到结局之前就觉得女主角的妈妈活不了……,P
0,晒焦的一双耳朵,2024-12-17 15:23:12,山西,这不就是后面的《归来》么,P
0,metallica5,2012-06-23 17:14:06,,哪个年代的伤痕,P
0,起名嘎难,2021-10-31 16:38:10,,大家都说很生硬，我也就也得这个时期的文学大都比较生硬，可是我在看这篇的时候哭了，感动到我了，可能因为亲情是超越时代的吧。,P
0,潇潇暮雨,2020-02-28 16:14:50,,确实是文学史价值大于文学价值，或许我们都不能以现在的心境去衡量那时被归在格子里的思想文化，那是在规律而单调的时代下的产物。,P
0,momo,2020-05-04 08:50:00,,挺粗糙的故事，但胜在文学史价值,P
0,水长东,2021-09-05 12:43:47,,思想对人的伤害太深了！,P
0,草莓救星,2018-04-26 09:08:09,,什么时候意识形态不再介入文学作品，什么时候才能有真正的好作品。,P
0,做阵风,2018-05-27 20:07:37,,额…,P
0,Javen,2016-11-13 13:18:50,,第一版是1978年12月的，参见：http://blog.sina.com.cn/s/blog_148150c630102vsbs.html。小说则是同年8月11日在《文汇报》发表的。开启了伤痕文学、伤痕美术的短暂潮流。同样的还有一年后的小说《枫》及其同名连环画改编，也是文学与美术的结合。不同的是，此本是线描连环画，而《枫》是水粉连环画——画《枫》的李斌等人应该也绘制了《伤痕》，不过没有看到，猜测也是水彩。这本书的连环画采用线描，既是中国古代绘画的白描传承，也具有新中国成立后连环画创作的背景脉络。如今，无论是线描连环画还是水彩连环花，都已不再。全新的时代了。,P
0,小城之春,2022-03-27 00:56:16,,搜狗百科上读完的超短篇，拯救我的中国当代文学presentation。2022年读到的打码真的完全行为艺术：在这封信中，妈妈只想告诉你，在******领导下，我的冤案已经昭雪了。哈哈哈哈哈。,P
0,已注销,2017-03-24 13:23:48,,结尾。。。。一口老血,P
0,甜豆包（toto馅,2020-04-24 20:07:14,,《青春之歌》式文笔。主题还是好的，就是表达方式无能接受。,P
0,殳缶,2018-07-17 09:56:28,,"王晓华、苏小林
比《班主任》好看",P
1,暴风之翼,2019-07-29 05:52:12,,伤痕文学代表，如果一个你最信任的人深深的欺骗了你，改变了你九年的生活，使你断绝亲情关系，当他向你认错，你会旧事不提和好如初吗？,P
2,橘子,2018-01-09 10:23:44,,作者的结局是妥协的，他意在描写现实对人的压迫，但避重就轻，没有将手术刀扎在病源处。这样的文章不如不写。我有点恶心。,P
1,Nekosekko,2019-01-25 01:17:41,,对问题本身的理解错了，解决问题的方法也错了。故事有些没头没尾的，关键在那段时期吧。,P
1,抱走小蚂蚁,2020-06-03 17:00:59,,伤痕文学就是矫情。,P
1,Bed Ending,2021-03-30 11:24:48,,它的悲剧不仅在于故事本身，还有它的诞生、修改、发表，甚至作者的人生轨迹，都带着荒诞的讽刺意味。时代是什么、人性是什么，人真是种残忍的生物,P
0,无始无终,2020-02-29 12:17:09,,和班主任完全不同的视角,P
0,不跟笨蛋说话,2019-04-30 23:11:04,,时代烙印实在太深,P
0,漂泊,2008-12-18 18:42:48,,伤痕文学,P
0,终结者,2012-04-14 19:33:59,,“伤痕文学”。简语叙述一个知青的故事。虽现在读起对于未知的我们并不深刻，但对于曾经经历过那段岁月的人们来说，却是引起共鸣之作。历史需要被记录与述说，否则我们不配在这个世上。,P
0,不想起名的自由,2023-10-10 09:58:18,湖北,虽然评价把这本书贬的一文不值，作者写的也确实粗糙，但作为开启一个新的文学阶段的作品，还是很不错的。,P
0,cc,2011-10-22 12:17:50,,文革，下岗...中国人民经历了多少次阵痛，付出了多少代价，然而现在还是没有任何欣慰的收获，剩下的只是麻木,P
0,momo（蹭饭版）,2023-03-30 17:49:25,湖北,结尾某句话可以直接掉一颗星,P
0,碎碎念。流年、,2015-10-13 21:42:39,,时代的伤痕,P
0,Clio,2022-02-27 23:36:29,,本来只想说一句伤痕文学由此而来，但抛开某些因素，就故事本身来说，代入感让人流泪…,P
0,秋白,2018-03-28 17:15:11,,……,P
1,热心市民菜菜未,2020-02-29 21:39:08,,青年期多重要！价值观养成多重要！,P
0,懂事的伸缩号,2019-04-27 22:49:03,,有点魔幻？有点理想主义？,P
0,于祂,2021-04-07 16:36:21,,故事还是很清楚的…最后回家结果没有赶得及见到妈妈的那段很感人。但是看完还是有种什么鬼的感觉……难道有问题的不是那种畸形的心态和氛围吗…………什么都怪4……,P
0,罗西与苹果酒,2017-05-22 18:52:42,,时代局限性太强了,P
0,流放世界,2020-04-15 22:33:03,,怎么说，伤痕文学确实不一定需要我们感同身受，只是记录当时的生活和被迫害的人，我们需要看到的是迫害仅仅只是四人帮吗？为什么那个时代出身论被钉在十字架上，又或者说为什么最后聊表忠心的话现在看来这么刺眼，被迫害的人究竟意识到自己到底被剥夺了什么吗？这样的问题是带来思考的，所以我对于具有参考价值的书，还是保有感谢。,P
0,谁正在意外死亡,2020-05-20 08:59:32,,"赶上了时代潮流的一本书，本来我是想看《伤痕》，结果看完了《伤魂》才发现看错书了，哈哈哈。
读完觉得母亲真惨，小辈真蠢。
让我回忆起了外公外婆的故事，外公现在还在责怪外婆呢……",P
0,沣了,2025-01-15 20:54:39,广东,历史自有公断，致敬。,P
0,我看到你了,2024-10-31 16:01:01,四川,我们直到现在好像都少了对自我的审视，我们的自我被剥离了。,P
0,云卷云舒,2019-10-01 16:54:18,,同意“文学史价值大于文学价值”,P
0,豆友4YZi_Z4cRk,2023-10-08 21:10:56,四川,最感动的地方在于母女间天人永隔，果然苦难是拥有穿透题材的力量，并使人动容,P
1,星巴可比克,2020-01-02 18:43:12,,2020年的开门书籍。感染力是有的，图书馆坐着看的眼泪直流，但是结局总令人眼泪有点尴尬的意味,P
0,momo,2020-03-05 22:15:31,,如题目一样，是文革带来无法弥补的伤痕，其中有写对王晓华爱情带来的伤害，主要还是亲情上无法弥补的伤痕。母亲被冤枉成“叛徒”，王晓华信以为真，断绝关系，以母亲为耻辱。而九年后母亲被平反，可王晓华竟连母亲的最后一面也未曾见到。,P
0,呼呼憨憨,2023-03-17 11:57:31,辽宁,从我朴素的情感来说我不能理解王晓华。。。,P
0,熊猫奶盖,2017-10-25 20:37:43,,还是很戳泪点啊 这个世界不是非黑即白的,P
0,please,2020-04-24 23:37:09,,一个时代过去了,P
0,R.  right,2017-02-28 10:59:27,,"亲情、爱情、友情的隔断，造成了成长过程中永久的心灵伤痕。
四人·帮  迫害力和洗脑力成正比啊~",P
0,韦夏天嘿嘿嘿,2023-02-18 16:14:48,广西,哭哭啼啼真没出息 ，不知如何说想，只能说这类的文学的确给西方提供了一大堆攻击x的 糖衣炮弹,P
0,Lucas,2021-06-09 17:12:11,,"看得好难受，但愿这样的日子不要再有。
最可怕的是，我们现在觉得很荒谬的情节，就是那个年代的人最真实的想法。",P
0,短暫,2023-05-09 04:55:24,山东,时代的伤痕，没有价值的矫情,P
0,Jessie,2019-10-21 11:43:14,,挺感人的。,P
0,你听,2017-05-31 16:10:20,,最后一部分wqnm。浪费了这文笔和故事,P
0,N,2015-09-02 19:30:21,,意料之中的故事，但真实的感人。,P
0,卑微小赵,2021-04-19 14:34:48,,文学史价值大于文学价值。可以感觉到是男性作家写的，描写女性的笔墨很显粗糙，打比喻也就大不出那些个水蜜桃、白绸子之类。,P
0,这样的好天气,2019-10-16 18:23:26,,朋友推荐来读，结尾是什么意思？讽刺吗,P
0,雨雨,2020-02-27 17:50:22,,这本书教会我：不能像王晓华那般固执单纯，要相信自己的眼睛和心。,P
0,半生.,2023-05-23 08:04:17,天津,无能 政治性功能,P
0,进修的肚子,2023-04-17 11:30:59,安徽,本来以为很宏大 但其实很柔美（哀？,P
0,马,2022-05-07 10:27:52,,深刻，有力，感人至深,P
0,一颗咸蛋黄,2020-02-19 23:41:53,,子欲养而亲不待，阶级阻隔了亲情,P
0,仲夏夜,2024-11-20 11:32:22,重庆,属于是很老套的剧情吧，误会母亲，离家出走，没能见上母亲最后一面而留下遗憾。但是也能感受到文革时期对人们的迫害。,P
0,小甜甜,2024-12-31 21:47:28,上海,我能感觉到作者大概是只敢写到这个程度了 再多余的话不敢讲了 非常好的一个短篇,P
0,你房间的月亮,2017-04-10 15:07:22,,"现在来看有点用力过猛的感觉
但回到那个时代，确实是振聋发聩的一次呐喊
很真实，很直接",P
0,小鱼,2017-11-08 11:33:24,,伤痕文学代表作品。,P
0,吃土豆的果粒橙,2022-05-20 21:36:21,,"晓华，既是故事的女主人公，也是一位被污蔑成政治犯的女儿。母亲因为受到四人帮的迫害，变成了一名政治犯。因为母亲的政治问题，晓华被同学排挤，受不了这种身份的压迫，她选择了离开学校，离开母亲，选择下乡，断绝和“政治犯”母亲的关系。
      政治犯家属的身份，阻碍了晓华的入团，也阻碍了她自由恋爱的脚步：因为自己的身份，恋人苏小林不能调任。这更让晓华难以接受母亲的身份。
     后来，四人帮被推翻，母亲的身份得到了平反，母女之间的嫌隙逐渐消失，按照人们的意愿，应该是母女紧紧相拥，然后过上好生活。可结局是晓华没能见上母亲最后一面的痛楚。
      文章的悲剧，很符合伤痕文学的特征：因为十年动乱带给民族，国家的灾难与悲剧，突出了悲伤情绪和政治批判主体。",P
0,起有中国特色的,2022-09-12 10:41:56,新疆,被封的看了更疯了…,P
0,林深时见鹿鸣,2019-12-27 11:22:35,,最后是败笔,P
0,Elena,2021-08-21 15:54:32,,故事挺老套的，看开头几乎就可以猜中后面会发生的一切。但这不妨碍我最后还是哭得稀里哗啦。我认为感动我的故事就可以被称为好故事，而不在于它是否俗套，是否升华主题。,P
0,天线宝宝,2020-11-22 15:42:15,,反动文学的代表作大毒草,P
1,澳大利亚大袋鼠,2016-04-21 14:07:25,,没经历过那时期，实在是引不出太多的共鸣，唉。,P
0,三甫,2019-12-17 11:14:27,,伤痕文学因为这部作品得名，一直读到情节里的病房，还算感人，最后想方设法的表示忠心又算是局限,P
0,未生,2023-04-19 21:01:33,河南,因为过两天听卢老师讲座，想着带一本给他签名才买的，看了之后是真怕他悔其少作,P
1,豆腐乳拌榴莲,2019-02-19 14:48:50,,中国当代文学里有单独的分类 伤痕文学 可是在网上却几乎没多少 我们不曾经历过 但也不应该忘却,P
0,南鸳北筏,2018-06-14 07:23:13,,特定时代的文学,P
0,Bazingaaaa,2017-06-06 22:44:01,,"挺好的 为什么只给打6.多分 这是当时很敢写的一位作家了吧 符合那个时期人们的语境 哪怕最后那句略带尴尬的表忠心 都是那样的真实 
当然像置顶的几个评论一样 确实文史价值更高 就像诛仙在玄幻界的地位吧  满分",P
0,momo,2020-01-15 10:16:44,,作者以小见大，从主人公母亲的问题入手，滚雪球式的引出其他矛盾，将十年的怅惘与愁苦浓缩在一篇小说里。整体基调是悲怆、冷硬的，但因为苏小林这一人物的出现，带给读者希望。前半部分细节描写与心理刻画很细腻，但是后半部分是矛盾集中所在，时间跨度大，写出来有点囫囵的意味。,P
0,桃桃小仙,2021-03-22 21:12:43,,是无法挽回的伤害和永远的遗憾,P
0,cheese,2012-05-24 11:40:54,,一代伤痕文学，描绘了一个让我难以想象更难以接受的世界。怎样的斗争可以让最亲的亲人反目成仇，可以让相爱的情侣毅然分手，可以让广大的民众黑白不分？小说唯一的遗憾是短了，太短了，如此丰富的内容像飞驰的电车掠过眼前，让人震惊但又忍不住在它离去后的风里阵阵叹息。,P
0,IYiRannnn,2020-03-20 19:27:57,,虽然名为伤痕，但是这种伤痕仅仅是因为特殊历史时期吗？你跟着旗帜走，但伤又是从何而来？,P
0,蛋黄月饼,2018-10-24 11:12:52,,政治价值远大于文学价值,P
0,Reparo,2017-12-01 09:04:46,,文革隔膜的亲情,P
0,R.W.,2018-11-19 00:20:55,,"70年代末到80年代中期，对“文革”伤痕的揭发和反思是文学的中心主题。卢新华的《伤痕》与刘心武的《班主任》同是这一创作潮流的代表。

文本本位来看，情感的宣泄直接、不高级。叙事方式上，可以归到“问题小说”类型中。此类作品，文学史价值要大过文本价值。",P
0,柒,2017-04-10 09:46:38,,晓华离家出走更多的是出于趋利避害的自私心理吧。这种伤痕是自己给予自己的，也在母亲的伤口上添上了另一道伤痕，这伤痕，更是那个可悲的时代划刻在她们心头的……,P
0,佳佳,2021-03-10 23:24:19,,在一瞬间，心产生了颤动,P
0,豆友UTeptq5aK8,2024-12-05 10:55:55,广西,简短而又详尽地记叙了因“迫害”“叛徒”影响了普通人关于职业和爱情选择的事情。好读。,P
0,vita-,2019-08-03 15:41:09,,那个时代俯拾皆是的疼痛故事，那个时代的人心目中已经到了极致的母女反目，终究还是成了愈合的疤痕。,P
0,祝星,2018-04-19 12:53:09,,烂尾  其实开头和中间部分都挺好的  这也可能是那时期的局限性,P
0,豆友53642306,2018-10-16 21:24:36,,最后的结局让我觉得难以接受，历史价值大于文学价值，最后表的忠心真的不是反讽么？？？如果我是主人公，恐怕会很恨吧（也让我反省如果我是晓华，会怎么做呢,P
0,肚子圆滚滚哇_,2022-04-16 14:30:08,,在“文革”中，积极要求上进的青年王晓华，因为母亲被打成叛徒而决定与其划清界限并离家出走。一别九年后，母亲的冤案得到昭雪，她才踏上归途。然而当她赶到医院见母亲最后一面时，却已是阴阳两隔。“文革”时期，王晓华的妈妈被“四人帮”定为“叛徒”，她出于对组织的信赖，对这一冤案、假案信以为真，毅然与母亲划清界限，不辞而别，初中还没有毕业就上山下乡了。在农村生活和劳动中和她建立起亲密关系的男青年苏小林，也因王晓华的家庭成分问题而不能调动工作，从那以后，王晓华几乎完全变了一个人，比先前更沉默寡言，表情也近乎麻木起来，只能把自己残存的感情献给在乡村学校所教的孩子们。粉碎“四人帮”后，被严重摧残而患了重病的妈妈，经上级领导部门甄别后彻底平反了。她渴望见上女儿一面，可当王晓华赶回家探望时，她妈妈已经离开了人世。,P
0,豆友XTmpyNSnwo,2023-09-26 22:29:17,河南,美中不足的是，文中带有政治术语的痕迹，影响力大打折扣。,P
0,momo,2023-11-09 11:47:52,江西,卢新华你不会写女性可以选择写男的，不要故意在这里恶心人,P
0,mmml,2023-11-29 20:18:20,广东,烂 毫无反思 也很肤浅 只能说是历史局限性了,P
0,邱凌雁,2023-04-10 08:31:17,四川,它只是第一个吃螃蟹的,P
0,豆友XTmpyNSnwo,2023-09-26 22:29:17,河南,美中不足的是，文中带有政治术语的痕迹，影响力大打折扣。,P
0,三块月饼,2018-10-29 08:54:37,,时代的产物,P
0,Dudu did,2019-10-29 16:44:30,,文学史的价值更高些吧，感觉不是那么有新意,P
0,西高地最可爱,2017-11-13 23:59:55,,某个时期反人性化倾向严重，看了让人极其不舒服。,P
0,自我派,2018-11-22 20:38:33,,结尾神转折,P
0,-,2020-03-18 12:24:19,,同样是伤痕文学，让我想到《三体》里叶文洁的爸爸被打成右派，而且是被自己的妻子批斗。,P
0,未来会变好,2020-03-30 12:01:08,,人们在做错事的时候，总要去埋怨一个东西，才不至于使得自己的良心备受煎熬。告诉自己这不是自己的错，我知道去恨谁，把自己都说服了。忘记自己对别人带来了多大的创伤。,P
0,芝麻芝麻在嘛,2021-01-05 21:07:12,,《大江大河》中看到的,P
0,南瓜墙,2021-03-19 21:29:18,,2021的今天，读来依然潸然泪下。人，时代，命运，这些个命题经久不衰，我们个人永远都和社会紧紧相连，不可割离。当所有的人都没有错，伤痛也已尘埃落定时，将错误剑指时代，似乎成为一种情感宣泄的出口，是伤痕自愈之路。,P
0,大大大鲤鱼,2017-01-01 23:40:25,,怎么说呢，那个时代，那种心情,P
0,菠菜?,2015-11-16 19:46:41,,伤痕文学中算好的了，不过还是拿不上台面。,P
0,Arwen,2018-04-20 14:39:22,,"幸好没有生在那个愚蠢的年代，虽然现在也不见得多清醒。
母女离间，想到霸王别姬和陆犯焉识",P
1,momo,2019-12-16 08:46:24,,结尾给我看愣了，被qj了还得笑着说谢谢的感觉,P
0,刀刀,2018-12-18 18:50:26,,"3.5
现在都有点害怕在把政治映射到人物身上，有一种在背后操纵的感觉，像提线木偶。",P
1,GH,2017-10-21 23:56:53,,据说是伤痕文学的发轫之作。校友写的，哈哈。感觉有点刻意吧，比如主人公回去刚好赶上妈妈去世。当然写出了那个时代很多人都有的遗憾。最后政治导向太明显了。为dang服务啊什么的，大概还处在那个时代中，没走出来吧。使得反思很不深刻。只是单纯“描写”伤痕而已,P
2,灵活的金鱼,2020-04-20 20:05:19,,短短的几千字，我却哭了两次，有悲痛也有淡淡的温情。是时代的使然，在她们心灵上划下来无尽的伤痕，真实地反映着所带来的破坏。做为一个读者旁观者，我无法理解亲情真的会因此改变，女主人公最后没有见母亲最后一眼，也有她自我的性格选择使然。,P
0,别管帅哥的事,2024-05-26 13:42:38,广东,记住该记住的，忘记该忘记的。改变能改变的，接受不能改变的。不管生活怎样，总有一道属于自己的明媚阳光，用自己的脚步走出属于自己的风景。,P
0,Winky,2025-04-15 22:06:06,广东,"这个故事主要写了王晓华的母亲在“文革”期间遭到四人帮的迫害，被诬陷是“叛徒”，王晓华由于“叛徒”母亲受到周围人的鄙视，她选择和母亲划清界限，一人去乡里插队。在农村期间和苏小林两情相悦，但因为自己的特殊身份不想连累苏小林只能远离他。后来四人帮被粉碎，母亲得到平反，王晓华决定回家去探望母亲，但此时的母亲已经患重病去世了。
这篇故事以一位少女在“文革”期间的经历向读者们展示了文革时期遭到冤枉迫害的知识分子家庭沦落悲惨的局面，一次冤枉，破坏的是无数曾经充满幸福和希望的家庭。",P
0,Hardy,2025-03-26 14:29:08,浙江,傷痕文學。其實寫得還不錯。,P
0,豆友QRkPq5mtJM,2024-10-07 16:45:00,北京,垃圾，故事情节简单而刻意，文学价值丝毫没有，当时能有反响纯粹是人们需要一时的新奇感，然而终究无法掩盖自身的贫穷，就跟小丑一样的乐趣。以这为旗帜发起的文学革命，谄媚而已，搞笑的是还获得了官方“哭哭啼啼，没有出息。”御赐，贻笑大方！,P
0,不是山谷,2025-04-23 22:50:37,广东,还是想说 在成为什么身份之前 你首先是人,P
0,山海不說話,2025-05-15 20:19:12,辽宁,如果作者是在讽刺女主这种人，我会觉得写得还不错。,P
0,豆友F0QHWqBEoU,2024-11-05 12:35:20,山东,"当代文学2024.11：
伤痕（卢新华）
小镇上的将军（）
班主任（刘心武）
神圣的使命（王亚平）",N
0,紫丁香,2019-04-28 15:47:56,,了解了解,N
0,凌霄花,2020-04-20 15:32:31,,想了解伤痕文学的定义,N
0,零零,2021-03-18 08:44:07,,伤心,N
0,阿蛮.,2010-06-11 22:10:44,,某一个时期的标志性作品。在《七情六欲》中看到的。,F
0,夜饮岛屿,2022-03-30 19:04:36,,翻资料看到的,F
0,青鸟,2022-03-25 13:48:04,,李原朝同学,F
0,密涅瓦的猫头鹰,2022-06-14 09:00:08,,把一切问题归于四人帮，而我们就获得了对文革的观看和批驳的权力，可以借此置身事外，洗清自己身上的罪恶和伤痕，获得自我救赎。,F
0,青山,2018-12-18 10:50:22,,"复旦大学大一新生的作业  
郭川",F
0,王守谦,2020-08-26 20:16:27,,教资～伤痕小说,F
0,夏音节,2011-12-16 10:36:24,,应该果断是买不到了,F
0,W,2020-06-12 17:22:52,,the start of scar literature,F
0,tsuntsundere,2021-09-10 06:54:40,,描绘文革    伤痕:根据卢新华同名小说 连环画 图书馆有藏书,F
0,TIMEX,2024-12-16 09:46:14,新疆,当代文学,F
0,Anastasia 💤,2018-04-25 08:33:33,,文学史赋予的意义。伤痕文学,F
0,美孚新村上春树,2021-02-14 12:07:19,,微信赴美的人来的,F
0,佐为,2025-07-14 07:12:01,浙江,最近关注了一个影视学博士的视频号，专门解说1980s大陆电影，发现伤痕电影在79年到80年代初比我想象的多。当我们的反思速度超过了我们可能遭受的“马不停蹄的伤害”时，反思还有用吗？四十多年前，以文学史的名义结束了伤痕文学，这一终结真的结束了吗，反思可以抚平受伤的心吗？,F
0,小哪吒,2018-12-25 23:00:15,,大江大河推荐,F
0,hey,2023-02-21 20:23:29,陕西,选修课,F
0,白日做梦酥,2021-11-17 10:56:29,,正式揭开“伤痕文学”的序幕。,F
0,小湫,2013-11-13 00:01:52,,文革，苦难短片小说,F
0,七彩爆炸头,2022-11-19 01:10:06,山西,伤痕文学代表作,F
0,安托万-皮埃罗,2022-03-21 22:43:59,,现当代,F
0,rz今天阅读了吗,2022-04-22 14:32:37,,“天真”？,F
0,豆友DdxlkMcjAA,2023-11-09 18:40:33,上海,伤痕文学典型,F
0,亲毛,2019-04-19 23:02:32,,伤痕,F
0,66349752,2013-01-12 22:18:36,,good,F
0,吃葡萄不吐皮,2017-03-29 10:46:52,,又是一节毛概课，有时间找过来看看,F
0,werido,2020-11-11 07:18:34,,好宝宝不会过,F
0,💞向阳花💕,2017-12-06 12:46:58,,了解那个时代的历史！,F
0,🌴,2017-03-08 20:39:35,,想读,F
0,小猫,2008-07-07 12:12:28,,看来采访卢新华的节目后，很佩服他,F
