点赞数,评论者,评论时间,评论位置,评论内容,评论类型
1,潇萧,2012-10-20 21:01:16,,“文革”年代的故事。,P
3,夏一棵,2018-02-17 17:32:05,,只看了《灵与肉》、《土牢情话》，当是认识历史而做的阅读，感觉多读张贤亮的小说，心灵会更纯净点。,P
0,周游,2014-05-22 23:16:03,,虽然有伤痕文学的大语境在那里摆着，但我还是认为，既因为有着编制内的身份要保持着知识分子的矜持，又没有学院派知识的专业熏陶和笔法积淀，就会跳来跳去有点不伦不类。,P
0,低减猫,2024-04-15 12:59:47,浙江,六个围绕特殊时期的故事，喟叹不止。,P
0,又是艳阳天,2023-11-03 16:36:24,甘肃,狗和老汉的故事,P
0,".,.",2016-09-10 13:24:03,,意外的好看！最喜欢《浪漫的黑炮》，没读之前以为是讲浪漫的hip-hop。。。,P
0,立夏,2020-08-03 13:57:34,,比刘心武写的好，有人味，有激情。更喜欢那个老汉和狗的故事,P
0,momo,2021-02-07 01:04:25,,看的是灰色封皮红色腰封的，有种可怕的old school感,P
0,赈早见琥珀主,2018-09-19 08:07:03,,有感人的地方 有文笔不到的地方,P
0,🍂,2021-03-21 09:52:17,,伤痕文学 文革 历史反思,P
0,石席,2021-08-11 02:01:40,,语言是粗砺的，情感则是细腻而真切的，读来比《温故一九四二》更令人感动。,P
0,江卧鱼,2024-10-13 10:41:20,河南,“任何理性上的认识如果没有感性作为基础就是空洞的。”,P
0,Korin,2025-05-25 18:02:28,江苏,新时期带有政治创伤的写作。描写知识分子心路历程的小说。许灵均作为牧马人，在西北农场体验着劳动与民间生存所带来的人生抚慰，复活了一种中国传统叙事母题，即落难书生与流落的孤苦女子之间的生存传奇。小说通过许灵均探讨了国家苦难由民间儿女情感承接并化解的可能性。,P
0,张甘木,2025-01-23 10:21:41,北京,这本小说集，收了《灵与肉》、《邢老汉和狗的故事》、《吉普赛人》、《四十三次快车》、《霜重色愈浓》五个短篇和中篇小说《土牢情话》。,P
0,大白兔奶糖,2015-04-10 09:51:38,,一般，不好不坏！,P
0,远方的星,2023-03-04 11:09:29,河南,经历过苦难的岁月，文字里有着男人的沧桑感，年代的伤痕无法消褪，内心却依然充满着对国家与人民的热爱。,P
0,短亭别酒,2023-03-23 08:56:38,江西,喜欢《灵与肉》，当然故事本身其实没有那么吸引人。绵长的文笔，叙述视角产生的效果，嵌套中的叙述。,P
0,sugar for pill,2024-10-20 20:07:11,上海,读完是感动的，勾起了对家乡的依恋。,P
0,未来不扑街作者,2016-05-28 15:55:23,,个人最钟意浪漫的黑炮~,P
0,北,2019-12-04 08:59:13,,无意间看到了这短篇，才发现作者的辞藻并没有华丽却拥有力量。主人公身体的折磨和心灵的历练，使我感受到了人的真实情感！书中对待爱情，一个高知，一个文盲，相处模式并不是共同语言，而是互相欣赏和扶持的共同成长，这个模式或许是与时代和背景无关的！,P
0,假森森,2017-08-13 21:19:12,,张贤亮是个深刻的人道主义作家，有着很强的现实主义骨气，笔下的人物总是很让人感动。知识分子气息也是很重的。女人在他眼里是美好的，惋惜的，所以他的小说总是很悲伤的。灵与肉的反思力度很浅，但讽刺却意外般很出彩。反思的话，男人女人那本更好一些。,P
0,夏天冷,2019-04-11 13:40:53,,写得真好啊～本以为是像《夹边沟》那样的苦难，却反而满篇都是温情。为躲避潮湿睡在马槽里，世上唯一的温暖尽是来自那匹老马的喘息，然后不禁抱着马儿干瘦的脸痛哭起来。可即使这样，每一段在草场上的驰骋的酣畅，身边人那一口锅五斤米的温暖，都让我和男主一样渴望回到那个漫天黄沙的大西北去。直到最后放弃出国的富贵，回去那因为有苦难的存在，而让每一点温情显得格外珍贵的马队，而我也像他一样，真切的感受到那降落伞落地了一般的踏实。,P
0,快乐欣球,2021-04-13 08:36:58,,西北大地给人的踏实感，像调色板一样斑驳的一片霓虹灯，寒冬炎夏的一个陪伴，情意绵绵的密电游戏。,P
0,水墨,2025-01-08 10:24:29,上海,灵与肉，普贤寺，浪漫的黑炮，河的子孙很好看，土牢情话看了有点不适。,P
0,轻描淡写,2023-11-25 21:52:14,河南,电影的还原度挺高的，可惜先看的电影，书里的描写更多细节。,P
0,诗情画意,2016-04-10 10:58:28,,伤痕的记忆，看的时候心里确实不是滋味。。。,P
0,泰若克塔,2016-05-25 19:27:35,,邢老汉与狗,P
0,浆糊周,2020-03-27 18:51:10,,伤痕文学，特定时代背景下普通人的悲欢离合，灵魂的自由与肉体的禁锢，让作者笔下的人物特点鲜明，是他们亦是我们。没有谁是绝对的正确或错误，只是生于彼时历经此般百态，叫人生。张贤亮对人物的选择和刻画，已经故事的朴实和真挚，竟然让人有点感动。,P
0,呼云,2021-03-28 13:31:20,,里面的场景有点残存的温馨！,P
0,迷信只信财神爷,2024-09-28 17:03:27,辽宁,其实挺喜欢张贤亮。,P
0,momo,2023-01-29 00:15:06,广东,一些描写很美。,N
0,nauges,2016-11-16 23:00:42,,只读了第一篇 灵与肉 彻底颠覆了张贤亮这三个字在我心目中的模样 曾经读过什么都忘了 大概和张承志 刘亮程总是混在一起吧 文字细腻而清新到可以平定现下的青春文学小说界 带着哲思 分不清是主人公的还是作者的 总体没有逃出十七年甚至文革话语的规约,N
0,小素阅读,2021-07-24 15:29:16,,一本书一座城推荐,F
0,与兰同馨,2022-02-25 12:55:54,,牧马人由此改编,F
0,qiuquezhai,2018-11-21 09:38:05,,喜欢,F
0,温秀红,2018-07-07 10:47:40,,经典就是喜欢,F
