点赞数,评论者,评论时间,评论位置,评论内容,评论类型
5,杨淇羽,2015-09-15 16:52:58,,其实只看了短篇《灵与肉》，但是竟然看哭了。文革给心思细腻的文人带来的摧残简直是灭顶之灾，太能理解了，张贤亮老师的描述手法又非常到位，马厩里和马儿在一起的段，比谢晋导演的电影版还要好！但是我觉得用劳动重盈思想，最后完全回归主旋律有点太快了，自然美景和后来生活的改变对男主的思想转变作用更大吧。,P
2,小狗落回你身旁,2013-11-17 20:50:19,,张贤亮对心理描写把握得相当到位，最喜欢的故事是《土牢情话》和《河的子孙》，不管是情欲还是动乱时期的个人思考，都很能引起共鸣。,P
0,ཉི་མ།,2012-08-16 22:18:15,,#2012352#,P
0,空天一鹤,2015-07-28 22:27:20,,与路遥的《人生》同看，很有意思。主人公不同的选择，同样触动人心。,P
0,夜锦北歌,2016-06-16 10:05:39,,有趣，当我看见那些劳作者的面孔，坦然几乎叫我嫉妒,P
0,noname,2016-11-07 22:31:13,,浪漫的黑炮绝赞！其他篇目是扑鼻的田野味~,P
0,菠菜菠菜,2022-02-28 23:14:03,,灵与肉；邢老汉和狗的故事；吉普赛人；四十三次快车；霜重色愈浓；土牢情话。,P
0,静志～,2021-11-16 13:01:06,,精神创伤后的反思。,P
0,昕斐铄砼,2021-11-25 20:45:52,,没想到居然是牧马人原著。小说和影视真得差别很大，各有千秋,P
0,秋风起,2022-10-14 14:32:30,内蒙古,张贤亮的小说很好看啊。很精彩，沉稳缓和的笔调触动内心隐秘的角落，完全沉浸和代入。好久没相似的感触了，对了，很像《夜晚的潜水艇》的阅读体验。,P
0,淡淡的潜水艇,2020-01-25 10:01:21,,3.0。劳动成为神话。,P
0,wxx,2020-02-15 20:12:19,,张贤亮对人物的刻画是我喜欢的，他笔下的人物总能透露出一股旧时代书香门第公子的忧思，同时又有一种对新时代的向往和幽默。,P
0,透明杯子,2012-11-19 13:44:02,,文化大革命,P
0,SadTomato,2015-12-14 15:12:04,,现在张贤亮，已经没有了一年前几天之内连续看完绿化树和男人的一半是女人那时的感觉，文革题材看的有点多了，有点提不起兴趣了。当然，还是很喜欢绿化树和男人的一半是女人。,P
0,单字一兔,2019-06-20 08:47:05,,06.20.19,P
0,吃饭坐小孩那桌,2019-05-27 18:47:21,,这个人太聪明了。,P
0,颜如舜华,2019-03-15 00:34:49,,感情是颤抖着的。,P
1,Jesse,2017-09-24 09:39:31,,以野蛮直白或调侃的笔调描述出文革背景下的特殊故事。每篇都好似要喷薄出所有积压怒气。政斗精彩。较喜欢土牢情话，党的哲学是斗争的哲学，与人奋斗，其乐无穷。灵与肉电影改编基本还原，电影增处在温情，减少在阴暗，小说更好。黑炮改编也属成功，小说电影各有乐趣。真言出自个体。历史来自片言支语。,P
0,blueblurrr,2020-08-01 22:56:18,,只看了《灵与肉》一篇，文笔很细腻，但关于许灵均的选择，究竟是安于底层生活的惯性，还是对城市文明发自内心的抵触，不得而知。,P
0,等等。,2020-04-23 12:08:20,,"特殊背景下的故事。
很喜欢",P
0,简遥.,2019-05-06 18:00:40,,做感官阅读的时候需参考张贤亮作品，只读了部分，不喜欢张贤亮的风格，才子落难要在女性（母性）的拯救下坚持下去，最后为了所谓的理想还选择背叛。真的是……,P
0,浮屠🍃,2020-05-11 23:15:26,,灵与肉，这种爱情故事真的存在吗,P
0,该卸载豆瓣,2018-05-11 11:42:34,,我确定自己有些色情狂了，看到司机讲述他和上海女知青的故事，我迫不及待的想看关于他俩做爱的情节,P
0,高迟,2020-07-15 11:43:37,,反思文学,P
0,怒眠,2021-01-16 22:33:06,,2021年的其中一个flag就是在Ai老师团队中至少写一篇关于张贤亮的论文，这本书就是开端。刚出道风格就比较稳定了，典型的上帝视角的现实主义，最爱的是批判味儿最少的《普贤寺》，可能因为它显得更加有温度。,P
0,在生活de路上,2018-02-04 22:13:15,,怎么感觉故事都很熟悉。同名小说就感觉很像那个电影，结果就是这部小说改编，很多人物塑造的很有感觉。,P
0,Yuimokin,2021-05-03 16:22:54,,只是看了《灵与肉》一文，总是说知识分子受到莫大迫害后的悲壮和凄惨。但是这却也是千百年来农民和底层人民生活的无法逃避的组成部分，知识分子有话语权可以诉苦，可是经过被无数政治精英和知识分子蹂躏的底层人民们却永远没有把经历讲出来的机会。做人不要太双标，大革命是对知识分子们的迫害，但是我们现在反过来想，不接地气、不与人民一起的自诩的知识分子有多少呢？痛的屁股已经坐在了资本家的一旁，假如不清算这些人，不让他们了解劳动的意义，那么无产阶级领导者和人民们一起流尽热血，费尽心力所建造的国家又算什么呢？,P
0,夜夜猫猫🍊🐱,2021-08-19 22:52:06,,有些文字清澈美丽到重塑了我对那段历史的认识,P
0,黑色的眸,2021-04-29 11:25:21,,《牧馬人》電影，看完了《灵与肉》,P
0,shaqsdaily,2016-05-17 22:51:19,,人类历史最黑暗的十年 人性堕落 道德沦丧 时至今日仍然有人为那段时期唱赞歌 一想到就脊背发凉,P
0,澍禾,2019-03-23 22:25:40,,"许灵钧的身份困境实际上代表着“右派/知青”这两种特殊群体的时代焦虑。在他们的视野中，城市与乡村、现代文明与原始自然都是一层层精神屏障，秩序社会与“牧场”空间构成了“知青/右派”主体的彼岸与此在世界，而许灵均只有面对马的时候，才能寻找到自身存在的位置与意义，他最终的回归也意味着在“自然”审美外衣下，对一种原始而朴素的人伦关系的回归。
另一方面，《灵与肉》也在侧面反映了一种思潮现象，即在当80年代初“人民性”意识形态的宰制形式消失后，“知青文学”开始诉诸于一种超现实的精神力量，为主体提供新的话语支撑。",P
0,se7en,2014-09-28 14:38:33,,河的子孙。,P
0,DON'T,2020-03-15 19:16:05,,《灵与肉》《刑老汉与狗的故事》,P
0,无,2020-03-13 23:29:49,,肉体只有更随着灵魂而动，而生，人生才有意义。,P
0,羊奔鱼逃,2019-04-14 18:10:27,,人如草芥的时代，连互相依偎关怀的能力也要被掠去。,P
0,高冷嘎嘎,2020-03-09 21:32:19,,读了王安忆写的叔叔的故事，才开始看张贤亮的书，才华这东西，如果真的有，那真是遮也遮不住。,P
0,24个凉凉的哟,2020-01-31 20:33:46,,读多了，也腻味。,P
0,无玦.,2017-06-02 19:20:47,,仅看了《灵与肉》，把自己的遭遇变着法地呈现出来，总感觉少点东西。,P
0,凝望蔚蓝星空,2012-11-03 18:49:52,,很棒的书籍哦，不可不读,P
1,满月,2015-03-13 07:06:30,,-_-||，谁跟我说它是长篇小说的，我保证不打shi你。作家把城与乡的景色和日常生活描述的很到位，但总觉得在人物心理上的过渡却不是很自然。,P
0,荷承里,2017-05-11 23:55:09,,一本书一座城,P
0,孤岛,2021-04-25 09:46:10,,经历过真正的苦难和绝望才能写出这样的作品吧，每次读到那个年代的作品都觉得太难受了。,P
0,种春风,2018-07-07 22:00:14,,"粗略瞄了一眼《灵与肉》
同学说说教意味太浓了
反正反思文学我是没有读出来",P
0,三月的叶子,2015-06-12 22:43:52,,回归劳动充盈思想吗？亦或是纸醉金迷？如此的主题有多样的写法，但这一种不敢苟同。,P
0,桃桃芋满多,2023-05-25 23:04:47,内蒙古,《灵与肉》,P
0,江月故人心,2020-01-08 09:26:34,,暂时只看了“灵与肉”,P
0,青山摇曳,2019-12-20 11:22:33,,哈哈哈，看到老许在抖音上火了。,P
0,陈俊安,2019-12-30 13:02:42,,"这是我从当当花了高于原价三倍买的一本书，开始以为不值当，
看完我觉得花的值得
三部中篇三部短篇记忆犹新
让我记住了一位作者张贤亮
我觉得和余华路遥多多少少相似的点是都走过文革
张对文革的认识与揭露更胜
这六部小说都很经典，
那个动荡的年代把人内心最深的灵魂展示一览无余",P
0,Simplicio,2018-06-12 18:23:44,,仅读了短篇《灵与肉》，虽然文笔不错，但未免太过美化乡村生活。,P
0,晩圆,2020-08-26 22:27:07,,被驯化,P
0,东方既白,2018-02-01 22:47:47,,对于文革，绝不原谅！另我看的是电子版本？好像缺一两个短篇小说？,P
0,我爱吃西瓜🍉,2019-07-13 22:41:23,,“伤痕文学”总会用语言描述带来一种很强的冲击，这种对不屈的愤怒，以及对政治运动的反思，正是它的魅力所在。,P
0,一土一稼,2015-04-23 19:13:05,,有特定历史环境下的故事总是深入人心,P
0,无事小神仙,2017-04-17 19:27:16,,《邢老汉和他的狗》，简直读一次哭一次；《灵与肉》秀芝，《河的子孙》魏天贵，一个神奇的女人，一个神奇的男人，那个时代的希望。,P
0,Chaoer,2021-06-16 16:59:01,,那个彷徨的年代，不同人的选择，都是生命巨大的转折。,P
0,猕猴桃,2018-11-25 23:49:59,,灵与肉这个名字起的真好,P
0,素履以往,2021-05-26 09:29:40,,对于一个时代来说，最大的荒诞在于一群半文盲管理着大批的知识分子。对于个体来说，最大的荒诞莫过于迫害之后再也无法相信善良的存在，自己也变成他们的一部分。,P
0,和树讲话的风,2015-12-28 10:01:02,,我已经成为了土地的儿子，我不能离开土地,P
0,康成,2018-12-23 02:30:59,,那几十年的动荡，人生浮沉总伴随时代变迁，这些作品总以悲怆为底色，而现在的我们，需要感谢这个时代。,P
0,干什么？,2020-04-11 02:16:08,,法理老师推荐读的，读完了，忘完了，光记得那个三人一块，老婆跑了的。,P
0,碧蒂,2018-03-02 00:31:14,,这本其实是不折不扣的标题党，当时我先看了《男人的一半是女人》，还以为这本一样有料，其实《灵与肉》只是很短的一篇，和灵肉结合那事儿并没有多大关系。,P
0,孑孓,2017-08-26 19:24:47,,不认识的人都是众生,P
0,青鸟,2024-08-17 09:28:38,湖南,"不懂为什么小说里的男性总需要一个女性的出现才能够“重获新生”。
不懂为什么小说里的女性永远都是温柔善良话少的灵魂伴侣。
过于重复的人设、剧情和时代背景，看了两篇之后就放弃了。",P
0,逸嘉人,2019-11-17 15:00:49,,干你喜欢的 才是有意义的,P
0,看天光出走,2020-01-21 12:28:15,,深切感受文革时期的爱恨情仇。,P
0,M媛媛1015,2017-08-29 23:30:47,,好几篇我都觉得是不是没写完，但文笔不错,P
0,G弦上的鹤小鸣,2018-07-19 23:08:59,,他深爱着这片土地，怀念着祖祖辈辈的田园生活。政治色彩有点强。,P
0,Hal_chormee,2018-12-26 02:07:13,,读这本书时，目前的不开心都显得渺小，。但却陷入一种更深的伤痛。然而并没有就此一直沉陷，，过一会缓过来了，内心会充满对于生的追求，，过一阵子好好写个书评😶,P
0,朗玛,2015-10-14 11:31:53,,初中时代起，就一直大爱张贤亮的作品，能找到的基本都看了。2014年又将十月文艺的张贤亮集7册通读了一遍，大快！,P
0,黎,2022-05-15 11:49:44,,"在章永璘说黄土高原的风偶尔在田野上扫过，透明的蜃气像野马似的奔腾，我才体会到庄子《逍遥游》中“野马也，尘埃也”的传神。
这让我感到原来这世上也有这样灵魂的共振。曾经我也在蓝色的湖泊蒸腾的雾气与阳光下木制地板上闪闪发光的雪间徘徊，在墨色层林尽处，湖水流动着渺茫，烟雾渺茫着流动。我想庄子那时的“野马也，尘埃也，生物之以息相吹也”恐怕也是缘来如此。那时我是这样写下的。原来，原来。
虽然远不是写这些梦幻般的描写，相反是关于他的思想、抱负、最终摆脱屈辱境地的强烈欲望，是一种“获生的跳跃”变质为一种“致死的跳跃”，一种精神上的自杀与肉体的自戕，共鸣的绝不只是如此。",P
0,雨天的蚯蚓,2024-04-09 19:23:49,河南,许灵均因出身遭到迫害，下放后受到自然山水和劳动人民的美感熏陶，坚定对党和人民的信念，放弃出国。当时一类人的写照。而对伤痕的美化也是他们在想象中重构主体的历史、成为新时期历史主体的选择。,P
0,爱马士,2014-11-15 23:02:18,,2014年11月15日 购于 汕头·京东,N
0,祝予,2022-04-10 12:55:05,,读了邢老汉和狗的故事,N
0,邓家琪,2019-12-24 20:22:52,,“任何理性上的认识如果没有感性作为基础就是空洞的。在某些方面，在某些时候，感性要比理念更重要。”这句话，一定问经历过世事后，才能了解几分。,N
0,十二,2022-04-03 18:25:46,,文学,F
0,呓者游,2020-01-05 17:23:43,,拟翻,F
0,Alto,2021-12-02 02:46:01,,年代感的书。感知文革那段记忆。,F
0,桃源遗民,2024-09-29 06:53:35,浙江,源于B站“扁豆看电影”《【扁豆】太美了！中国人必看的国宝级电影，值得再火一次！豆瓣9.1〈牧马人〉》,F
0,X,2020-01-28 00:59:19,,根据电影《牧马人》找到,F
0,草韦,2018-07-30 20:23:09,,看过电视剧，很好看,F
0,MomO,2020-08-19 16:03:55,,伤痕文学,F
0,我也得走了,2023-07-30 11:16:51,山东,@2017-06-19 13:32:06,F
0,锅盖頭,2019-12-25 22:14:32,,看了电影牧马人，有那么一丝丝感动，而且是因为爱情，被爱情感动。,F
