点赞数,评论者,评论时间,评论位置,评论内容,评论类型
79,Booking2023,2016-03-12 17:31:40,,一个富家公子跟底层人在一起二十多年，最美好的青春岁月没书读，没女人，性压抑和知识饥渴这么多年，怕也是斯德哥尔摩综合征。他和那些自觉追求信仰精英青年不同，他的“主体意识”是被迫生成的，是压抑里生成的。,P
30,徐徐子,2018-02-09 10:17:14,,许灵均与秀芝的婚姻是几句嘴上的玩笑促成的，两个彼此没见过面的人，凭一纸证明，竟成了夫妻，这在后人看来，多么荒唐。两人没见过面，心灵上却相互格外熟悉，这场荒诞式的婚姻是灵均心中不可侵犯的神圣之物。,P
22,uma y,2014-11-05 11:07:55,,尖锐的外面可笑的政治正确，对于女性的描写不堪入目。,P
5,慕,2010-05-12 18:09:51,,为什么俺当年看《男人的一半是女人》就觉得傻逼兮兮的，到灵与肉更为尤甚，毛老师你让我情何以堪= =,P
23,麦克默多的浮冰,2019-03-14 14:14:57,,"这也太伤痕了吧。去掉时代意义，实在平庸。描写有意思，但浪漫过头就流于刻奇。对主人公和秀芝的感情描述如此矫饰伪善：“从来没有出现过的心荡神移的感觉”使他瞬间爱上她（难道不是肉欲？），然后，“姑娘停住了手中的针线。她的直觉告诉她：这是一个能依托终生的人。”想起同样虚伪的《小芳》。
主人公心理简直病态：“生活就是得有苦有甜。”所以就应该承担本来完全不必承担的痛苦吗？你可以自由选择时，“吃苦耐劳”才有意义。被迫吃苦，还要自我欺骗？当你和黑暗和解的时候，黑暗也就没那么黑暗了？你觉得在农村每天劳改的生活美妙，那是因为青春本来就美妙。在任何地方度过都美妙。另外，你能觉得劳动那么美妙，是因为你实在是太幸运，遇到的每个人都是好人啊。
洪子诚：以贬抑方式呈现优越感。
黄子平：暗合古典落难公子的叙事模式。",P
3,豆友141656179,2020-07-22 00:04:29,,张贤亮的小说始终有一个自我怀疑的男人与一个无私奉献的女人。,P
2,磨盤臉小妞兒,2017-09-28 00:06:43,,被最后一个小短片催泪了 特殊环境下心里的扭曲竟无法黑化一颗纯粹的心 慢慢的慢慢的 总有时间会教会你妥协,P
2,西西弗不吃柿,2023-05-14 06:16:33,湖南,"这很伤痕文学，这很命题作文，说教气太重，时不时强行点题升华主旨最为致命。读后最大的感想：应该在看完必读的第一篇就立刻弃书。
情节就没什么可讨论的了，而人物刻画又简直扁平到极点，纯靠自我陶醉的对话和心理描写撑，但男性角色好歹有个从怀疑到信仰的转变，女性角色完全就是从贤妻良母的磨具里抠出来的，都是假人。",P
2,格瓦拉,2009-10-05 08:55:23,,我读到了人性,P
1,yuriko,2014-04-01 13:56:19,,霜重色愈浓,P
2,恓风,2019-10-03 23:04:37,,真实的“假性”写作吧,P
3,🌋 in Trieste,2019-10-20 09:09:20,,时代意义大于文学价值，对女性的刻画描写就更……哈哈哈哈,P
2,野长长夏,2020-04-02 13:11:31,,可以建一个不必看书单，收录此书。,P
1,鄢蕼,2024-12-20 03:52:52,四川,本质之上还是小资产阶级知识分子尝试的叙事。不加节制。但偶尔有乍现的灵光和妙语，且集中体现在标题。,P
1,阿尔吉侬的奶酪,2020-03-16 15:25:48,,邢老汉和狗的故事,P
1,RW,2019-07-19 11:21:00,,六则关于文革的故事。人性被扭曲被压抑，信念被歪解被放大，像是活死人之墓，躯壳尚在，灵魂已逝。诚然，其中也有积极向上一面，例如灵与肉，乡村儿子拒绝董事长父亲赴美之邀，过度强化个人奉献主义，读起来太过心灵鸡汤。,P
2,Hello，俊杰,2020-04-23 23:29:15,,什么时候在中国可以阅读49年过后的历史呀。,P
1,甜菜产品经理,2010-10-14 10:49:41,,“他愛這裡的一切，連同她的瑕疵，就像他愛自己的生活，包括過去的痛苦一樣。”,P
0,湖泊莉莉安,2012-12-05 22:18:55,,居然这么好！,P
1,夏日扬帆,2011-03-08 18:44:32,,这就是伤痕和知青小说吧...,P
0,四时风雅,2011-06-02 22:48:53,,三星半,P
0,black swan,2010-05-16 21:48:52,,没啥意思。和王蒙80年代作品很相似的调调,P
0,光,2009-12-18 18:47:53,,牧场，劳动，纯朴,P
1,巫,2010-05-12 16:34:24,,我的娘土牢情话的怨气实在太重了 大叔你不用这般告解,P
1,lie to me,2021-01-17 20:37:59,,忽略掉作者一贯喜欢塑造，在这本书中尤为明显的落魄公子形象。（我觉得上海滩落魄公子流浪后完全被乡土同化，完全还原到一个非常本真而原始的状态这种设定实在是很生硬。）这本书还是很有意思的，作者尤擅长写这种能干健壮而又有野性有生命力的女子。对于我个人而言，也会更喜欢原始的感性的冲动，而非理性的说服；会更喜欢契诃夫式的生命的意义在于劳作与创造，人的美在于淳朴的善良和自然的勤勉这种观点。,P
2,耙耙柑,2020-01-23 15:58:48,,"我太喜欢了

看来距今遥远的题材并不是限制，反而那种一无所有的贫瘠带给人大地般的温情，源源不断。

写文章还是要有文化啊，张贤亮拥有巨大的词汇库，动词、形容词的使用丰富恰当，文章对于环境景物，感觉的描写生动，比喻十分形象，对于人物心理的体悟细致而真实，贴切又准确地使用人物动作语言描写和现代的知识和词汇，语言流畅、生动而优美。而最重要的是张贤亮能站在许灵均的立场上真实又真挚地写出他的情感，这与张贤亮的改造经历是不可分割的。

许灵均身上有我一直向往和难以说清的泥土感和踏实感，不觉得这是爱国主义，也不觉得这是对极左路线批判，这只是一个命运悲惨的人物对于给予他温情的人民和土地的眷恋而已。

返璞归真大抵是如此，当人们遭受过巨大劫难的肆虐才深切明白什么最珍贵，于是便再不肯松手了。",P
0,克里,2019-01-29 21:30:08,,总觉得早已看过了 特别是许灵均 特别是结婚村民给凑家具那段,P
0,已注销,2014-07-01 20:16:48,,语文读本,P
0,大尾巴李,2015-10-16 17:02:56,,写实算是个特点，土牢情话加分,P
0,椿二,2015-03-09 20:59:00,,因为对某个地方特别的感情，多给半星，3.5,P
1,优质2叔,2019-11-09 19:48:20,,3.5那个吃人的时代就这样吧,P
0,超级讨厌数学,2022-03-27 15:18:30,,“唯其有痛苦，幸福才更显出它的价值。”,P
0,太阳发光体,2022-03-06 22:29:43,,"初读时，并不被他的文字所打动，稀疏平常。史的价值吧。
忍着不快读下去，不自觉地为那个时代与那个时代的人悲痛。已有很多人书写那个时代的疯狂，在这本书里，六个小故事里，却藏着更多与众不同的疯狂。",P
0,Woii,2022-03-17 13:47:40,,邢老汉对他的狗说“你先走吧，随后我就来。”在人类世界，除了一只狗，竟无他人值得他留恋，不道而别的女人，也不再有意义。,P
0,昕斐铄砼,2021-12-06 17:01:34,,简单，不像电影里那么煽情，。没想到居然是张贤亮的作品,P
0,senswen,2021-12-04 21:26:38,,是同类作品中的佼佼者,P
0,Away,2021-11-11 20:37:30,,只读了灵与肉,P
0,Joey,2021-10-19 14:16:52,,伤痕；YY以至于无聊；利用“人性”话语实现对“马克思主义”的改编，使其重新回到（貌似）五十年代的“正轨”。侧面也表现了温格晚期直至七十年代末呼唤民主空间的社会（知识分子）潮流。扭曲的男性自恋——区别于张承志式的“自恋”，二者差异既有对自身处境的认识不同，也有对“知识分子”身份的不同看法。张承志的雄浑气魄令人心驰，然而张贤亮式的卑琐版的自恋却往往在生活中狭路相逢，包括在自己身上。,P
0,和平小智,2022-01-15 19:45:44,,苦日子熬过去就好了,P
0,潜水钟 不侧漏,2021-09-04 22:04:37,,原著属于平平无奇的伤痕文学，谢晋导演的翻拍和丛珊的演绎让这个故事注入灵魂。,P
0,UvuAhaha,2022-10-25 18:50:11,陕西,拨开政治正确的糖衣，你总会发现张贤亮不动声色地讲了一个暗黑的故事。,P
0,有理想嘅死鹹魚,2024-02-27 16:58:08,广东,最好是《土牢情话》和《邢老汉和狗的故事》，四星；其他的篇目三星：先看电影《牧马人》再来看原著小说《灵与肉》：经过22年的艰苦改造，顽固资产阶级右派分子终于被改造成热爱西北土地的劳动人民；《吉普赛人》和《四十三次快车》讲的是周公相关的广场事件次生伤害；《霜重色愈浓》是弘扬拨乱反正坚持正义正直的主旋律；总体三星半。。。,P
0,momo,2022-05-22 22:44:10,,有的环境描写不错，但感觉有些部分的只是为了描写而描写。 除此之外，那个年代两人的婚姻，我的外公外婆也是如此，经媒人一说，从未见过面的两个人便绑定了余生。可小说里的结局还是美好的，现实中却更残酷。时代轻描淡写的过错，放在现今不可理喻的局限，却是当时的人们沉重的代价。,P
0,若你遇见她,2025-05-20 11:30:32,湖南,细腻不忍卒读。尤其吉普赛人/最后，她垂下眼睛，长叹了一声：“唉！……这真好！老实说，我们这号人原来还有点希望。那一年闹地震，是他老人家第一个来看我们的，那一次不管什么成分的人都得到一样的救济。听说这是他老人家特别关照的。……你念的那首词是什么？目送灵车日暮，悲痛不知归路。怎解一腔愁，今后多年怎度。真好，不在宋词以下。……就是，今后多年怎度呢？……”她钉好扣子，又拣出一块蓝布，默默地补着棉袄上的一个破洞/我也知道我不难看。我也能像别的妇女一样，嫁个丈夫，生个孩子，把自已献给他们。你看！”她费劲地捋起袖子，露出滚圆白净的手臂：“我也有力气，我们凭力气吃饭，也能生活得很好。可是，他们什么也不给我，甚至连爱情的权利也剥夺了。我还没有恋爱过呢！你呢”/“别忘记我，我永远爱你！”,P
0,由而,2022-03-13 21:37:32,,反思/伤痕文学,P
0,徐海江,2020-07-19 11:47:54,,人们常说什么命运造化、命运弄人、命运多舛、命运使然等等。可要我来说，这跟命运是一点关系也没有的，命运其实就是人专门设计出来替人背黑锅的产物。还是“天灾多伴人祸”这个说法好，不怪天、不怪灾、也不怪命运，冤有头债有主，目的十分明确，矛头直指一个目标，就是只怪人。人害人，害死人！,P
0,虾一泥门下走狗,2013-03-10 22:22:39,,「他突然抱着长长的 瘦骨嶙峋的马头痛哭失声 把眼泪抹在它棕色的鬃毛上 然后他他跪爬在马槽里 拼命地把槽底的稻粒扒在一起 堆在棕色马面前」,P
0,蓝,2013-04-25 13:11:30,,16岁看的这本书，貌似看的有些早了。对成长和人生观有一点影响的书，已经忘记书里具体都讲述了些什么了。但一直难忘。,P
0,chengduzhong,2016-02-07 15:30:05,,一部歌颂时代和土地的书,P
0,candy-style,2013-02-03 20:10:49,,老爷子说“世界如果没有女人便不成其为世界，如果我在摇篮中发现这个世界没有女人，我一定在摇篮中自我窒息而死”,P
0,Swear,2017-04-10 11:24:24,,这种批评与自我批评的语态…真的只能当史料没法当小说看了。,P
0,青萝拂衣,2019-12-15 16:59:59,,“某些时候，感情要比理念更重要。”也是给五星的原因。然后反对赞最多的张贤亮未必爱劳动人民之说。单单《灵与肉》一篇，就能看出他是爱的。他写劳动人民气质中谐趣淳朴善良的部分，以及劳动和自然风物之美好，是多么真诚啊。试问那些值得称赞的事物谁不爱呢？固然遗憾更多，但也不过是爱恨交加。单单把爱恨二元化未免也太片面浅显了。,P
0,kitaroguazhou,2018-06-06 12:45:14,,银川记忆,P
0,Dan,2015-01-27 18:30:42,,伤痕文学。受到摧残而没有毁掉的一代,P
0,鼠标,2012-04-24 16:11:03,,没细看,P
0,元芳，你怎么看,2021-01-22 16:03:26,,故事有些雷同。作者对自己的剖析值得一看。,P
0,已注销,2020-11-29 23:46:34,,透过冰面，看“故事”,P
0,虚幻之间的蝴蝶,2020-06-11 23:42:21,,伤痕文学。,P
0,一起,2020-02-29 19:52:40,,"觉得是写的很好的。可读性很强。
我突然觉得，我大概是写不出这般文字的，写不出温度，也就没有厚度。有的厚度靠知识堆砌，不能说他不好，只是那不是大多数人们可以感同身受或者通感得起的。
读书多一点，就像由厚变薄、由薄变厚一样的潮汐运动，让我一点点放弃忘记原有的理想，是心里如明镜一样的轻轻丢下，也许以后得以实现。但我意识到，现在大抵是不够的。

结构性比较简单，内在主题有同化性",P
0,新月,2020-02-12 18:49:21,,看完电影过来的。电影比较忠于文本。当初看电影的时候我还挺感动的。书早就看完了，当时没有写评论。现在感觉都模糊了,P
0,贝壳环,2020-03-11 23:06:00,,她养的猪是越长越大 可为什么是猪呢,P
0,吴明,2014-10-14 11:53:51,,"2014,10月读书单。页数222？我看的电子版，怎么半天就看完了，怀疑看的是不是删节版。然后，整体行文流畅，但感觉还是火候欠缺，特别是心理描写矛盾塑造方面一般。但行文很有土色，特别是我的回归，融于自己熟悉的世界这个结尾。再反顾那个年代，也算难得。值得一看。",P
0,今天归零,2020-07-24 11:16:22,,哦，原来这就是那个“老许，你要老婆不要”的出处，改编的电影是《牧马人》，我只是觉得个人不太喜欢,P
0,舟一芥,2017-03-29 08:30:20,,很多描写和情节感觉是初中生水平……邢老汉和狗那篇看完稍微有点感觉,P
0,颜如舜华,2019-03-26 17:01:33,,三星吧，一星鼓励。。。。。。。短篇小说还是没有比得过树王。,P
0,千夜一昼,2021-02-11 16:42:07,,小说其实还不错，但也太执迷送老婆套路了吧，邻居送的老天爷送的路上白捡的老婆，能吃苦肯干活晚上还能暖被窝的老婆…,P
0,momo（科幻版）,2021-03-07 19:31:58,,后面越来越不好看,P
1,灵石,2018-12-19 01:06:41,,唉。。。人生无法再来一次，那个姑娘啊！这大概是张贤亮的“罗曼蒂克消亡史”吧！,P
0,凡生,2020-03-29 18:45:31,,【2020已读032】邢老汉与狗的故事，这篇写的是真好！,P
0,理想与现实,2015-07-16 20:43:06,,一个人如果只是一味的去抱怨，而不是却考虑自己能力或者怎么摆脱这种不如意，那么他注定一辈子都如此抱怨如此。,P
0,默晓,2020-03-08 22:20:38,,主要看了灵与肉和邢老汉,P
0,Spike,2020-06-21 16:46:49,,"过去的是苦难
未来的是光明
现在的是迷茫",P
0,Hiufd,2019-06-13 14:22:22,,虽然当中的不少观点多幼稚和自欺欺人，但也可以温和的理解为傻乎乎的执念。开拓了几个对比视野，城乡的差异，富裕与贫穷的鸿沟，镶嵌在政治的背景之中，政治洪流下小民的生活。,P
0,雪婴,2020-07-13 00:35:25,,文弱的男子。想起了自己黝黑高瘦皮肤凉滑的初恋，他也是个文学青年～,P
0,YukiMorimi,2017-12-29 17:43:50,,文字还算不错吧，但是思想以及歌颂的太.....,P
0,策马奔腾安河桥,2019-05-18 16:13:01,,特殊的年代使人将不人，人性泯灭,P
0,Anson,2014-10-01 23:57:41,,高其才老师和戴吾三老师讲课时都提到了他。刚刚去世，想必他对父辈都有巨大的影响吧。RIP.  一个男人如何活到笑对人生，从容淡定，荣辱不惊，达到真正的不事声张，心态圆满，是男人此生必然修炼的东西吧。,P
0,simply叨叨,2018-11-07 16:07:57,,重温了牧马人后就找原著来看，灵与肉只是个短篇小说，才方便改变成电影吧，电影基本上把该有的都拍出来了，就是不知道为啥把清清改成男孩子，其他几个短篇也都有那个时代的苦难和反省，伤痕文学吗？真是疯狂又荒诞。,P
0,绿毛水怪,2021-03-22 21:04:43,,伤痕小说艺术上确实很稚嫩，但是奈何疯狂荒诞的时代的记录足矣震动人心。最后一篇土牢情话是最打动我的。,P
0,常思,2021-03-07 14:57:37,,哪怕肉体守着苦难，可灵魂依然要保持着信仰理想和希望,P
1,青松,2020-02-05 11:53:52,,少看伤痕文学，做个睁眼瞎挺好的，,P
0,栗拾,2018-11-21 22:29:10,,几乎每篇都带到那段被湮灭的历史。我不了解，我只知道暗黑和被禁。没想到作者的直面历史篇篇刺中能够呈现在当下的年轻人面前，这才是可贵。,P
0,分裂,2018-07-08 22:55:29,,你说他讲了个啥？御用文人的八股套路,P
0,不见,2020-03-25 15:38:54,,灵与肉如果是长篇就好了,P
0,袁朗,2019-08-03 16:56:31,,有些书不是要教你做人的道理，而是将事实摆在你面前，然后你去选择自己该做什么,P
0,沪北野武,2020-08-09 13:12:24,,《吉普赛人》和《土牢情话》,P
0,判官,2017-04-05 00:29:09,,好短,P
1,以此为寄,2020-08-24 19:41:50,,"就还蛮感动的。

物质欲望和精神自由的冲突大概也是每个现代人面临的问题，在“长恨此生非我有，何时忘却营营”和“小舟从此逝，江海寄余生”中摇摆。

不过感动归感动，作为年轻人我觉得我还是要好好努力啊，警惕在自以为的“精神乐园”里固步自封。

许灵均最后拥有选择的权利，所以他的选择、他对生活的态度才让人感动。但一个被迫选择的贫苦的人很难说他是不是真的快乐，会不会伺机叛逃。

我又想起了迅哥那句“人必生活着，爱才有所附丽。”精神自由必须建立在一定的物质基础之上才是有可能、有力量的，而且这个成本越来越高了。这就是焦虑吧。啊。",P
0,泽漆,2018-08-14 10:17:24,,离开土牢和农场，后创伤记忆同样漫长。理想是那一代人永不消息的炬火。乔安萍一类女性是理想人格的凝缩与永久的牺牲物，始终被置于“章永磷”的男性凝视之下，所以香久必然被弃，吉普赛人必然被祸，沐风栉雨，然后华发残颜。,P
0,拨一,2016-10-22 09:41:36,,假若许灵均的老婆不是这么美好的一个人，故事又当如何呢？,P
0,西瓜的夏天,2019-08-14 11:17:18,,希望自己在任何时候任何情况下坚持自己所坚持的,P
0,CAMILA,2020-11-26 20:56:28,,"灵与肉&土牢情话√
“难道我们阶级敌人就没有母亲吗”真是灵魂反问啊哈哈哈哈",P
0,一枝尾:）,2020-07-31 14:55:49,,依旧使通勤读物。老许，你想要老婆不要?,P
0,十三巟,2019-12-26 19:49:37,,当史料看看好了,P
0,竹刀羔羊,2021-02-16 17:19:28,,退两步，进一步。灵与肉，神与人与鬼与妖与奴。,P
0,倒吊小熊猫,2019-11-15 15:49:23,,3.5；《靈與肉》《邢老漢和狗的故事》,P
0,我是雅雅霖,2020-03-30 15:47:50,,电影《牧马人》感动了一代人，正是根据《灵与肉》改变。本书6个中短篇小说，以特殊历史时期57年反右和文化大革命为背景，那是知识分子浩劫得年代。作者本人真是由于发表了《大风歌》被打成了右派，劳动改造22年，79年平反写成这几篇作品。那时候的人有身份差别，区分在“成份”，那时候活着隐忍而克制。他们在崎岖坎坷的人生道路上互相搀扶，互相鼓励，互相遮风挡雨，一起承受压在他们身上的物质负担和精神负担。去听宁夏镇北堡影视城，在张先生墓前鞠躬，带着敬意。,P
0,小丸子🍡,2019-05-19 16:27:15,,很“八十年代”,P
0,ℒ ℯ ℯ,2020-10-11 10:33:27,,伤痕文学，不错,P
0,阿金,2021-03-17 17:39:56,,很是真诚，读到最后眼泪要下来了。,P
1,Lililililim,2020-01-10 20:43:36,,古代读书人梦狐妖，现代读书人梦秀智这样朴实大方温柔的劳动女人？还是意识形态色彩太重。,P
0,第十八片银树叶,2021-03-18 12:48:15,,也是时代性比较强吧。书中对土地眷恋的情怀固然很打动我，但清清的命运是否错失了重大转折呢？,P
0,kamiya,2021-03-29 11:54:20,,啊……这对自然的描写/男凝严重/灵与肉：父亲（中西旧新），对文革自然回归/马克思的眷恋，快乐是因为痛苦而有了意义的。霜重色愈浓：四个形象的对话，挺深入的信马思想的小知识分子伤痕记录了，真疼啊大时代对人的摧残，以及隐隐约约的希望-或许……人情味将要到来？//不喜欢。。有意思的点：对自然-劳改，被压迫下天然的顿悟，皈依马克思，痛苦与幸福的拉扯，相对成立。。但整体就是伤痕文学limited的味，没有更多，以及因为是男的写的实在是逃不脱那种对女性的可恨的塑造,P
0,榕楠雅记～,2020-03-09 15:31:52,,《邢老师和狗的故事》最好。,P
0,疯隙碎笔,2021-04-16 22:00:49,,张贤亮的奇特的苦难认知 或许依旧是一种共名呢 可是那些苦难到底该如何认知 他们更有发言权 只是叹息。“个人的苦难既然只有在民族国家的大集体叙事中才能获得意义，那么当历史叙事已翻到拨乱反正重建秩序的一页时，个人就应当迅速忘却苦难、化悲痛为力量、重振心志，从而忽略了心灵常常无法像意识形态秩序那样容易得到修复、重建。” 正如张贤亮笔下对苦难的感恩叙述，不懂是对被废弃岁月的强加了价值以慰藉自己，还是果真被成功地“改造”了（无法想象），或者只是ptsd，已经将那个时代的价值体系真正内化了。。。总之读得越多就越模糊，但好歹给几年前我心目中“激情燃烧的岁月”祛魅了。,P
0,会飞的小翅膀🪽,2021-06-03 20:25:26,,伤痕文学的典型代表，文人气有点重。,P
0,移风,2018-11-16 11:20:19,,总觉得张贤亮……里面仿佛包含着许许多多层，你不知道哪一层才是真正的他，也许每一层都是。他大概说，我就这么写出来，你们自己看吧。,P
0,皓天眩光,2017-08-15 21:03:57,,又是一部伤痕文学。张贤亮的作品总令人感到触及灵魂，在内心深处久久徘徊。,P
0,繭沐夫,2014-10-20 13:49:24,,10.16上完。一次精神的鼓勵。今年9月去世的張賢亮不但是歷史的重述者也是精神塑造的導師，他沒有應打成右派受盡磨難而怨天尤人，思想悲觀，他在磨難中得出了“任何理性上的認識如果沒有感性作為基礎就是空洞的。”他體會到最寶貴的東西正是勞動者的情感。幸福唯有經歷過痛苦才知道它的價值。他是現實中的勇者，同時也是精神中的巨人，這樣的張賢亮中國依然占大數。,P
0,记性不好的人,2020-11-13 22:09:39,,喜欢许灵均和刑老汉这两篇，别的看不下去。我还是更适合看长篇小说，这个短篇节奏把握不行，看不下去，语言充满高大上的哲学色彩和政治话语。,P
0,糯米小花,2021-09-16 21:37:04,,"“我也想念过你的。”
“是吗？”父亲抬起头来。
是的。二十年前，在那个秋天的夜晚，月光穿过窗纸被大雨淋破的窗棂，洒在一群像一堆堆破布的人们身上。

许灵均。资本家父亲抛弃了他，被打成右派，在劳动中明白了生活。",P
0,冬瓜太郎,2021-09-24 20:18:46,,纯洁的人性在赎偿人类所有的缺陷。,P
0,Q.J.,2021-08-07 13:52:19,,"没有伤痕的伤痕文学
复杂的，动荡的岁月，毕竟已经过去了
虽说感悟到所谓劳动者的情感，但事实上这与意识形态无太大关系，毕竟平民们谁真的搞斗争呢？
倒叙的手法还是老套了些",P
0,小隋,2021-08-01 23:04:10,,“男性读书人叙事中以贬抑方式呈现的优越感，凭借知识以求闻达的根深蒂固的愿望”，《土牢情话》又是另一本《绿化树》，遭受放逐的知识分子和温顺的热烈的劳动女性，强烈的自叙传色彩让我不可抑制地厌恶起了作者本人。还差两本书我就解放了，这辈子都不想看张贤亮了👋👋👋,P
0,春山,2021-08-28 16:29:17,,"我对《灵与肉》的好感显著高于《绿化树》和《男人的一半是女人》。尽管三者毫无疑问都分享着同样的叙事模式“古典小说中的落难书生于乡村之中偶遇结实能干的女性”，但至少在《灵与肉》一切似乎都还披着温情脉脉的外衣,对于“劳动”的肯定让人动容也充满着症候性,此间的劳动最光荣已经不是十七年时那种将自身融化于集体、在劳动之中锻造阶级主体的劳动了,而是“在共产主义过渡时期,以劳动复辟自然经济与商品经济”的劳动。",P
0,晋江文学城,2021-10-19 11:18:25,,非常有时代特色的几个有关悲欢离合的短篇，张贤亮剖析那个时代知识分子的内心还是剖析得很透彻的。,P
0,山南,2024-05-15 14:47:06,江苏,相比于相关论述蔚为大观的许灵均，许父的形象里暗含了时人对“他者”最具体、生动的想象，而这个“他者”既是冷战另一极的西方世界，也是半个世纪前的“五四”（二者又同时寄寓于许灵均记忆中的上海）。许父和倪吾诚属于同一个形象谱系。,P
0,刀魂剑魄,2020-08-16 13:43:43,,确实牧马人电影只拍出了原作的外形，张贤亮不当编剧是对的。,P
0,颍原真吾,2024-04-25 09:05:00,河南,他饱尝过极左分子给他的苦头。那些极左分子有一套超科学的方法，能把人的每一个脑细胞都制成切片，放在所谓的“政治显微镜”下面。这套超科学的方法不仅会把一个脑细胞放成足球场那么大，还能观察出脑细胞中根本没有的分子。,P
0,刘骜,2024-10-02 14:56:09,内蒙古,感觉里面对于女性的描写不敢恭维，虽然咱也不是女性，但是总感觉有种男性一厢情愿的自恋的感觉。这几天读了挺多伤痕文学，这些小说到底还是时代的产物啊，大多数政治意义远远大于其文学价值。,P
0,爱丽丝梦游人间,2020-01-01 10:41:55,,看完不觉得压抑，只是怅然，人性在危难中露出真容，书中所有女性角色都带有为爱献身精神为了男主勇于牺牲，但是男性角色为她们做的皮毛而已，可能这就是知识分子的吸引力？,P
0,从前有个宫儿,2019-12-05 21:45:04,,太油腻了。。,P
0,花掠过风的心动,2018-05-04 20:05:30,,5.2平淡朴实的语言，写苦难中的温情,P
0,Mirai bingo,2021-04-05 00:31:11,,最开始是因为看了《牧马人》的电影知道的许灵均和“毛丫头”，被他们的爱情所打动了。后来找了这部书来看，都是上个世纪文革背景的小说，那个年代，没有坏人，也没有好人，所有人都很狂热。,P
0,考试不会就选C,2020-03-21 22:07:09,,还不错,P
0,草垛儿,2017-10-10 05:08:11,,当然是和灵与肉没太大关系了…非常明显的时代痕迹，非常自然的反思，写得很古典,P
0,山不见,2019-11-25 22:19:47,,在那个时代背景下，爱情必然不是自由的，也就有了灵与肉的博弈。然而近半个世纪后，依旧遍地都是可怜人。,P
1,Tom90,2012-12-02 22:46:55,,还是在体制内，并未超脱，说出了一些东西，但是只是一角，还是在替党妈背书,P
0,自由的心,2015-03-21 10:13:21,,3.5,P
0,天下第一波刘波,2021-11-19 18:10:30,,"总是讲述一段朴素而又悲伤但又坚定的故事，你说是好，还是不好，是幸福还是不幸，其实只有自己知道。生活，有的时候是活下去，有的时候却是生存下去。都找到自己的想要的生活的样子。",P
0,Seher💭,2020-03-02 22:29:28,,"张贤亮的文字是难能可贵的深刻，题材上都是伤痕文学，而结合作者经历来看更像是他的自我阐述与救赎。
当然还是最喜欢《灵与肉》这篇，尽管有着理想主义的嫌疑，却将“灵”与“肉”的纠缠与矛盾交代得坦荡。
相较单纯的反思，更带有沉痛地审视意味，也注重于剖露出人性的复杂。
还是欣赏借环境描写渲染出的年代气氛，虽然它的存在似乎不太妥当。",P
0,阿甘,2014-10-03 16:16:33,,短篇小说，值得一读。,P
0,动动笔记本,2013-07-11 19:31:02,,散发着做作别扭的味道,P
0,益州刺史,2022-03-02 18:58:38,,我好像看过电影？但是那个秀芝的选角不好。时代的分隔造成了两代人的隔阂，但是他们也在见面中获得了安慰和自赎。只选读《灵与肉》,P
0,郭彦华,2020-02-01 20:53:21,,"灵与肉：回首处，处外是风景。
邢与狗：悲剧，发生的好合理，好自然，好无耐。18
肖尔布拉克：爱情是什么，是玄学。",P
0,刘不懂,2021-10-01 20:47:13,,品读伤痕文学，意义更多在于在苦痛中反思过去，检视我们的灵与肉是否分离。,P
1,木每,2017-03-15 06:37:00,,张贤亮可能有劳改情结！后来看他简介，果真劳教过，跟底层人民生活了二十几年，字里行间流露着怨念和优越感，但还是很可爱。土牢情话，加分！悲恸！心碎！💔！,P
0,林雁飞,2018-09-08 21:27:34,,“劳动是高贵的；只有劳动的报酬才能使人得到愉快的享受；由剥削或依赖得来的钱财是一种耻辱！” —— 莫名其妙在Youtube上点开了今年的新剧《灵与肉》，早前看过《牧马人》，早饭时又看了遍原小说。工作和钱的关系在资本主义时代越来越”陌生化”，我倒是相信这句口号式话背后的真理。真正的“劳动”是要有和土地的亲密的。,P
0,武大郎,2013-06-10 19:50:00,,只看了《灵与肉》这个短片小说，感触颇深。他时时在自己的作品中，揉入自己的感情发酵粉！！！,P
0,AZ,2021-01-04 23:05:00,,看《土牢情话》这篇看的窒息。政治压迫时代，人格、人性、情感通通被抹杀，乔安萍的爱情就像一片乱石中破土而出的小草，闪动着独属于人的生命的光。这点光，对于生活在黑暗中的人来说，是不可抗拒的力量、不能放过的激情。但终于，这个力量变成了沉甸甸的压迫，压倒了两个人的两生……,P
0,葉行的小优,2018-09-16 16:43:17,,《莫泊桑选集》里的那个故事我也读过耶，这篇小说不会就是受那个启发的吧,P
0,稻草人,2017-05-30 22:02:09,,那个时代可写的故事太多了，扭曲的人性到处都可以看到，由此才会有现在看起来的那么深刻吧。,P
0,蓝,2020-08-23 14:08:01,,受苦的男人和献祭的女性。写的人一把血肉模糊，读的人大开眼界啊。人性的恶，绝无底线。人性的真善美，永不瞑目。,P
0,特立独行的猪,2014-12-19 22:27:29,,读他的引头便是他的去世。先看的行老汉和狗，然后是土牢情话。由此让我决定一直读下去。有幽默的气息，无时无刻不透出真实感，却又有荒诞之处，让人感动于细微之处。,P
0,强强强力强力胶,2018-12-23 09:34:14,,和土地生活在一起的人，思维方式可能和我有些不一样。但是信念这种东西是没有差别的。我相信某个东西，于是它就成了我的生命，我的终极姿态，我为之付出一生的事物。,P
0,折叠,2019-01-27 23:09:09,,过于刻意,P
0,a,2020-10-17 14:07:44,,打卡本书六分之一《灵与肉》，原谅我get不到，这类故事实在见过太多了。当然不否认小说的深刻价值和意义哈。,P
0,暮中山山,2021-04-24 11:35:55,,在伤痕里打转 “从此，我走到了阳光下。”,P
0,王子面,2020-10-19 22:56:58,,真的好伤痕 文笔还是不错,P
0,日向翔阳春三月,2020-03-20 18:30:31,,“他们只会从偶然性中看到荒谬的一面，不能体会到偶然性也会表现为一种奇特的命运，把完全意想不到的幸福突然赏赐给人。而且，越是在困苦的环境，这种突如其来的幸福就越是珍贵。”,P
0,解绳记人仓颉猫,2024-08-03 18:52:13,湖北,结局露出鸡脚,P
0,醉,2025-04-08 06:27:02,江西,最近总是在小视频中看到牧马人的片段。就是电影中那段队长给他介绍并促成婚姻的那一段。有时候，特别是放在现在，很难理解婚姻怎么如此的简单？却又那么深刻与持久？当然有时代的背景，我想，更多的是文化传统的传承。而这些背后的东西正是小说所引发或者说带给我们最深刻的东西。为什么那个时代是那样的？为什么那个时代能那样？,P
0,Cygnet,2020-02-27 18:02:22,,不如《绿化树》。,P
0,游牧晴,2020-08-08 10:55:52,,最浪漫的事情,P
0,07notfound,2021-11-24 23:41:24,,"我个人觉得是又有时代背景又有文学价值的一部。
看到他内心翻涌的情绪，控制不住地哭了出来…敏感的人是不分年代地觉得孤独啊。",P
0,momo,2019-09-27 11:44:38,,被打成右派，与农场相伴，直到粉碎四人帮以后才得以平反的许灵均，尽管他遭受太多磨难，但始终热爱这片土地，有着坚定的信念。,P
0,雪堂风定,2022-06-17 17:01:43,,经典值得一读,P
0,做个梦给你,2019-06-12 15:34:45,,冲着老汉和狗给四星,P
0,安菲,2020-03-16 17:19:17,,"3.13读完
仅仅读完《灵与肉》单篇
3.19
读完",P
0,行行重行行,2021-05-07 20:45:51,,如果不是思考得太浅，就是思考得太过深。,P
0,黄西蒙,2021-02-18 04:27:36,,特殊年代的欲望叙事,P
0,坠欢莫拾,2020-02-25 11:23:07,,有些人永远在十年里失去了青春，情感。,P
0,米白,2014-11-13 20:34:06,,人生的本质就是一种本自具足的一种自我实现，而不是内在亏空的自我埋怨。,P
0,三三,2012-05-23 15:28:50,,内心的煎熬，简单的情节艰辛的选择！,P
2,秋白,2018-03-25 10:19:03,,书名大于内容。,P
0,良辰子父,2014-12-27 00:23:30,,说来惭愧，来银川4年多了，作为好读书的我一直未拜读张先生的著作，直到忽闻噩耗才终精心研读，张先生用朴素的语言诉说着文革的罹难，希望我党能反思文革的错误。,P
0,端水大师,2021-06-22 11:21:26,,许父的困顿与逃离受害于封建婚姻，许灵均与秀芝的荒诞结合却因彼此理解而让人艳羡，两代婚姻的对比，在对许父暗讽的同时也多了些同情味道，对许灵均从头到尾都是欣赏。至于张贤亮笔下的这几个女人，真是一旦爱谁就无关相貌与物质，任其他男人被外界评论得多天花乱坠也从一而终，都是忠贞的女人，只关乎是否托付对了人。,P
0,平眉对目,2020-01-31 23:00:29,,书名回荡有声，将哲学、心理学，脱离生存环境去解释，离题万里。他没病。你们也没病，但是，手捧“万金油”的医生，写出诊断书，从中也能看出自身的疾病。,P
0,早睡早起,2014-09-28 18:10:52,,"所谓的伤痕文学
因为作者的逝世又看了一遍
那种对劳动的赞扬对痛苦的轻描淡写对幸福的满足
让人恶心",P
0,小法克,2008-04-19 09:46:44,,电影牧马人,P
0,momo,2021-01-13 23:15:08,,"白捡一个老婆就很开心
可惜还是无法摆脱“男性凝视”，秀芝只是幸存者罢了",P
0,momo,2020-05-03 21:56:27,,"每一篇故事讲的都是大跃进文革时期人们的生活，从第一章的劳动人民到最后一章的知识分子。
更让我体会到那个时代的疯狂混乱。
最后一篇讲的对文人的迫害更多，一个个无辜的良民被打上各种迫害标签，真的很讽刺。它的题目是《土牢情话》主要讲的是石在同志和乔班长的故事，原本他们会有一段纯洁幸福的故事，却因为当时的时代环境，石在不敢确认乔班长的强烈追求，两人天各一方，一个愧疚，一个痛苦。唉……",P
0,紫府小勺鹅,2021-11-04 15:10:16,,许灵均最后还是坐马车回大西北小土屋去了。,P
0,安德,2020-01-07 14:30:20,,《灵与肉》《邢老汉与狗》已改编成电影。《吉卜赛人》一次意外导致两颗心的邂逅，又被迫分别。《四十三次快车》民众吊唁周总理被迫害。《霜重色愈浓》平反后的教育。《土牢情话》错的年代，错的人，可恶的“革命”混乱年代。（不是总结，给自己看到，因为记性不好,P
0,墨泪,2021-10-15 19:20:58,,很真挚，很让人心痛,P
0,小乌龟,2019-02-14 20:14:34,,多是说不好，可我却很喜欢，如果是我可能也会做出留下来的决定，没有感受到过温情的人，把情感看的越发重，是自己活下来，感受到幸福的力量，又怎么能说抛弃就抛弃呢？,P
0,喵身彤面像,2015-08-03 13:17:20,,刚放下翻译文学，读原汁原味的语言感觉真美。听着平淡的口吻诉说那一段跌宕的岁月，仿佛又闻到了西北干燥的空气，想起黄色皮肤上明亮的皱纹，还有那平实和善的笑。“任何理性上的认识如果没有感性作为基础就是空洞的。”我们仰望星空，也不能忘记看看脚下的路，还有，身边的风景。,P
0,Artemis,2019-04-10 18:59:15,,意识形态色彩是有的，刻意的歌颂与贬损也是有的，但是我很喜欢。“过去，资产阶级遗弃了他，只给他留下一个履历表上的“资产”；后来，人们又遗弃了他，却给他头上戴了一顶资产阶级右派的帽子。”事实上，无论是灵还是肉，许灵均都从未属于过那个光怪陆离的世界吧。,P
1,坏情绪收割机,2017-10-09 16:45:39,,文字还算不错吧，但是思想以及歌颂的太.....,P
0,芝麻饼干,2020-01-25 22:03:21,,知识分子、右派、劳改，让后人从不同的角度更多地理解一下那个充满悲剧和伤痛的时代：命运的捉弄、人性的扭曲、和混乱中艰难保留一丝淳朴和善良的、挣扎的人们。,P
0,麦田守望者,2014-05-29 22:48:18,,跳出了控诉框框的小说。完整立体。,P
0,FermeFaon,2018-01-31 20:36:54,,处处都能体现出那个时代的影子 张贤亮真的特擅长描写环境烘托气氛 描写人也描写得特别特别美 感觉就算在这么糟糕的时代环境下 他笔下的人物都美好得很 纵使生活不易 仍熠熠闪金光,P
0,mangoooo,2022-02-03 23:00:51,,看了牧马人电影之后才找原著看的，篇幅很短，上个世纪资产阶级的阔少几经波折成了草场的放牧员，经年之后又被早在海外功成名就的父亲找回，富贵精细的北京城里的一切和贫瘠朴实的草场牧民生活不断在脑海中交错，最终还是决定放弃唾手可得的亿万家财而选择朴素的牧民生活，总感觉教化意味太强，不长的篇幅里总是在表达劳动光荣，父亲的财富在他眼里是靠剥削和依赖得来的，不过想想这种观点确实比较符合当时的时代背景，“越穷越光荣”，资产阶级是可耻的剥削者……,P
0,水是眼波横,2025-04-07 23:09:41,广东,西北的牧民房能够抵挡得了狂风暴雨吗？,P
0,五七九路公交车,2018-10-23 01:35:13,,张贤亮真是一个好作家。,P
0,润升,2017-03-29 21:18:18,,大一读。,P
0,arsonkwong,2012-09-27 23:01:27,,"""唯其有痛苦，幸福才更顯出他的價值”",P
0,vyan,2017-09-08 10:40:23,,典型的沐浴在改革开放的“春风”下的文人，这世道，真是什么人都能自称是作家了。从各种意义上来说，这本书都是垃圾，甚至连鸡肋都谈不上。,P
0,莫衷一是,2020-02-25 22:45:01,,肉体上经历了折磨的痛苦但又留下劳动的印记，精神上饱受极端的摧残和折磨却又被偶然流露的温情和亲近的自然治愈创伤。当幼年抛弃的父亲在一切尘埃落定之后回来带他离开，还能离开吗？经历了灵与肉的挣扎，他的根深深扎在那片他劳动过的土地。错误是别人定的，也许哪天他没错，也许哪天他再次成为“右派”，但许灵均早已经在劳动上找到了自己的信仰。,P
0,水长东,2021-09-08 18:06:44,,劳动真的能拯救人吗？我看未必，在我的印象中，劳动带来的是受难！,P
0,月半明时,2023-03-07 21:59:01,北京,@2020-06-30 17:37:31,P
0,染火,2019-11-28 10:22:22,,那些坚持，不是执念,P
0,会举重的小妖精,2017-03-08 15:28:08,,非常好的文学作品，改编成电影牧马人了，我妈都看过。,P
0,墨迹磨叽,2012-05-15 10:20:59,,灵与肉总在自己成长的故土。,P
0,Loren,2019-12-07 10:32:26,,与我想象的内容大相径庭,P
0,路里,2020-11-12 22:16:42,,看下电影吧，女主演的好,P
0,阿花要吃炸酱面,2021-08-26 23:27:10,,通病，我希望可以……不过这样我就看不到了,P
0,愿逐月华流照君,2020-11-30 14:59:16,,"哲理 爱情 国家 毛主席...自我心灵的精神冲突 几种心灵的精神冲突...

作者并不持批判的态度的笔法书写伤痕

但是书写出来的伤痕却让人感到十分震撼，久久难以忘怀

我愿称之为伤痕文学写的最棒的作家",P
0,Bed Ending,2021-03-30 16:32:50,,看近现代史，总给人很恍惚的感觉。父与子明明是面对面的谈话，却不止隔着三十年，还隔着社会主义和资本主义的鸿沟，理念、时代，仿佛跨越时空。对马厩、草原、婚姻的叙述很动人,P
0,HiZie,2021-05-02 09:09:27,,在备受折磨后能选择再次相信，实在是质朴纯粹的伟大。,P
0,快看现当代！,2020-05-03 23:52:36,,终于看到经典的那句话：“老右，你要老婆不要？”灵，劳动 灵魂 生命的意义，肉则是现实物质上的满足。,P
0,告别漫长28,2020-04-14 20:18:55,,特殊的时代，特殊的感受。,P
0,momo,2019-03-22 19:34:11,,我觉得挺好看,P
0,还没想好说什么,2020-12-13 21:49:14,,整书核心：劳动最光荣,P
0,有棚子远方来,2013-05-15 19:41:47,,内心的富足才是总重要的,P
0,百香双重奏少冰,2021-05-04 01:10:03,,……谁能想到，虽然先读了小说，但是在我这里电影的意义远大于小说，文字成为了电影的补充，那就当作番外来看吧。,P
0,东木先生,2023-09-24 10:11:48,山东,大多数写于七九年，还有着那个时代的彷徨，对未知的恐惧。但这个时期张更注重的是当下，他所处的那个时代变革的当下，带着劫后余生的余悸，怀着春江水暖鸭先知的感知，他写下了一系列文章。和张后来的文章不同，过往的经历只是一种闪现，出现在回忆中。这本集子最出名的莫过于灵与肉，改成了电影牧马人，传播广泛，似乎更符合主旋律一些。但是其他篇章更注重一些普通人在彷徨时做出的选择，在当时其实有着震聋发聩的作用。尤其是霜重色更浓，或许架构和人物现在有些过时，如果拍成电视剧，不比当年的悲情韩剧差。,P
0,Lq,2020-05-24 01:24:27,,"今天和同学在路上走
提到了《牧马人》
想起了当代文学课上的《灵与肉》
一代人有一代人的情怀
对于文学作品千万不能以现代之眼光去看待
那一代人
是值得尊敬的！",P
0,真的有点饿,2021-01-20 21:04:27,,书中真是鲜明体现了男性对女性的凝视，中间的政治正确也过于生硬，实在是读不下去,P
0,陆地怪怪鱼,2020-04-06 16:47:28,,那个时代下，朴实的牧民、勤劳的女人，那些让你心生温暖的纯良。都是留下的理由。,P
0,银河猎手,2022-02-15 15:20:55,,没反思到点上的反思文学，不知道的还以为是怀旧。而且八十年代的作家好喜欢拽西洋词汇啊，有一种浓浓的维多利亚小说的矫情感。,P
0,AHim,2018-04-22 22:08:20,,2014.06.03,P
0,小虎,2020-04-03 19:41:18,,"感觉那时候被扣上帽子的人活着真苦啊，人生的酸甜苦辣我想在挨过那段岁月的人日后要是在火车上看着窗外回忆起来，真的是五味杂陈了！

我爷爷疫情前来我家，还给我讲起了他十一二岁的事情，论劳动他样样拿手，肯吃苦...但是那时候手里有点权的很坏很坏。爷爷嘴里还是会骂他们，不会给他们口唤的。",P
0,春花,2021-06-09 10:55:48,,生字太多，读起来老费劲了,P
0,momo,2014-08-09 20:30:03,,推荐《牧马人》,P
0,Colonnello,2020-05-15 14:52:34,,从文字中可以深切感受到当年那种质朴的情感，信仰不一定是精神、鬼神或具象物，也可以是劳动的力量。对于秀芝与许灵钧那段罗曼蒂克的描写，心向往之。《霜重色愈浓》比本篇更深刻，青年时代因爱生恨，加上那个人人自危的高压年代背景，到两个人因为政治开放后共同的伟大理想而握手，最后一段用朴素的家庭对话描写拨开整篇的阴霾，舒爽。,P
0,小猪·打豆豆,2019-04-29 12:10:19,,锦衣玉食、纸醉金迷的生活都吸引不了我，因为对劳动人民的热爱，对那片土地的热爱，那才是真正的自我。其实我是理解不了作者的心态的，我这个俗人肯定会选择前者。这可能要从作者的背景入手，作者经历了22年的劳动改革，在最青春年少的日子里只能留在那片土地上，否定那片土地就是否定了二十多年的自己，所以才用这种方式强调对那片土地的热爱。,P
0,蛰萤,2017-09-06 20:40:55,,"2017.9.6
《黄金时代》对“灵与肉”的探讨比这不知道要高多少，况且这篇内容同标题实在没有多大关系，矫揉造作，比《绿化树》还要差。",P
0,遇见,2021-08-07 23:59:46,,成名之作，但与后期作品相比，略显堆砌,P
0,冰哥儿,2017-12-26 13:21:53,,有人说，作者始终没有接近底层劳动人民。我只是想问，人的出身不是自己能控制的，人的命运在那个年代也不是自己能够掌握的。那么，何为底层劳动人民？这些标签的意义又在哪里？作者只是用一个视角反映了当时社会的生存状态。写得深刻，发人省醒。,P
0,穆子,2011-11-29 18:05:36,,说不清什么感觉,P
0,苏叶,2019-09-24 09:49:57,,许灵均是一个不幸的人，又是一个幸运的人。他是被富人抛弃的儿子，十年文革，他被打成右派，被人称为老右。但他却在放牧的几年里感受到了周围人带给他的温暖，他有了妻子，有了孩子，虽然他和妻子在一起只是一个巧合，但是两个人在一起却心心相惜，他感受到了美好，后来政府也为他平了反，成为了一名教师。因此，他的富豪父亲回来找他，想要接他到美国去，他拒绝了，我想他是看他了乡亲们对他的好，也是对政府有了一点新的期望，我想他一生的苦难，早就在他平反時，在大家的关心中，都烟消云散了吧！！！,P
0,艮让,2019-03-23 16:59:18,,"“《灵与肉》虽然很像《情深深雨蒙蒙》但它却是严肃文学就是因为《灵与肉》里的父亲不是陆正华。”老师上课开的玩笑哈哈哈哈  很多人当他们在自己并不完美的生活里找到了幸福感，那么对于未来是否应该再“向前看”就变得没有什么意义了。",P
0,momo,2020-03-05 22:14:41,,"其中有很多对乡村景物的描写，也写了乡村的人，写了他的妻子秀芝的纯朴勤劳。并且多次提到劳动的快乐，赞美劳动者，歌颂劳动者的情感。而他们父子之间的隔膜也就是灵与肉之间的距离，许灵均成为了一个名副其实的劳动者，而父亲是工商界大亨，物质上是相当的享受，精神上却是空虚的。
另外，感觉其中对于苦难的态度似乎是很不一样的，并没有一味地写其中的痛苦，更多的是苦难中的欢乐，但这种欢乐若是离开了痛苦的对比，则会变得毫无价值。",P
0,风之印迹,2011-06-11 20:25:50,,很好的故事..,P
0,氓,2019-12-16 02:10:40,,伤痕文学还是少看的好   但确确实实是一本不错的书的书,P
0,一颗白煮蛋,2019-10-27 12:50:30,,"任何理性上的认识如果没有感性作为基础就是空洞的。在某些方面，在某些时候，感性要比理念更重要。
不过更喜欢他的《刑老汉和狗的故事》，其中体现的人性更为真实温暖，跨越时代。",P
0,豆友x5WtZZ8uYc,2022-03-23 23:20:26,,许灵均和秀芝的爱情,P
0,非常人贩,2018-09-19 19:32:00,,短篇小说的魅力留给人更多的深刻体验，看的我想被拉去大西北劳改,P
0,N,2015-09-04 11:38:59,,金窝银窝不如自己的草窝。,P
0,HLE安俊毅,2020-06-13 10:04:42,,读过后想到了对标题的很多种解读，不错的短篇小说,P
0,小黑的虎斑猫,2021-05-16 20:39:30,,带着浓重的时代色彩，作者的文字驾驭能力确实很棒，但能感觉他的思想非常矛盾，大概是因为作者很难欺骗自己吧,P
0,阳小暖,2016-03-01 13:54:19,,牧马人电影原型。看完电影，当代文学老师要求写影评就找来看完了。很短的一个短篇。,P
0,finduhearmusi,2020-02-12 15:15:56,,“任何理性上的认识如果没有感性作为基础就是空洞的。在某些方面，在某些时候，感情要比理念更重要。”张贤亮太会写了。这部小说集里所有小说都很好看。,P
0,顾笙,2017-06-12 14:24:11,,对伤痕文学的作家总有一种敬意。,P
0,二狗子是傻子,2020-07-04 01:08:56,,作者笔下的女主都善良，勇敢，为了爱人敢抛弃一切。李秀芝，乔安萍，吉卜赛女人，要饭女人。,P
0,空过为,2020-01-15 16:15:50,,和刘心武的班主任一起读的，伤痕文学看多了有些分不清作者是谁。相对来说张贤亮故事更好一些，喜欢《邢老汉和狗的故事》。,P
0,用户ygeb01ba05,2016-10-27 15:37:39,,刚开始仅仅是被书名所吸引，“灵与肉”很自然的让我联想到“性与爱”，但是当我去了解作者，再去了解这本书，再去了解那个时代，我才发现他写的不仅仅是儿女之情，个人对自己的探索，更是对文革时代人性的扭曲，人情的复杂的深刻描述。,P
0,你看看你！,2021-03-06 07:54:56,,虽然没看过根据这本书改编的电影，但是看过相关的电影介绍，不得不说，电影拍的比这本书写得好。,P
0,艾斯快来找我玩,2020-04-13 11:53:36,,里面无论是任何人，似乎都围绕着幸与不幸所展开，但最后所选择的还是精神方面的充实踏实，很治愈的一部作品,P
0,今日失忆症患者,2018-07-01 18:21:47,,行文之间透出一种朴素真挚的生命力，全无阅读之前预想的故意为之的政治正确。或许张贤亮也在与土地稳定的物质交换中找到了一部分自我吧。,P
0,小小苏,2018-05-07 23:05:55,,喜欢啊喜欢啊，这类小说。刚改革开放真的发生巨多的故事，浪漫的，现实的,P
0,结局引起舒适,2019-05-16 01:18:42,,莫名其妙给我一种儿时的……无法言说,P
0,养猪个农民工,2010-05-16 21:23:02,,"资本家的儿子写着自己的苦难史,真情可贵!!!",P
0,momo,2020-03-02 15:30:38,,《灵与肉》有复杂的人物形象和宏大的社会历史背景，完全可以扩写为长篇小说。个人认为，这是一篇不那么典型的“伤痕文学”作品，不具有很强的政治口号宣传性，而是片断性地通过描写主人公许灵均的生活经历和成长来映衬大的时代背景，深入挖掘人的内心层面的情感和体会。许灵均从一个抛弃自己的封建地主和资本家结合的家庭中走出来，成为了一个踏踏实实的劳动者。文革结束后，与妻子秀芝和女儿在一起朴实无华的生活比起资本家父亲带给他的都市繁华更让他明白了劳动和生活的真谛。就像秀芝说得“面包会有的，牛奶也会有的”。,P
0,南风,2020-12-17 16:54:56,,唯有其痛苦，幸福才更显出它的价值,P
0,大海的海,2019-01-19 17:01:17,,2019之七。这本小说我送过人，原本取题目之意，爱你是灵亦是肉，实则谬解了，哈哈哈，难怪人家不理我后来。,P
0,pineapple啊,2017-12-04 15:05:25,,他愛這裡的一切，連同她的瑕疵，就像他愛自己的生活，包括過去的痛苦一樣。”,P
0,宿雨初阳,2016-03-19 11:12:23,,人性的朴实之处就在这里了。,P
0,一然杂谈,2018-06-26 18:56:04,,情绪比较多,P
1,祝星,2018-04-27 09:10:38,,万物的灵长屈从于肉欲的折磨和渴望，人是不能受苦的,P
0,杨三疯,2014-10-24 16:06:36,,看了感觉似曾相识，原来是《牧马人》的原著。原来看过他的《绿化树》现在可以在看看了。,P
0,半山煮酒,2019-06-17 23:11:16,,劳动能改造人？,P
0,蜂蜜人参,2019-03-05 16:10:02,,《灵与肉》和《我与父辈》（仅提到来村知青）就是知青写知青的故事和农民写知青的故事,P
0,誓死捍卫刘ber,2016-11-18 16:55:14,,感动之余，喜欢秀芝,P
0,K,2020-03-02 19:00:51,,田园牧歌,P
0,活着,2020-03-05 23:36:09,,是这几天读过的“伤痕文学”里感情最为真挚的一篇，电影式的人物与剧情安排，值得一看。,P
0,青草菠萝,2020-02-25 19:08:46,,任何理性上的认识，如果没有感性作为基础，就全部是空洞的。,P
0,黑宝石,2020-02-17 14:36:57,,没错，这是伤痕文学，但是豆瓣的评论真是何不食肉糜，根本不了解那个时代。饭都吃不起，还恋爱自由，天天吃地瓜还能想着那事儿，真是有意思。,P
0,阿然,2016-03-12 19:54:36,,读书笔记,P
0,小青龙,2018-03-11 05:09:00,,牧马人 灵与肉,P
0,狗命要紧,2017-03-17 10:22:18,,读张贤亮的书，一直在质疑，这真的是上层知识分子在面对下层劳动阶级的状态么？,P
0,北河,2019-01-15 21:49:20,,《灵与肉》直达链接🔗电影《牧马人》,P
1,芭芭鲁,2019-12-22 11:18:24,,物化女性的部分，感觉跟贾平凹的《废都》有的一拼，女人都是男人的附庸品？,P
0,外星人安怡,2021-11-08 22:45:09,,看了于小伟的《灵与肉》，很喜欢，决定买来书看一看,P
0,一叶扁舟子,2022-10-13 02:22:22,广西,在我这里，值得满分。,P
0,蒂安,2023-01-17 18:05:30,广东,许灵钧与秀芝的爱情是时代促成，但俩人也都没法阻挡，那一辈的人都是这么来的。这本夹叙夹议，语言挺细致的。虽然能够理解许的遭际，也很典型的时代受难形象，与父亲环境有隔阂。,P
0,转角的疯子,2015-11-16 11:49:05,,苦涩的感情，温暖的语调，静静倾听诉说,P
0,没有感情的机器,2020-02-17 17:27:43,,因为看了电影，所以读的,P
0,🌹,2018-06-28 18:05:24,,非常好的书 值得细细品味,P
0,葡萄冻多多🍇,2020-12-02 00:10:06,,文章内容远比上文题,P
0,v-v,2019-04-21 20:15:28,,大自然固然有抚慰人心的的力量，但是真正经历过那段时间的痛苦并不是那么容易淡忘的吧？更像是一种强行的淡忘，别无选择的享受，最后已经丧失了适应城市生活的能力还自以为找到了真正的追求。自然固然是好的，这个偏僻的传统社会固然有传统社会的诗情画意，纯朴、简单、单纯美好，但是现代化的潮流是不可避免的。灵均所能原谅的一切和尝到的美好，不过是因为他的各种巧合似的幸运，从文革的巧妙逃避到荒谬婚姻的缘分契合，痛苦本身就比处于漩涡中间的人少，整篇文章过于集中于对浩劫时期美好事物的描写，所反映的反而有些非主流，一定程度上丧失了知识分子所需要的主体身份和个体批判意思。,P
0,Aaaaann,2020-12-11 19:56:47,,劳动光荣,P
0,豆友226443502,2020-11-24 14:09:21,,这本书内容朴实，年代感很强，没有轰轰烈烈的爱情，人与人之间的情感细腻简单却又深沉，确实是了解那个时代的一把要的。,P
0,nayo,2021-03-17 18:45:13,,真挚，动人,P
0,果然是渣渣,2021-01-12 23:57:30,,文革时代的故事。,P
0,驭龙,2018-02-03 21:58:45,,刚看完《灵与肉》，对比于之前看的《月亮与六便士》，这本书才是诠释了理想与现实，或许伤痕文学意不在此，没有文化差异更容易理解,P
0,一只可爱,2018-09-12 23:49:07,,啥也不说了我跟着全家看完了全集,P
0,灵活的金鱼,2020-04-20 20:10:45,,对我来说可读性不强，也算了解了一下时代的烙印,P
0,沧桑幼稚,2019-03-30 15:00:34,,一个人其实是那时所有人的缩影，关于文革，前有陆犯焉识，这类文学带给我感受都是震撼心灵的，一个人，一群人是怎么在那个年代生存下来的，这是振聋发聩的声音了,P
0,IYiRannnn,2020-03-16 19:52:10,,灵与肉二字直接联想到莎菲的矛盾心理，倒是给我们多种想象。“唯其痛苦，幸福才显出它的价值”,P
0,谁的心不曾柔软,2019-12-23 12:52:36,,我不知道为什么那么多人说小说的男主自私，易地而处，不知道多少人还不如他呢！人在极端的环境下，是难以用在平和安全的时代的想法去评价的,P
0,逃走的鹅,2020-04-08 13:09:52,,我的论文 一坨屎,P
0,GH,2017-10-18 14:57:46,,开始读的时候感觉意识形态色彩好重，强调劳动人民最光荣反对资本主义老爸什么的；慢慢意识到其实不是这样，而是所谓的伤痕文学，主人公被不断抛弃，在变幻无常的意识形态中寻找精神归宿，最终被劳动和自然的力量打动。描写很棒，广袤而生机勃勃的大自然，凭借一滴一滴的汗水生存的人们，很踏实很感动。,P
0,与影同行,2025-07-04 11:02:13,陕西,说实在的，还没有电影《牧马人》给人印象深刻。,P
0,蹦恰恰。,2018-01-16 08:42:37,,《牧马人》过来的。,N
0,wq,2019-11-28 23:46:41,,灵与肉，就是理想与现实,N
0,玛格丽特小草莓,2013-03-04 20:31:53,,时代感好浓厚,N
0,灯火青荧,2019-12-01 00:00:32,,读了前两篇，唉,N
0,废话运动员,2020-12-28 09:33:33,,读了第一篇，不太喜欢，人物塑造比较单薄，和绿化树以及男人的一半是女人相比，主题塑造也不够深刻，不过女性形象倒是一如既往模糊且沦为背影。,N
0,司马辽,2017-12-18 13:46:57,,怎么看待这本书的价值观，以及作者本人的价值观，作者保持住初心了吗？后来社会发生的变化证明了什么？作者是有意欺骗吗？还是后来作者思想有变化了呢,N
0,wswr,2021-11-24 19:25:48,,经历了那么多的农民一个 却放弃资本家生活,N
0,豆友hWoeFsOjS0,2023-08-04 19:03:19,上海,了解一下情况,N
0,A罗,2017-12-07 04:05:13,,牧马人,N
0,你應愛李英愛,2010-03-14 12:38:51,,伤痕文学,F
0,Altynbekova,2009-02-01 17:02:46,,改编成《牧马人》,F
0,小王子,2014-10-27 22:00:53,,http://weibo.com/p/1001603759722762246668,F
0,Amy,2020-04-03 22:07:51,,《土牢情话》、《灵与肉》。,F
0,阿舟,2012-12-23 20:58:59,,读过灵与肉，大爱许灵钧和秀芝,F
0,Énora,2021-11-06 19:39:23,,身体叙事 性解放,F
0,要去申城了,2024-03-21 10:54:27,山东,《牧马人》。,F
0,。,2022-05-25 22:43:00,,作业,F
0,阿俊,2023-12-05 16:43:36,广东,政治的斯德哥尔摩综合征，主体的被迫生成。,F
0,蓝慕柔,2017-04-18 19:17:46,,李师课上。,F
0,但松鼠按兵不动,2019-01-19 20:01:50,,凌子,F
0,狸貓柯尔尼科夫,2019-09-04 18:59:41,,今天臧老师cue我时提到的书,F
0,年过七旬高孝生,2021-06-27 09:50:56,,南京学人书店淘得，待阅读。,F
0,momo,2021-06-17 15:12:57,,邱宏光,F
0,安托万-皮埃罗,2022-07-23 23:59:44,,新时期,F
0,达摩石神X,2010-03-26 13:45:22,,老师的最爱...,F
0,你的福尔魔琦,2021-12-23 18:40:24,,^_^,F
0,Herwin,2022-02-15 14:44:45,,电影《牧马人》的小说原著,F
0,ξ,2022-07-21 11:09:21,,@2018-12-03 11:26:27,F
0,小叶子_,2021-12-20 00:04:03,,伤痕文学我来了！,F
0,我跟我的湖说话,2014-05-13 17:19:35,,感谢爷爷帮我找到了一个老男神=_=可惜爷爷说话不清否则长相上也可以当男神,F
0,半旧,2017-02-20 23:16:25,,单是电影里边的人与人之间那份纯真就够我反思一生😔,F
0,安行,2018-12-26 08:30:17,,想了解,F
0,三三,2022-03-07 19:05:54,,在豫园商城的一家书店里，看到了这本书，背面的封面写着女人的眼泪，具体怎么描述的我竟然忘记了 但当时印象是很深刻。那家书店也很棒，在骑楼上，廊子里展示着周边和书籍，推开小木窗，就能看到豫园内部，有趣的是外面是一个热闹的商城，古朴的建筑，现代的街道和商业，总有些别扭。而里面是传统的苏州园林，别有洞天。,F
0,紫风坡,2017-10-31 23:38:12,,大风歌 资本论 性压抑 知识饥渴,F
0,韩冰释,2011-12-15 13:10:11,,聚餐上，杨总说每本书都难以客观的反应那个年代，书只是他看到的世界，撇不开他的那些经历。我想看的，就是他的世界。,F
0,1213322,2007-11-20 14:35:14,,",",F
0,相见恨早,2022-01-12 07:09:42,,@2019-12-13 06:27:25,F
0,豆友184457097,2018-09-13 00:29:10,,喜欢张贤亮,F
0,开心笑,2011-06-28 23:02:02,,fq,F
0,聪杰,2018-10-14 17:06:06,,看过绿化树，这个也想读读,F
0,Wesmine,2015-07-13 00:51:36,,土牢情话和灵与肉读了，其他四篇短的还没读,F
