点赞数,评论者,评论时间,评论位置,评论内容,评论类型
24,FermeFaon,2019-04-15 22:57:50,,张贤亮的小说几乎都差不多 右派在改造期间邂逅某个朴素又伟大的女人 结局要么幸福生活要么离开 看他父亲的婚姻时也想起好几个作家的婚姻 被包办婚姻的男性会反抗 然而女性根本没有权利反抗 就这样赔进了一生 非常唏嘘,P
6,梦的象牙塔,2017-08-26 15:02:14,,"虽有浓浓的时代烙印，可谁人不是时代的衍生品和弄潮儿？
哪怕被误解，哪颠簸一生，唯有我可以为自己的一生做注解，最了解感受的幸与不幸。
记住了那句话，人活着就是为了寻找信仰的，你找到了，很好。",P
4,縱我不往,2020-12-21 08:16:29,,张贤亮的确是很优秀的作家，乡土和伤痕并重。,P
4,楽萸,2013-12-16 22:52:02,,那篇《临街的窗》真是……,P
1,阿雪,2022-05-26 22:29:04,,张贤亮是高同时代人一截者之一。,P
0,三生万物,2022-09-23 13:46:50,新疆,中国的月亮与六便士,P
0,六月风,2022-04-09 22:58:34,,虽然痛苦，但大部分故事都还是保留了重生的希望。最无力的是《郉老汉和狗的故事》。不喜欢《灵与肉》，原来电影《牧马人》是拍的这个故事。《无法苏醒》放在今天仍具有警醒意义，那就是“如今社会的空气和氛围”。,P
0,D-90,2024-01-31 18:57:45,宁夏,乡土文学和伤痕文学的完美结合,P
0,无事不知小神仙,2024-03-03 12:54:48,宁夏,张贤亮，那段伤痕文学的算不上突出，也算不上平庸的一个代表,P
0,悦宇书屋,2024-02-24 21:56:00,云南,2024（13）548。读罢总感觉缺点意思，也许是WG余惧造就了性格，反映在文笔上也噤若寒蝉，想说不敢说，个别段落和用语感觉幼稚甚至不知所云，莫非就是阉割版，或经过编辑部的左删右改，文笔叙事总想着或不知不觉往“圆满”上靠。读来不但不过瘾，时代对一个作家造成的负面影响甚是可惜，但总体来看，散发出来的时代沉重气质发人深思。,P
0,G.,2024-03-07 21:59:52,北京,只看了牧马人原作那章，结构对仗工整，但作者这个政治经济学有点让人不敢恭维，说穿了就是背后的ysxt有点偏门。许灵均拒绝他爸，不是拒绝西方，而是拒绝八十年代现代化的zg，同时他也害怕之前的那个zuo，因而小说一直讴歌的就是劳动人民的朴素追求与情感——对土地的、对他人的田园牧歌式感情，但这在历史趋势里是不可能的……因此出现了一个微妙的结果：许灵均的过往会触及对特定历史的批判，但他本身又被那个时代“改造”成功，这一骑墙做派，实际上是唯美主义者的zz立场。,P
0,二支人,2024-01-19 19:38:34,浙江,"1/19 晚
他在土堆的斜坡上躺下，仰望天空，雪白的和银白的云朵像人生一样变化无穷。风擦过草尖，擦过沼泽的水面吹来，带着清新的湿润，带着马汗的气味，带着大自然的呼吸，从头到脚摩挲遍他全身，给了他一种极其亲切的抚慰。他伸开手臂，把头偏向胳肢窝，他能闻到自己的汗味，能闻到自己生命的气息和大自然的气息混在一起。这种心悦神怡的感觉是非常美妙的。它能引起他无边的遐想，认为自己已经融化在旷野的风中；到处都有他，而他却又失去了自己的独特性。",P
0,野笃,2023-09-05 21:31:02,山东,没什么细腻的叙事也很幼稚，但是年轻有生气的语言让我有些感动，，,P
0,Kleeblatt,2022-08-25 22:04:39,河北,前三篇较为平淡，中间四篇十分精彩，这其中尤其最爱那篇初吻，巧妙的把个体与时代相结合，尤其对那句“只有大人不打仗了，我才能回来”印象深刻，最后两篇是嬉笑怒骂皆文章。张贤亮这辈子算是彻底活明白了。,P
0,青,2022-09-01 10:20:58,陕西,一篇篇读下来 大为震动,P
0,tony008,2022-08-05 16:34:43,,牧马人的原著,P
1,今晚的康桥,2022-06-13 13:00:26,,《灵与肉》用我现在的观点来看，出走多年的父亲，突然回来要说接自己出国，我会选择出去。但是回到许灵均身上，他先是被划为右派，在农场获得了新生，他的问题得到改正，不再是“右派”新生活也随即开始。我能感受到的是这本书的倾向很明显。,P
0,沐澜,2022-06-21 02:25:38,,劳动者的情感,P
0,校书郎,2023-07-31 10:26:54,四川,满纸荒唐言，一把辛酸泪。,P
0,W,2023-07-27 13:52:07,四川,满纸荒唐言，一把辛酸泪。,P
0,二手理想,2023-05-27 10:45:22,上海,邢老汉😭😭😭,P
0,九铭书记,2023-11-08 15:41:51,北京,坚定的不是信仰，是对劳动和这片土地质朴的乡情。灵均是高尚的，他留下来建设这片土地。让这片土地脱离以物易物的原始交易，也能自己变得洋气。,P
0,momo,2023-05-01 01:23:02,广东,先看的电影，不得不说拍得真好啊，有些场景即便是只看到文字便能勾连起当时影片的画面。,P
2,雨夜闲潭梦落花,2023-04-25 08:50:02,吉林,浓浓的时代烙印。我想一个人的一生只有短短的几十年，那代人却要在二三十年内容纳那么多变故的存在，这在人类历史上都是少有的。一个时代过去了，在人们的心底留下一片废墟。在当下我们看待这段历史或许仍然感到窒息，光愤怒不解决问题，希望还有反思。,P
0,三风,2018-06-17 22:39:24,,所谓伤痕，关乎人性。,P
0,公子陆,2015-04-16 21:44:32,,当当,P
0,Mar🌈,2018-01-21 17:20:40,,短篇都挺好看的 看来20~50年代出生的不同人对文化大革命各种看法啊 都用文字文章小说来表达了,P
0,诗文,2018-10-14 19:19:13,,作者真是才华横溢看前半部分以为作者是写实派，后半部分就成了荒诞派了，牛人也，不过最后一篇看不进去了,P
0,音无结弦,2018-08-20 11:34:14,,不如剧本好,P
0,Still River,2024-04-11 14:46:50,美国,#24Spring 简直是gaslighting 。搭配 谢晋 《牧马人》。只能算主旋律之下的庸俗作品，却反映出时代需要怎样的声音。暑假争取翻译成英文，有机会发表在文学期刊。,P
0,海上钢琴师,2024-05-21 19:38:47,山东,牧马人电影的原著，那时的人比较纯粹，不像现在物欲横流,P
0,Listen,2022-04-25 20:38:24,,坚定积极乐观明朗，生活需要许灵均这样的精神！,P
0,505badgateway,2017-08-11 16:55:52,,最后两篇是什么鬼,P
0,晶莹如紫,2014-10-15 13:13:06,,地铁上读完这本书，说实在的不如那本我的菩提树。喜欢《肖尔布拉克》或者想家了。仿佛回到了父辈的年代。觉得还是写人与人的情感比较好，最近喜欢看有关人性的书,P
1,Amberaleee,2023-11-08 09:33:14,广东,看完了《灵与肉》这一篇，喜欢描写草原落雨和马儿的部分，还有沙枣和白杨这些典型的西北物候，读来有一种阻挡不住的生命力。,P
1,八重樱,2015-07-11 00:59:40,,不得不说，张微爷爷是贵专业为数不多品位高的人，推荐的作家太有分量。,P
0,wing,2022-10-23 21:27:45,江苏,多个短篇一路读过来，因绿化树珠玉在前，很难再找到那种激荡人心的感觉。,P
0,momo,2022-04-09 16:30:01,,“劳动是高贵的；只有劳动的报酬才能使人得到愉快的享受；由剥削或依赖得来的钱财是一种耻辱！”,P
0,小雨无晴,2018-07-10 18:34:49,,2018年7月10日读完。,P
0,Hista,2023-07-23 23:25:53,江苏,只读了《灵与肉》 电影《牧马人》给满分,P
0,书梨梨,2022-12-18 20:28:23,重庆,《灵与肉》《邢老汉与狗的故事》,P
0,嬉戏,2023-11-01 16:54:03,浙江,这是我看过最好看的短篇小说集，全部故事都驶过了那几个荒唐的时段，书中善良的人是如此可爱，或许是家国一体观念的深入人心吧，中国人无疑是具有强大的包容力且健忘的，面对这样的境况还能保持人性中那微茫的善，实在是太难得了，当然少部分人发扬了荒唐体制带来的恶，给人民带去了更大的伤痛，自己待风头过去后又依然能高枕无忧。我相信体制之恶终将结束，中国人终将拥有自由！,P
0,小叶子_,2022-04-26 13:06:05,,喜欢极了,P
0,温暖,2016-03-12 18:09:39,,不写伤痕文学的张贤亮就失去了魂。,P
0,真色浸朝红,2018-12-26 09:31:27,,就邢老汉与狗那篇比较好。,P
1,梦得三白,2020-03-07 11:17:15,,真的那个年代太恐怖了,P
0,丹丹,2022-12-06 22:02:50,云南,精神或物质，资本或社会,P
0,Linya,2024-09-14 18:37:50,天津,许灵钧内心的深广和稳定,P
0,我是小梅,2022-08-18 21:41:46,,特殊年代的特殊产物，价值观颠覆性撕裂又缝合的重塑。,P
1,I AM HERE,2022-11-01 22:45:40,广东,许灵均身上没有灵与肉分裂所产生的那种悲剧性，他的灵与肉在苦难和劳动中融为一体。从苦难和劳动中得到救赎，这是张贤亮为他们那一批知识分子写的神话。另外，秀芝这个角色太完美了，美的不真实，这似乎是中国文人们的传统（比如西厢记和琵琶记），电影中秀芝扮演者摄人心魄的美更是加重了这种虚幻感（小说中秀芝外貌实际并不好看，是真正的“黄毛丫头”）。另外，电影名场面“老许你要老婆不要”原文是“老右你要老婆不要”。,P
0,旧巷子里的猫,2022-10-06 23:35:46,宁夏,"有时候我想，人的肉体是相似的，由同样的物质组成，服从着同样的生物学法则，唯有灵魂的不同才造成了人与人之间的巨大差异。有时候我又想，灵魂是神在肉体中的栖居，不管人的肉体在肤色和外貌上怎样千差万别，那栖居于其中的必定是同一个神。 
肉体会患病，会残疾，会衰老，对此我感觉到的不仅是悲哀，更是屈辱，以至于会相信这样一种说法：肉体不是灵魂的好的居所，灵魂离开肉体也许真的是解脱。
肉体终有一死。灵魂会不会死呢？这永远是一个谜。既然我们不知道灵魂的来源，我们也就不可能知道它的去向。
或许，灵魂与肉体合一，才是真正的爱情吧。",P
0,长颈鹿小姐-668,2023-01-22 12:04:54,陕西,哇哈,P
0,pingqaqa,2017-07-08 12:14:08,,纠结…反思…痛苦…,P
1,风雪故人来,2018-04-30 18:46:28,,文字内敛，情感表细腻，一字一句，颇为用心啊,P
0,驭龙,2021-06-20 23:17:12,,个人感觉肖尔布拉克最好，临街的窗最一般，其他都在水平之上，窥探当时的社会,P
0,清风慕竹,2020-10-22 14:58:26,,非常典型的伤痕文学，看过之后，不是经过那个年代的人，大概是体会不到那种悲哀的无力感吧。,P
0,soitgoes,2022-05-03 19:21:21,,纪实：朴实的悲哀 朴实的温情,P
0,hoho,2014-12-07 21:56:13,,短篇中很多都是发生文革时期背景下，那个时代的人，文革在他们身下留下的是烙印般的深刻。,P
0,Feir,2017-08-08 09:39:59,,人总是在追求自己的幻想，再跨过一步，需要莫大的勇气。名篇灵与肉倒没那么喜欢，总觉得不那么真实。临街的窗和无法苏醒两篇，会想到余华的第七天，有点无趣。,P
0,今天也要吃饭,2022-05-11 22:02:11,,"对短篇《灵与肉》的读后感
能清晰感受到文章的主题:对大自然的眷恋及对一味追求物质享受者的批评，对劳动生活和农村劳动人民的赞颂，以及一种人生体悟——平凡的幸福（挨过悠长的苦难后对简单生活的满足）。文中塑造了的农村劳动者是淳朴善良单纯的，带有理想化色彩，自然中的一切也都是美的，许灵均的妻子秀芝便是典型的一例，就像文中所描述的那温柔的冰棍叫卖声，是一种“朴拙得近乎原始的幸福”。标题叫“灵与肉”，灵代表着农村质朴但充实的生活，精神世界富足；肉代表着以许灵均父亲为代表的城市享乐主义者，追求名利金钱，在五彩的虹霓灯下迷醉。",P
0,tenten,2023-08-20 21:34:14,江西,只读了《灵与肉》。从身体的修复到心灵的修复，再到主体性的修复（建构知识分子主体性的一部分），最后到对苦难的修复（对“苦难”价值的歌颂）。,P
0,大盗阿里,2022-05-27 14:45:27,,读完土牢情话，内心挺压抑，又把第一章重新读了一遍。现实中应该有很残酷更遗憾的故事发生，不是时代的问题，是坏人利用了时代的漏洞肆意犯罪。,P
0,你也喜欢小狗吗,2022-04-22 13:57:28,,她一面拍着清清，一面用西北人的口音轻轻唱道：“冰——棍！冰——棍！”那样单调的、悠远的而又如梦幻般甜蜜的歌声，不仅把清清引入梦想，也使在一旁看的他感受到一种朴拙得接近于原始的美。,P
0,丸几的圈圈,2024-04-11 09:47:35,浙江,所有的故事，同一条历史线段，或者故事线之间会有相交处，但仅有历史这条线平稳的延续不断，时至今日。,P
0,仁者乐读,2022-04-26 16:11:26,,所谓勇气，不是优雅的面对死亡，而是勇敢的面对生活。,P
0,rz今天阅读了吗,2022-04-22 15:36:24,,理性固然重要，但是感性不可偏废。作为反思文学的代表作，不仅仅再现苦难，而是积极寻求超越苦难。人物很可爱。,P
0,张繇,2023-01-23 10:49:52,广东,“任何理性的认识没有感性做基础就全部是空洞的。”,P
0,抗世违世情,2019-08-02 11:56:58,,2015-03-31,P
0,固执,2022-01-18 22:47:48,,每一个故事的结局都很温馨，可能是作家最后也收获到了幸福吧。,N
0,62,2023-10-08 14:56:56,上海,到底是时代辜负了时代,N
0,余同,2022-05-24 23:53:45,,真柔顺的文字描写啊，故事居然是前段时间抖音上面火的老电影片段，老许，你要老婆不要？,N
0,Patrick,2020-02-15 23:41:56,,牧马人,N
0,痛饮狂歌,2023-04-29 16:59:54,上海,一本书一座城推荐,F
0,伊南,2024-05-12 12:32:04,黑龙江,98年伦敦广告招牌:“中国的米兰·昆德拉”啊哈哈哈?,F
0,派木树木推龟,2024-08-14 04:31:37,德国,《牧马人》原著,F
0,云舒,2024-08-22 21:56:56,吉林,灵与肉已读完，我给满分，美好，人性光辉,F
0,旧信仰,2023-07-08 18:20:18,湖南,标题像是我料想的那个出自,F
0,peng,2025-01-20 10:43:07,北京,25.01.18 年会上听到,F
0,发愤图强,2024-10-17 15:32:33,广东,1,F
0,相见恨早,2022-01-12 10:59:32,,@2021-07-26 05:38:10,F
0,歪叔很強勢🦖🎐,2022-05-05 02:35:23,,看过电视剧，想看书籍📚……书籍带给我的感受我觉得更真切,F
0,公子兰,2020-02-06 10:21:26,,喜欢,F
0,豆友O4zXafWEeQ,2024-10-01 16:50:12,安徽,想读灵与肉,F
0,豆友LKmaayWLp8,2024-06-22 10:30:00,浙江,回顾精典,F
