question_id,comment_id,reply_comment_id,reply_root_comment_id,content,created_time,like_count,child_comment_count
516428687,10394334140,0,10394334140,看着问题下面的答主们明明对伤痕文学一窍不通却又义正辞严批判“知识分子”的样子实在是让人绷不住[飙泪笑][惊喜][大笑],2022-12-25 10:12:11,80,1
516428687,10396055029,10394334140,10394334140,<p>看你这种说了一堆没有任何信息含量废话的更是让我忍不住</p>,2022-12-26 13:35:21,75,0
516428687,10398158509,0,10398158509,因为伤痕文学美化太严重了，应该看纪实文学。,2022-12-28 18:28:36,66,2
516428687,10494924337,10398158509,10398158509,还需要看纪实文学？记得一作给老板留着。,2023-03-09 03:35:24,0,0
516428687,10571467097,10398158509,10398158509,这边建议直接看现实生活[大笑],2023-05-28 17:55:03,2,0
516428687,10412184754,0,10412184754,<p>只看过为数不多的伤痕文学/影视作品，所谓的伤痕，感觉不像是肉体被摧残后的留下的罪证，倒像是阶层的优越感（自我认知）被摧毁后留下的类似屈辱感和耿耿于怀吧...</p>,2023-01-12 09:21:39,27,1
516428687,10431079384,10412184754,10412184754,<p>肉体的伤痕容易治愈，心灵的伤痕经久难消</p>,2023-01-31 21:07:33,0,0
516428687,10399769039,0,10399769039,我也是十四亿分之一，我怎么没有伤痕呢？,2022-12-30 09:48:40,10,0
516428687,10401099699,0,10401099699,因为它们失去了人性！,2022-12-31 22:53:49,8,1
516428687,10411609454,10401099699,10401099699,失去了脑子，失去一切,2023-01-11 17:17:28,3,0
516428687,10400753360,0,10400753360,<p>说真的……就这个问题描述中表现出来的样子，题主还是先花上几年，去阅读、学习、思考，然后咱们再来说讨论文学的事情，好吗</p>,2023-01-01 03:02:59,7,1
516428687,10427218684,10400753360,10400753360,我当年看完几本伤痕文学的代表人都抑郁了……代入自己在那个环境下恐怕也是伤痕累累……,2023-01-28 09:21:27,0,0
516428687,10411916577,0,10411916577,也不是都骂，有一本很著名的伤痕文学在知乎天天夸呢。<br>那就是三体。,2023-01-11 12:38:57,6,2
516428687,10437955954,10411916577,10411916577,<p>你真的看过三体？[惊喜][惊喜][惊喜]</p>,2023-02-07 13:46:10,11,0
516428687,10852750065,10437955954,10411916577,我看过，没错，可以算是,2024-04-14 06:54:13,0,0
516428687,10415586305,0,10415586305,<p>因为伤痕文学的制造和信奉者们不是搞不清楚真正导致自己挨饿受穷的根源在哪，就是忘恩负义、不知好歹、不懂历史</p>,2023-01-15 00:21:28,5,1
516428687,10579101450,10415586305,10415586305,搞不清楚？还是不让搞？搞清楚了能发出来吗？[捂脸],2023-06-05 11:20:04,5,0
516428687,10400127166,0,10400127166,<p> 世界是波动的。文学也是。当一种东西蔚然成风的时候，就是它开始退流行的时候。如果这股风气夹杂了很多虚伪矫造的人和情感，那它退场的方式就会很消极。</p>,2022-12-30 14:42:57,3,0
516428687,10404049759,0,10404049759,莫言都成了伤痕文学了[捂脸],2023-01-04 13:41:42,4,0
516428687,10528354387,0,10528354387,有没有可能中国有好多农民，这些农民也有孩子上了大学,2023-04-12 10:55:04,4,0
516428687,10399465349,0,10399465349,<p>更正一下：是题材不是体裁。当时伤痕文学有小说、诗歌、电影，这才叫体裁。这也是高中生应该掌握的最基本的文学常识。</p>,2022-12-30 16:28:56,2,0
516428687,10609762204,0,10609762204,我的天。好歹看过伤痕文学定义再来答题吧。。,2023-07-06 09:05:01,2,0
516428687,10510480240,0,10510480240,这个问题下的许多回答充分说明很多人并不清楚他们抨击、嘲讽的对象到底是哪些人，哪些是亲建制的，哪些是反建制的。<br>许多“断言”更是让人心生疑惑:这些“断言”的对象全都是如此睿智么？他们的成分如此简单？<br>事实显然不是，厌恶一个事物有很多理由，有些答主只是拉出厌恶某件事物的所有人群中最睿智、最不可能进行足够有力的反驳的群体，然后对着他们大批特批，宣告自己的高尚、人性光辉、必然正确与无可辩驳的真理性，事实上回避了严肃的讨论。,2023-03-24 20:40:35,3,0
516428687,10602173927,0,10602173927,<p>我求求有些人把伤痕文学的定义搞清楚再来说可以吗？好多小说根本就不是伤痕文学，就乱往上凑，这真的好吗？[流泪]</p><p>你要批评A，可以，没不让你批评，但你得就A做的事作出批评，而不是把B和C做的事骂了一遍，然后说，A真不是个好东西，别有用心！然后人家问你，这真的是A做的吗？你说：我感觉就是他，一听就是他干的！这……[思考]</p>,2023-06-27 21:26:22,3,0
516428687,10393950630,0,10393950630,可能，我只是说可能…,2022-12-23 22:30:08,1,0
516428687,10394446406,0,10394446406,不能娱乐,2022-12-24 23:10:59,1,0
516428687,10432995598,0,10432995598,<p>讨厌无病呻吟，讨厌拿造谣不合逻辑的事情大书特书。</p>,2023-02-02 09:05:52,2,0
516428687,10438552339,0,10438552339,简单说一句叶文洁的经历写成小说也算伤痕文学[捂脸],2023-02-07 17:51:09,2,0
516428687,10427247434,0,10427247434,<p>因为都是添油加醋编的故事，没出息。</p>,2023-01-28 11:13:13,1,0
516428687,10556998514,0,10556998514,建议直接看美食家的狠火[飙泪笑],2023-05-13 19:57:57,1,0
516428687,10570368753,0,10570368753,<p>因为写出来的风格就是小家子气</p>,2023-05-26 18:24:30,0,0
516428687,10559779020,0,10559779020,<p>我想起以前看央视版《笑傲江湖》里面，岳不群在五岳会盟打赢左冷禅后和宁中则的对话里面有一句“江湖血雨腥风，吹打的了别人，就吹打不了他令狐冲”。小知们有令狐冲的傲气，却没有傲骨，更没有令狐冲的本事。去看看真实的世界，挺好的[大笑]</p>,2023-05-16 10:51:28,0,0
516428687,10410805042,0,10410805042,<p>历史悠久的好处就在这，人人都可以以史观今。<br>什么伤痕文学，直白点说吧，不就是清朝实行官神一体当差一体纳粮后的文人嚼舌根，叫士子乡绅当差纳粮，自然就得罪了它们，自然就要被编排。 把当差纳粮换成与农民一起劳动，这就是伤痕，编排成册就成了“文学”，一堆情绪化的垃圾罢了。 </p>,2023-01-10 22:16:08,24,0
516428687,10523742954,0,10523742954,高华天天逼逼和伤痕文学一样一样的,2023-04-08 07:54:29,2,0
516428687,10760614383,0,10760614383,21世纪都第3个10年了，还拿上世纪80年代流行的东西反复的炒，不招人烦才怪,2023-12-26 11:01:54,2,0
516428687,10398239322,0,10398239322,<p>借用别人的老答案。“伤痕文学太矫揉造作，建议直接看纪实文学。”</p>,2022-12-28 16:07:06,30,0
516428687,10857390854,0,10857390854,<p>可能主要是写得不好看，事情没啥了不起，唧唧歪歪一长篇</p>,2024-04-19 09:06:41,0,0
516428687,10844502899,0,10844502899,十有八九是苦肉计,2024-04-04 18:13:55,0,0
516428687,10801218479,0,10801218479,<p>大部分人连伤痕文学具体有哪些都说不上来，全无讨论价值</p>,2024-02-13 16:38:16,0,0
516428687,10767774190,0,10767774190,不憎恨，只是觉得看这种文章，挺浪费情绪的。,2024-01-04 00:22:52,0,0
516428687,10737720217,0,10737720217,因为人太多了，他们什么都憎恨，不只是伤痕文学,2023-11-26 17:44:07,0,0
516428687,10611044679,0,10611044679,那时的你，只不过失掉了一条腿。紫菱呢？她没了半条命！更不用说，她为你割舍掉的爱情。,2023-07-07 10:30:03,0,0
516428687,10581693030,0,10581693030,<p>嗬！几年前拿着《亮剑》给李云龙哭坟的时候可是另一幅光景。</p>,2023-06-08 01:56:50,0,0
516428687,10573522714,0,10573522714,<p>多而生厌，当然不止伤痛文学</p>,2023-05-30 09:25:09,0,0
516428687,10532378204,0,10532378204,<p>建议请教 @唐国明 老师[滑稽]</p>,2023-04-16 21:46:47,0,0
516428687,10505097157,0,10505097157,<p>因为但凡是理解中华文明中“不因人废言”背后逻辑的人，都说不出“我想知道他们什么出身、什么成分、什么社会地位”这种话。</p>,2023-03-20 00:40:22,0,0
516428687,10498355056,0,10498355056,<p>你的引用就是事实就是答案而不是黑</p>,2023-03-12 11:27:11,0,0
516428687,10497684194,0,10497684194,建议纪实,2023-03-11 23:40:09,0,0
516428687,10447329896,0,10447329896,<p>没兴趣，单纯就不好看</p>,2023-02-16 10:41:39,0,0
516428687,10433442211,0,10433442211,憎恨谈不上  就是不感兴趣  不在乎,2023-02-02 15:52:53,0,0
516428687,11040793302,0,11040793302,<p>哭哭啼啼，没有出息！</p>,2024-11-14 11:19:31,0,0
516428687,10765076435,0,10765076435,泥腿子后人能上网打字了呗,2023-12-31 16:14:28,0,0
