question_id,comment_id,reply_comment_id,reply_root_comment_id,content,created_time,like_count,child_comment_count
52685561,10384787496,0,10384787496,你可以没良知，不可以没大脑。,2022-12-15 11:30:15,47,0
52685561,10505514870,0,10505514870,粉红心善，见不得伤痕,2023-03-20 12:08:14,13,0
52685561,10384740110,0,10384740110,<p>真想把提出这个问题的人强制穿越回那三年的河南信阳</p>,2022-12-14 21:23:46,12,0
52685561,10293630419,0,10293630419,什么叫做消极影响？,2022-09-21 15:54:55,3,0
52685561,10384044015,0,10384044015,<p>积极的话，多看新闻联播</p>,2022-12-14 18:54:06,4,0
52685561,10235831254,0,10235831254,<p>余华的书不算是伤痕文学吧，一般说伤痕文学是指梁晓声那种以亲身经历为基础描写那段时间青春荒废爱情幻灭为表象内核是理想主义破灭的半纪实小说。不是描写过那段时间的都是伤痕文学，读书要读的进去走的出来，很难想象95后的对那段时间的事产生书中人物心理一样的共情，苦难、幻灭、痛苦、凄凉、彷徨、人性之恶之类很多文学都有描述，如果提问者只是独为余华的作品产生如此情绪，那还是读的书太少，更关键的是生活太封闭，还是多出去走走和人交流。</p>,2022-08-01 21:59:31,3,0
52685561,10660193732,0,10660193732,伤痕文学不行，太tm假了<br>和伤痕文学同时代流行的另一个类型，叫纪实文学<br>青少年看那个好看，合适[doge][doge][doge],2023-08-25 12:00:49,1,0
52685561,10259529794,0,10259529794,<p>我不觉得现在会有多少青少年读伤痕文学</p>,2022-08-21 12:51:52,1,0
52685561,10384851209,0,10384851209,<p>[惊喜]说明青少年还是有人性的。</p>,2022-12-15 10:30:53,2,0
52685561,10862382461,0,10862382461,"<p><a class=""member_mention"" href=""http://www.zhihu.com/people/feec7521b056ad35d5ac9afc211c2baf"" data-hash=""feec7521b056ad35d5ac9afc211c2baf"" data-hovercard=""p$b$feec7521b056ad35d5ac9afc211c2baf"">@第七页纸</a> </p>",2024-04-25 15:42:58,1,1
52685561,10862706503,10862382461,10862382461,已添加,2024-04-25 18:11:49,0,0
52685561,10235536703,0,10235536703,<p>先界定清楚啥叫伤痕文学吧。还有，在书里遭到暴打，总比你在社会上遭到暴打要好。除非你一辈子看安徒生童话</p>,2022-08-01 20:23:30,29,0
52685561,10708160873,0,10708160873,<p>忘记历史就意味着背叛</p>,2023-10-19 08:17:24,0,0
52685561,10384638143,0,10384638143,这问题底下伪人挺多啊[惊喜],2022-12-15 00:14:41,0,0
52685561,11020753822,0,11020753822,你能不能告诉我你看过哪几篇伤痕文学作品?,2024-10-20 18:06:54,0,0
52685561,11004530151,0,11004530151,<p>有部分所谓的伤痕，只是当地农民的日常罢了~</p>,2024-09-29 14:39:35,0,0
52685561,10970448832,0,10970448832,<p>去城市化去少了</p>,2024-08-22 01:25:28,0,0
52685561,10865651401,0,10865651401,<p>真的猛士，敢于直面惨淡的人生，敢于正视淋漓的鲜血。如果做不到，请把书扔了，你不适合这书，你也不是猛士，没必要折腾自己。你应该寻找自己的快乐人生</p>,2024-04-29 13:36:40,0,0
52685561,11170588927,0,11170588927,<p>伤痕文学不是太过了，是还不够，应该多搞搞纪实文学</p>,2025-05-06 09:35:55,0,0
52685561,10683202794,0,10683202794,那你一定要看看俄国文学，静静的顿河，钢铁是怎么样练成的，跟俄国文学相比，中国的伤痕文学也就图一乐[飙泪笑],2023-09-19 09:20:07,0,0
52685561,10645649482,0,10645649482,<p>你95年的读伤痕文学读的感同身受，你这是和哪代人受呐（大嘘）</p>,2023-08-10 23:45:43,0,0
52685561,10596320675,0,10596320675,<p>多读钢铁是怎样炼成的冲一冲</p>,2023-06-23 07:01:45,0,0
52685561,10440126543,0,10440126543,<p>承认历史承认事实，要教会青少年用脑子思考问题[吃瓜]真不知道有些人到底在害怕什么</p>,2023-02-08 20:57:47,0,0
52685561,11128691398,0,11128691398,想的太多了，青少年没几个回去看伤痕文学，您看的那个大概率是青春伤痛文学,2025-03-11 00:41:30,0,0
52685561,10437195901,0,10437195901,<p>我觉得提问者说的伤痕文学，指的是青春伤痛文学[捂脸]</p>,2023-02-06 10:17:13,0,0
52685561,10388041545,0,10388041545,避实就虚，不得要领。<br>几波人马参与了都不讲，能反思个啥？,2022-12-17 23:26:50,0,0
52685561,11077120797,0,11077120797,<p>“阅读一些伤痕文学作品时，经常感同身受。甚至有厌生的想法”</p><p>你阅读一下就不想活了，有些无脑的人还想恢复成那样，请问你有什么想法？</p>,2024-12-30 22:47:09,0,0
52685561,187659974,0,187659974,题主请补充具体看了哪几篇。,2016-11-21 08:29:38,0,6
52685561,188311757,187659974,187659974,《陆犯焉识》《活着》《兄弟》。<br>主要是最近读了余华的一些作品，给我太大震撼。<br>但是自己却生出一种悲观情绪，认为人性丑恶等等，有点厌世。,2016-11-22 00:00:43,0,0
52685561,10235563445,188311757,187659974,余华这两篇这不算是伤痕文学吧,2022-08-01 18:30:51,6,0
52685561,10237905733,188311757,187659974,看书导致了消极负面的情绪，那么解决办法就是别看，刷D音、玩游戏缓解一下，最近发现韩国人画的一些漫画还挺有意思的[大笑] 没人的时候看看排解一下[doge],2022-08-03 12:37:11,0,0
52685561,10259322443,188311757,187659974,<p>然而余严都不算伤痕文学</p><p>你先百度一下吧</p>,2022-08-21 12:53:01,4,0
52685561,10593796283,188311757,187659974,为这几本书而感伤的话，这情绪并不是白给，emo很正常。如上面一位仁兄说的，这不是伤痕文学，这是文学，正经文学。,2023-06-19 11:08:46,0,0
52685561,10750172958,188311757,187659974,<p>余华写的不是伤痕文学。<br>知道余华被称为先锋派是为啥不？<br>《活着》太温情了，读这些还会厌世？<br>余华成名作是《十八岁出门远行》，以及《现实一种》、《死亡叙述》可以找来读读。这样，你会觉得《活着》是励志小说。（《活着》本来就很励志，余华说，“活着”是汉语中最有力量的词汇之一）<br>人性本来就被认为是复杂的，很多很多作品说人性美；好多好多人骂人性恶。都对。我想，余华写的作品，想向人们传达人性没有那么复杂。人性，就是人性。<br>当然，如果看不了，那就读读其他的。毕竟从小到大语文书上没有什么先锋的文字，只是《十八岁出门远行》发表20多年后被高中教材收录，之后撤下来，又成了有一年高考阅读题。读余华肯定会被震撼，就像读卡夫卡或者马尔克斯一样。</p>,2023-12-12 15:13:39,0,0
52685561,10985479164,0,10985479164,得了，就看本书把你心理怎么怎么，比老保还老保,2024-09-07 08:00:23,0,0
52685561,10238318467,0,10238318467,<p>饶雪漫 的书以前看  左耳  之类的吧</p><p></p>,2022-08-03 11:41:24,0,0
52685561,10238227187,0,10238227187,余华的作品不叫伤痕文学好不，小孩子家家的，该干嘛干嘛,2022-08-03 10:46:50,0,0
52685561,10235625009,0,10235625009,那么如何看待鸡汤文学对年轻人的积极影响？,2022-08-01 20:26:35,0,0
52685561,10235211111,0,10235211111,影响三代人,2022-08-01 18:03:17,0,0
