question_id,comment_id,reply_comment_id,reply_root_comment_id,content,created_time,like_count,child_comment_count
344845648,931850732,0,931850732,<p>因为他们想搞文字狱，把知识分子批斗进牛棚里。</p><p>就像当年批判《海瑞罢官》一样。</p>,2020-05-07 22:57:25,28,3
344845648,1042150505,931850732,931850732,"<p>你说的对</p><a class=""comment_sticker"" href=""https://pic4.zhimg.com/v2-ba306425d0a7aee2c7260381f1bf7b97.gif"" data-width="""" data-height="""">[欢呼]</a>",2020-08-31 19:09:59,3,0
344845648,1042257890,931850732,931850732,"真是太对啦 <a class=""comment_sticker"" href=""https://pic4.zhimg.com/v2-ba306425d0a7aee2c7260381f1bf7b97.gif"" data-sticker-id=""990581350222589952""> [欢呼]</a>",2020-08-31 21:46:33,2,0
344845648,1043469144,931850732,931850732,<p>和一帮人攻击方方一个道理</p>,2020-09-02 12:14:06,2,0
344845648,1041178826,0,1041178826,<p>因为站着说话不腰疼，因为世界上没有感同身受，因为有同理心是一种难能可贵的品质，因为这是一个狂热的时代。</p>,2020-08-30 16:12:21,27,0
344845648,1042060954,0,1042060954,因为舔就完事了，如果有一天，____和大风向开始支持，热爱伤痕文学，他们马上就能摇身一变成为老伤痕文学迷了,2020-08-31 17:12:18,11,0
344845648,1042507827,0,1042507827,大多数反对的人都很明显没读过任何一本伤痕文学,2020-09-01 09:14:29,9,1
344845648,10161297894,1042507827,1042507827,黄金时代算吗？,2022-05-22 16:07:50,0,0
344845648,1042027337,0,1042027337,一群连北岛算不算伤痕文学都闹不清的人罢了。,2020-08-31 16:31:51,4,0
344845648,1042286343,0,1042286343,<p>附注：标题改了<br>原来是【为什么知乎很多人反感伤痕文学？】<br>现在是【为什么知乎很多人反感伤痕文学，而还有一些人不反感？】</p>,2020-08-31 22:24:25,5,0
344845648,1042089621,0,1042089621,什么是伤痕文学？,2020-08-31 17:46:44,3,1
344845648,10507844204,1042089621,1042089621,<p>值得问的问题</p>,2023-03-22 10:42:12,0,0
344845648,1060765709,0,1060765709,大部分人应该是看都不看，何来反感。,2020-09-26 10:04:30,2,0
344845648,10994870822,0,10994870822,<p>明明是痛恨那个黑暗的法西斯时代，对人性的摧残，对科学的摧残，对法制的摧残，居然被轻飘飘说成是诉苦了。我很无语</p>,2024-09-18 11:29:24,2,0
344845648,1042768657,0,1042768657,不是反感不反感，是无感。<br>再说，真以为牛棚就是牛棚啊[惊喜],2020-09-01 14:42:19,6,0
344845648,1042086552,0,1042086552,"<p>问这类问题就能翻盘吗</p><a class=""comment_sticker"" href=""https://pic4.zhimg.com/v2-db92f653a2ec17ea3ff309d6d56e8507.gif"" data-width="""" data-height="""">[吃瓜]</a>",2020-08-31 17:43:03,5,0
344845648,1042553835,0,1042553835,"托姐（肯定是个男的啊，还用说，女号吸粉），还有黑粉头子，那几个，属于底端，在校博士那俩，属于中端，西藏种地那些个，属于高端，都要关注，反面的，漂亮果那些码农，也要关注，现在你不关注正反两面，高中低档次，你搞不清楚状况的，反正是来吃瓜的，一定要吃的清楚，吃的明白，吃的爽<a href=""https://pic4.zhimg.com/v2-db92f653a2ec17ea3ff309d6d56e8507.gif"" class=""comment_sticker"" data-width=""0"" data-height=""0"" data-sticker-id=""980770591112015872"">[吃瓜]</a>",2020-09-01 10:15:03,3,2
344845648,1044202592,1042553835,1042553835,<p>你好，请问西藏种地是指哪个？</p>,2020-09-03 10:40:02,0,0
344845648,4706897035,1044202592,1042553835,好像说的是龙牙吧？[吃瓜],2021-09-15 17:14:01,1,0
344845648,1042517403,0,1042517403,其实反感原因很简单，因为课本里有一些伤痕文学的东西，而某些语文老师本身就崇洋媚外恨国，他们推崇伤痕文学，甚至作协都让芳芳这种人做主席，所以这就是原因。<br>如果大多数人完全没接触过伤痕文学，那就不会有无缘无故的恨。就像八股文，那种完全成为历史的东西谁会去关心？谁会去反思？谁会去同情？,2020-09-01 09:27:52,3,0
344845648,1041251198,0,1041251198,因为平均年龄不够[惊喜],2020-08-30 17:58:11,3,0
344845648,1042288629,0,1042288629,这谁把问题改得不伦不类的,2020-08-31 22:27:24,2,0
344845648,1042279645,0,1042279645,为什么知乎很多人喜欢吃西瓜，而还有一些人不喜欢吃？,2020-08-31 22:15:53,2,0
344845648,1263061874,0,1263061874,<p>绝大多数批伤痕文学“哭哭啼啼”的人，并没有看过几本他口中的伤痕文学，可以理解为为了批而批。伤痕文学表达了什么并不重要，借由批伤痕文学，表现出个人的态度和立场才是目的。</p>,2021-02-19 15:52:02,1,0
344845648,1042886604,0,1042886604,底下这么多回答中提到的伤痕文学，应该跟刘心武、卢新华之流没有什么关系吧。虽然学界对后者的批判确实挺多，但是回答没一个到点子上了。,2020-09-01 17:14:56,1,0
344845648,1042867896,0,1042867896,为什么有人喜欢XX有人讨厌XX这种问题的答案只有一个：个人自由，关你P事。,2020-09-01 16:50:57,1,0
344845648,1042527052,0,1042527052,人类的悲欢并不相通……我还真想看看伤痕文学，有没有写的好的推荐一下？,2020-09-01 09:40:43,1,0
344845648,1042279786,0,1042279786,<p>借机找优越感的、秀zz立场的、吐酸水的……问题下各种XXXX都冒出来了。虽然问题有带节奏的嫌疑，但能引出这些XXXX，我觉得还是很不错。</p><p>直接上标题：《沉渍的泛起》（鲁迅：我说的）<br>结论：键政臭不可闻</p><p>（附：我自己是常看[至少是某一类型的]伤痕文学的人，欣赏也好、沉思也好、反思也好，都不是坏事。但拿它带节奏实在恶心。【公知】已经被糟蹋啦，求放过【伤痕文学】吧。况且，就算再多糟蹋几个，也还是翻不了盘啊不是？）</p>,2020-08-31 22:16:03,1,0
344845648,1042245204,0,1042245204,哭爹喊娘的有啥意思,2020-08-31 21:28:46,1,0
344845648,11191836101,0,11191836101,<p>螃蟹大战</p>,2025-06-01 10:53:44,0,0
344845648,11192134461,0,11192134461,<p>有那么一群人，一边觉得伤痕文学是哭哭啼没有出息，一边自己除夕夜少放一天假就破大防红温。</p>,2025-06-01 16:22:44,0,0
344845648,11245019651,0,11245019651,<p>一边对央视的脱长衫破防<br>一边嘲讽伤痕们受不了苦</p><p>怎么做到的</p>,2025-07-30 12:12:07,0,0
344845648,11190137520,0,11190137520,<p>我确实很反感伤痕文学，因为这种文字的力量太弱了，我们迫切需要的是彻头彻尾的纪实文学，针对一切历史问题放到全民的台面上14亿中华人民共和国的人民来去讨论去决定，往者不可谏，来者犹可追</p>,2025-05-29 14:32:39,0,1
344845648,11192153346,11190137520,11190137520,<p>有的兄弟有的，王小波的黄金时代，余华的活着，闫连科的丁庄梦，都是离开知青主视角的“伤痕”文学</p>,2025-06-01 10:55:54,0,0
344845648,10552556382,0,10552556382,祥林嫂,2023-05-09 09:08:52,0,0
344845648,11209336089,0,11209336089,<p>我可以用铜头皮带抽你，但是你不能喊疼，大概是这个意思[滑稽]</p>,2025-06-21 20:52:20,0,0
344845648,11191490195,0,11191490195,送它们去夹皮沟,2025-05-31 08:46:28,0,0
344845648,4687405490,0,4687405490,两类人占大多数，没头脑和不高兴。没头脑是盲目跟风的，火捧凉踩。不高兴就是不高兴，看啥都不高兴。,2021-08-28 09:45:11,0,0
344845648,11191975763,0,11191975763,只许知乎小年轻哭内卷、哭阶层固化，哭没有红利，哭无法伸手可得，不许前辈哭任何事的。,2025-06-01 09:09:44,0,0
344845648,1042071179,0,1042071179,<p>因为没钱，刚过上好点的日子不能体会这种文学</p>,2020-08-31 17:24:31,0,0
344845648,1041711774,0,1041711774,<p>因为知乎乙烷</p>,2020-08-31 10:17:32,0,0
344845648,1041606838,0,1041606838,最下不及情。,2020-08-31 07:20:24,0,0
